feature,feature_type,mean_abs_shap
fico_score,Structured,0.2631138836658373
term_ 36 months,Structured,0.2086942038540445
annual_inc,Structured,0.19138983127175882
loan_amnt,Structured,0.16877924356053128
num_rev_tl_bal_gt_0,Structured,0.16820438938823504
total_bc_limit,Structured,0.15339922524778454
home_ownership_MORTGAGE,Structured,0.14145937106574868
acc_open_past_24mths,Structured,0.12555330006022217
mths_since_last_record_missing,Structured,0.12258777958058578
purpose_credit_card,Structured,0.119611690080212
inq_last_6mths,Structured,0.11926365220327166
num_actv_rev_tl,Structured,0.10996856377965034
home_ownership_RENT,Structured,0.09239691013484608
avg_cur_bal,Structured,0.08884916214426312
verification_status_Verified,Structured,0.0736197503987386
percent_bc_gt_75,Structured,0.07115500834262473
verification_status_Not Verified,Structured,0.06946817221445455
mths_since_last_delinq_missing,Structured,0.06750066161531018
num_tl_op_past_12m,Structured,0.06727626949162452
pub_rec,Structured,0.06567033592107868
purpose_debt_consolidation,Structured,0.06512444136889586
num_actv_bc_tl,Structured,0.06269904921518019
verification_status_Source Verified,Structured,0.059425264363445966
total_il_high_credit_limit,Structured,0.05684793952005093
bc_open_to_buy,Structured,0.055678395297145966
term_ 60 months,Structured,0.05208839063904755
revol_util,Structured,0.05074182158204904
total_acc,Structured,0.04879887371228345
mo_sin_old_rev_tl_op,Structured,0.04803847743942999
credit_history_months,Structured,0.04729901004152753
tot_cur_bal,Structured,0.04548463150330957
mths_since_recent_bc,Structured,0.042146616133089225
num_bc_tl,Structured,0.039332956656119494
num_rev_accts,Structured,0.03884907436473319
pct_tl_nvr_dlq,Structured,0.03806888651942115
dti,Structured,0.03529075949737688
tot_hi_cred_lim,Structured,0.034966065888978284
home_ownership_OWN,Structured,0.033946471944464034
acc_now_delinq,Structured,0.03284259353948174
num_op_rev_tl,Structured,0.031172132338866915
14,Text,0.02622197073394513
num_bc_sats,Structured,0.025703102917287654
num_il_tl,Structured,0.025671819690684328
delinq_2yrs,Structured,0.02333194425778
open_acc,Structured,0.021368073240445186
mths_since_recent_bc_dlq_missing,Structured,0.02113766404463184
mo_sin_rcnt_rev_tl_op,Structured,0.020096242084373984
revol_bal,Structured,0.019195508146640224
bc_util,Structured,0.01890876939989838
purpose_small_business,Structured,0.01876347183374861
purpose_home_improvement,Structured,0.017889814390009865
tax_liens,Structured,0.01736345395996173
mths_since_last_major_derog,Structured,0.017340369212443127
debt,Text,0.01701474692395069
mths_since_last_delinq,Structured,0.016920924858708702
mths_since_recent_bc_dlq,Structured,0.01666806318639024
bills,Text,0.016492768730526786
credit card,Text,0.015837602054289666
rate,Text,0.014606976888078374
01,Text,0.012817853013009362
tot_coll_amt,Structured,0.012388107762026682
12,Text,0.011920188424983756
num_accts_ever_120_pd,Structured,0.011902355492482676
card,Text,0.011797428374772507
years,Text,0.011551645990125625
emp_length_years,Structured,0.01150392303240898
mths_since_recent_revol_delinq_missing,Structured,0.011227267944572511
need,Text,0.010421285817769336
br borrower,Text,0.009829684174538892
cards,Text,0.009695721481831064
mo_sin_rcnt_tl,Structured,0.009542790782387506
credit,Text,0.00917440996002087
added 02,Text,0.009143806097500836
mths_since_recent_revol_delinq,Structured,0.008816542655813366
added 01,Text,0.0085897810451185
total_bal_ex_mort,Structured,0.00755462979518596
consolidate credit,Text,0.007481199307404546
mths_since_recent_inq_missing,Structured,0.007378740212420342
loan,Text,0.0072114996183275885
purpose_car,Structured,0.007150995184562739
paying,Text,0.007113932091818427
purpose_major_purchase,Structured,0.007048420001643702
purpose_other,Structured,0.006898943631458823
consolidate,Text,0.006624991484384973
02,Text,0.006281320040710192
help,Text,0.0062469092722565655
mo_sin_old_il_acct,Structured,0.006029527248568985
03,Text,0.006025891297548196
want,Text,0.005651799096198847
06,Text,0.005513627156997914
mort_acc,Structured,0.00540108304343026
payments,Text,0.0053380050638256
new,Text,0.005329261440240252
added 12,Text,0.0052270098774537185
mths_since_recent_inq,Structured,0.00514542115538288
added 11,Text,0.0050325327701863515
num_tl_90g_dpd_24m,Structured,0.004715469139965765
rates,Text,0.004577084903020851
business,Text,0.004562927494440934
10,Text,0.00455976138570286
card br,Text,0.004551195426506199
college,Text,0.004531024568443134
07,Text,0.004513169317510558
thank,Text,0.004020389055588921
consolidation br,Text,0.0040167036715366465
furniture,Text,0.004013216225930711
pay credit,Text,0.0040107043955670465
mths_since_last_record,Structured,0.003689198641647454
payment br,Text,0.00356160907599934
added 03,Text,0.003290333373942456
money,Text,0.0032902382063031005
26,Text,0.0032239712325600935
added 07,Text,0.003141307157149559
debt consolidation,Text,0.0031182777580870914
year,Text,0.0030179906254166546
09,Text,0.0030131990415312644
medical,Text,0.0030084348481410604
debt free,Text,0.0030058058660129235
free,Text,0.002998090485133204
num_tl_120dpd_2m,Structured,0.0029967831272256842
medical bills,Text,0.0029621893236195618
11 pay,Text,0.0028038838842315513
refinance,Text,0.0027552908455534607
ve,Text,0.002612754372390443
month,Text,0.002601151188335911
consolidate bills,Text,0.002520836844101784
card debt,Text,0.0025092824183886395
pay bills,Text,0.0024973145003630813
consolidation loan,Text,0.0024387080789153278
job,Text,0.0023909264912514235
payoff,Text,0.002329887928143153
repairs,Text,0.0023118281735533064
currently,Text,0.002213123555178441
04,Text,0.0021884906982486785
bills br,Text,0.0021480745635668657
cards br,Text,0.0021394071040999043
home_ownership_OTHER,Structured,0.002136684812473876
added 06,Text,0.0021098575733179406
use,Text,0.002104174990225006
thank br,Text,0.002075693538186688
purchase,Text,0.00206107108199412
added,Text,0.0020589343756809574
chargeoff_within_12_mths,Structured,0.002023321235641949
used,Text,0.0020097374598292885
payment,Text,0.0019794138667955964
loans,Text,0.0019426872126141078
paid,Text,0.0019392369016067357
12 loan,Text,0.0018847491295607025
home br,Text,0.0018468315844826935
collections_12_mths_ex_med,Structured,0.0018397252855183485
11,Text,0.0018352752053442194
17,Text,0.0018319510746906808
18,Text,0.0018261262254485266
current,Text,0.0018162289004901404
like consolidate,Text,0.0018032448800107952
rid,Text,0.0017899309729723853
good,Text,0.0017888148165315506
plan,Text,0.0017687522699601714
account,Text,0.001762990256064306
improvements,Text,0.0017008369888818612
company,Text,0.0016942167784128029
01 14,Text,0.0016853234724808015
lending,Text,0.0016832535662522697
consolidate debts,Text,0.0016796067252689126
balance,Text,0.0016788787459593557
expenses,Text,0.0016586581113649417
credit cards,Text,0.0016488061646702213
25,Text,0.0016076042693568653
lower monthly,Text,0.0015738499160136469
01 21,Text,0.0015581442316235919
02 18,Text,0.0015388566326200333
05,Text,0.0015373822468169372
rate br,Text,0.0015194156273977584
card consolidation,Text,0.0014574872683170011
10 loan,Text,0.0014574636815315614
12 paying,Text,0.0014569647109105696
lower rate,Text,0.0014539826919559525
missed,Text,0.001436896220851073
home improvements,Text,0.001431204651198865
12 consolidate,Text,0.001426468334081721
higher rate,Text,0.0014015439379429526
11 14,Text,0.0013826422305492853
way,Text,0.0013805760173434796
trying,Text,0.001354537275207685
student,Text,0.0013493741874075727
finally,Text,0.0013469123608943964
28,Text,0.0013308363911529474
04 14,Text,0.001325030473040699
13,Text,0.0013159381724337149
instead,Text,0.0012966282432150913
making,Text,0.001281171917872641
02 11,Text,0.0012507816715406454
expand,Text,0.0012390157653176374
revolving,Text,0.0012254886738058486
hoping,Text,0.0012221870961704256
debt payment,Text,0.0012135116335046812
like,Text,0.0012064769760160342
motorcycle,Text,0.0011704247425852788
stable,Text,0.0011554420528296556
08 27,Text,0.001147002399835563
apr,Text,0.0011395642406965645
end,Text,0.0011261283751163424
10 12,Text,0.001113581598142505
salary,Text,0.001112584315944449
12 pay,Text,0.0010794327026337246
br,Text,0.0010778076726680186
single,Text,0.0010766861855148122
debt br,Text,0.0010752096398215162
having,Text,0.0010748404568678603
01 22,Text,0.0010701220714169155
saving,Text,0.0010593034709221467
high rates,Text,0.0010505969741477085
loan used,Text,0.0010300810970850073
recently,Text,0.001017862861934153
car loan,Text,0.0010111008639963428
07 09,Text,0.0010088125213984726
graduated,Text,0.0010018125570704064
late,Text,0.0009998714603572923
lower,Text,0.0009991692000042782
consideration,Text,0.000989091009710933
im,Text,0.0009824813498351865
thanks,Text,0.0009695475941671791
debts,Text,0.000964958758427165
27,Text,0.0009575353672377069
little,Text,0.000955713053968345
loans br,Text,0.0009513712973543883
smaller,Text,0.0009334058224604348
investment,Text,0.000932059306753931
11 12,Text,0.0009221218022182914
mortgage,Text,0.0009199710487671463
just payment,Text,0.0009011611893306103
loan br,Text,0.0009003942638509697
00,Text,0.0008988159120048657
needed,Text,0.00088890199087996
01 02,Text,0.0008868594985763462
budget,Text,0.0008786704306085909
01 06,Text,0.0008768760918513197
reach,Text,0.0008597797566368897
08,Text,0.0008465768321189797
cc,Text,0.0008422854618380921
24,Text,0.0008401153696244417
borrower added,Text,0.0008396606697987491
payment month,Text,0.0008394747563063136
eliminate,Text,0.0008375850960729538
card bills,Text,0.0008347391298515092
personal,Text,0.0008338200802376624
home,Text,0.0008262326152176031
loan debt,Text,0.000824410726432153
save,Text,0.0008202555806086642
09 04,Text,0.0008164523844161551
pay loan,Text,0.0008138085068908817
quot,Text,0.000801833725311896
minimum,Text,0.0008003190503638009
added 10,Text,0.0007973528747812482
lending club,Text,0.0007584335356185424
consideration br,Text,0.0007581228006639179
26 12,Text,0.0007509856715355666
using,Text,0.0007489081627600676
10 14,Text,0.0007437182159992251
loan consolidate,Text,0.0007410332287632421
03 11,Text,0.0007395932173001764
09 12,Text,0.0007365993807653622
06 21,Text,0.0007358090796346289
used pay,Text,0.0007351948747557315
going pay,Text,0.0007334046367305952
100,Text,0.0007295019656205843
dept,Text,0.0007260577454885356
05 11,Text,0.0007256496884645286
engagement,Text,0.0007197170181325798
13 12,Text,0.0007166915412681254
03 13,Text,0.0007163644677074055
going,Text,0.0007163565794950211
lot,Text,0.0007140349902842605
02 14,Text,0.0007123398089980694
12 10,Text,0.000711560089683447
ring,Text,0.0007070682839240627
like pay,Text,0.0007010798674779151
engagement ring,Text,0.0006963918891106373
car,Text,0.0006962804911469716
12 debt,Text,0.0006886370653608116
br br,Text,0.000685624870644725
28 12,Text,0.0006850299661927666
old,Text,0.0006821229650952303
reach goal,Text,0.0006803983651486521
accumulated,Text,0.0006750388772006687
need pay,Text,0.0006644382922650897
chase,Text,0.0006642345299072909
99,Text,0.0006563134670564651
family,Text,0.0006562728821148095
investing,Text,0.0006530827838708075
card rates,Text,0.0006458045561376273
debt years,Text,0.0006456974705015152
paying credit,Text,0.0006385622923625738
purpose_house,Structured,0.0006368131181670724
02 09,Text,0.0006305648049495502
11 plan,Text,0.0006241722449031017
27 12,Text,0.0006227578916777607
start,Text,0.0006161988274448739
rates br,Text,0.0006157809176259303
consolidate higher,Text,0.000615641737363357
looking,Text,0.0006133149307778767
time,Text,0.0006125286880906424
rate credit,Text,0.0006080174152174922
consolidating,Text,0.0006039817800130369
balances,Text,0.0006018179306613001
mths_since_last_major_derog_missing,Structured,0.0005998224322064299
03 07,Text,0.0005992504156861078
tried,Text,0.0005982133332340094
want rid,Text,0.0005980777056098422
03 03,Text,0.0005968817192666957
01 26,Text,0.0005935616012233053
02 10,Text,0.0005909533944045453
replace,Text,0.0005886811588401621
12 plan,Text,0.0005881580968565812
sight,Text,0.0005878196721279775
complete,Text,0.0005869193826885396
make payment,Text,0.0005826145515245808
financial,Text,0.0005786057285341223
14 loan,Text,0.0005734219001697006
responsible,Text,0.0005717773843110605
couple,Text,0.0005669204666666058
06 14,Text,0.0005622729245554176
goal,Text,0.0005621657146555822
job br,Text,0.0005616553972801094
business loan,Text,0.0005616339045914588
card debts,Text,0.0005614834772530745
borrower,Text,0.000559340573490239
12 used,Text,0.000557636319649399
new home,Text,0.0005556273591253802
perfect,Text,0.0005521793192809296
total_rev_hi_lim,Structured,0.0005517266203712574
graduated college,Text,0.0005502247435550232
02 07,Text,0.0005500125109177192
remaining,Text,0.0005496903273187354
03 17,Text,0.0005428074285150262
cards lower,Text,0.0005418619637721042
07 18,Text,0.0005412707725933054
expenses br,Text,0.0005390620971159512
getting,Text,0.0005388875150039913
pay minimum,Text,0.0005380924296712048
01 17,Text,0.0005361671584865724
moving,Text,0.0005354393235964437
high credit,Text,0.0005324810298255376
debts br,Text,0.0005293933023278328
funds,Text,0.0005292635704563317
half,Text,0.0005282371320970643
house,Text,0.0005276109481841583
improvements br,Text,0.0005239314892578638
10 24,Text,0.0005223292462384512
01 12,Text,0.000521188135590729
24 12,Text,0.0005198630883591818
01 03,Text,0.000516479563674347
excellent,Text,0.000515891028429896
card dept,Text,0.0005145804244528842
11 trying,Text,0.0005130599923970609
missed payment,Text,0.0005129636799454121
01 10,Text,0.0005117708070915804
great,Text,0.0005088735605328059
using loan,Text,0.0005066856987646902
amp,Text,0.0005062618017763008
12 30,Text,0.000504773618032269
quicker,Text,0.0005015129143222043
multiple,Text,0.0005012249541623364
position,Text,0.0004995081112740779
03 01,Text,0.0004992287554949249
period,Text,0.0004983460097836434
12 credit,Text,0.0004973158517444698
15,Text,0.0004964542978148087
04 18,Text,0.0004929858925478725
student loan,Text,0.0004917922482681882
loan help,Text,0.0004905299612331013
01 23,Text,0.0004892095135858369
requesting,Text,0.0004892073484640718
16,Text,0.0004890453950691393
debt eliminate,Text,0.0004883792396475605
history,Text,0.0004853878158241834
monthly payments,Text,0.0004850793871957773
good credit,Text,0.0004846982245548289
06 01,Text,0.0004809966152604371
better,Text,0.0004809507792228171
credit br,Text,0.00048071153310441834
personal loans,Text,0.0004804716834956756
free years,Text,0.0004792892211462227
better rate,Text,0.0004787005316902622
supplies,Text,0.0004784873650987999
savings,Text,0.0004777930098710608
went,Text,0.00047584879321033456
07 21,Text,0.00047196460819771513
card loan,Text,0.00047141613097076245
consolidate debt,Text,0.00046882063889295536
existing,Text,0.00046519455658475224
university,Text,0.00046507061414936677
bills time,Text,0.0004627558107355167
high,Text,0.00046101264507335157
finish,Text,0.0004603388334472113
bank,Text,0.00045813445810364786
03 12,Text,0.0004570230350332939
time job,Text,0.00045646122601876015
accounts,Text,0.0004562265911258879
05 12,Text,0.0004550051385211998
total,Text,0.00045351376603985997
paid years,Text,0.0004523257403980818
purpose,Text,0.0004497833140136201
fixed,Text,0.00044839333369243415
10 29,Text,0.00044716750565322176
pay debt,Text,0.0004469368152681678
02 12,Text,0.00044612233534213424
03 18,Text,0.00044566660699808477
like payment,Text,0.0004420064694843122
added 04,Text,0.00043949501627865456
rates credit,Text,0.00043835495389265856
wedding,Text,0.00043780005491862544
02 03,Text,0.0004371685938918717
obtain,Text,0.00043507642755107186
pub_rec_bankruptcies,Structured,0.00043432099490942744
plan use,Text,0.00043274973504264227
work,Text,0.00043166618732550416
refinance credit,Text,0.0004312873753302494
20,Text,0.0004283193550756968
things,Text,0.000427842782417241
cards consolidate,Text,0.0004277841932132841
03 04,Text,0.0004267296557338791
08 17,Text,0.00042637830964313653
close,Text,0.00042434243094086017
want loan,Text,0.0004229845637134135
pay high,Text,0.00042178052090040117
12 help,Text,0.00041985262456718824
girlfriend,Text,0.00041894436021241895
loan payment,Text,0.00041743581983795324
added 05,Text,0.00041446035981814166
low monthly,Text,0.00041151825249132194
large,Text,0.0004107532707540185
debt accumulated,Text,0.00041070901864144493
need loan,Text,0.00040926886322130163
use loan,Text,0.0004070206101978656
02 25,Text,0.00040663938993548747
11 07,Text,0.0004054203145324556
12 28,Text,0.000403808184850987
repairs br,Text,0.00040275710397319497
consolidate pay,Text,0.00040264443671189935
11 loan,Text,0.00040133772607995824
09 26,Text,0.00039981460577967465
business br,Text,0.00039804846336000485
soon,Text,0.0003980389028414889
working,Text,0.000397850738810032
revolving credit,Text,0.0003952602611859493
strong,Text,0.0003951488487274387
clothing,Text,0.00039209313090093537
goal br,Text,0.0003891792735325612
order,Text,0.00038890979852977583
need help,Text,0.0003886916973328899
debt credit,Text,0.00038858190966060556
easy,Text,0.00038463195920671126
early,Text,0.00038423934375592
start saving,Text,0.0003831500012928433
credit report,Text,0.0003802235231274688
months,Text,0.00038018635742407094
11 01,Text,0.0003797000972016017
economy,Text,0.0003784822286900831
appreciate,Text,0.0003777286513509972
paying high,Text,0.00037606348555415634
reason,Text,0.0003739810229456279
free br,Text,0.00037306129122004905
debt make,Text,0.0003681082550956647
relocation,Text,0.0003671316151902387
cards pay,Text,0.00036484054537192585
hope,Text,0.0003635045904391257
gross,Text,0.00036268772469596024
medical expenses,Text,0.00036262760180685193
02 05,Text,0.00036053820352490844
like loan,Text,0.0003604300015881149
401k,Text,0.0003602640443780125
employed,Text,0.0003592513015329122
dream,Text,0.00035916211340501775
11 11,Text,0.00035833988342875593
02 13,Text,0.0003573860908838403
cards purchase,Text,0.0003560494768783665
debt personal,Text,0.0003529496297422981
motorcycle br,Text,0.0003521955297958177
additional,Text,0.0003521191251633658
end sight,Text,0.0003517254495853506
29 12,Text,0.00035050805106157416
01 29,Text,0.0003491689223590588
11 stable,Text,0.00034904426366304665
moved,Text,0.00034801595675730876
new furniture,Text,0.00034713150784646126
11 05,Text,0.00034583879123056935
credit score,Text,0.00034503761640220567
help reach,Text,0.00034406106535998706
addition,Text,0.0003422180742931426
use money,Text,0.0003401293015714037
02 04,Text,0.0003381831215503641
19,Text,0.0003360722046181995
bills car,Text,0.00033532305635043685
32,Text,0.0003349123161076189
reasonable rate,Text,0.0003329502638438767
31,Text,0.0003326594266794722
equity,Text,0.000332641594911851
appreciated,Text,0.00033065112249429385
07 11,Text,0.00032757174183961293
end debt,Text,0.00032554282327139025
30,Text,0.0003247493854253152
29,Text,0.00032364899873675655
amounts,Text,0.00032299658838229344
owed,Text,0.00032211771029900084
br thank,Text,0.00032108510975337824
04 11,Text,0.0003207308397585074
chase credit,Text,0.00032017879706966907
doing,Text,0.0003189691824581726
ahead,Text,0.0003188595446596567
improve,Text,0.0003184448403822593
12 31,Text,0.00031621382903217904
01 28,Text,0.00031614506322904937
14 credit,Text,0.0003158224216839306
month thank,Text,0.00031550776243337726
worth,Text,0.0003146816756502946
ago,Text,0.0003146429305006122
need little,Text,0.0003145866410511711
high apr,Text,0.0003141311560097353
existing lending,Text,0.0003141196136204664
reducing,Text,0.00031250658285851795
12 requesting,Text,0.0003117703050240086
added 09,Text,0.00031161207358752665
ll,Text,0.00031160015189923547
annual,Text,0.0003110394283230694
purpose loan,Text,0.00031101569410059996
shop,Text,0.0003095120951997212
control,Text,0.00030869161880802147
combining,Text,0.0003074719813709144
01 07,Text,0.00030742051328035277
minimum payment,Text,0.00030312541165623797
sole,Text,0.0003028958931313074
pay pay,Text,0.00030200628337396064
successful,Text,0.0003013114723362482
bills allow,Text,0.0003003331030601845
living,Text,0.00030014289755313944
07 14,Text,0.0002999480503121852
loan years,Text,0.0002997415737176859
02 27,Text,0.00029935029336256475
minimum payments,Text,0.00029793324067383954
thank consideration,Text,0.0002972576955745277
bank account,Text,0.0002964184759028504
wish,Text,0.0002960330549766381
paying cards,Text,0.0002940164753230051
added 08,Text,0.0002939957793000035
12 24,Text,0.0002939022081219748
03 06,Text,0.000292279632569654
line,Text,0.00029192816789188025
36,Text,0.000289990335391071
cards car,Text,0.0002888983027720609
club loan,Text,0.00028775435624426573
23,Text,0.00028723089193428037
rental,Text,0.0002869292431579028
11 30,Text,0.00028565993711509663
rid credit,Text,0.000285443204699109
proceeds,Text,0.0002851447264807448
vacation,Text,0.0002844223367986377
intend pay,Text,0.00028383506209594457
payments credit,Text,0.0002831974248445125
plus,Text,0.0002825377092675103
03 02,Text,0.0002815704372455202
higher,Text,0.0002810985423495728
rate like,Text,0.0002802550538226877
roof,Text,0.0002794237779120464
cards paid,Text,0.0002776921077126136
15 years,Text,0.0002766900871291985
times,Text,0.0002766776680214011
07 20,Text,0.00027657495217410906
12 medical,Text,0.0002757500029828778
easy payment,Text,0.0002751019979058463
removing,Text,0.00027375852640682945
payments month,Text,0.00027198211068832974
payment pay,Text,0.0002711938488671235
requested,Text,0.0002690069695874525
property br,Text,0.0002689362855231922
intended,Text,0.00026883038847821413
null,Text,0.0002681734890580356
paying debt,Text,0.0002680555492603348
10 22,Text,0.0002670195837856296
available,Text,0.000266226097166526
12 consolidating,Text,0.00026593231900262507
hello,Text,0.0002658284136202181
consoladation br,Text,0.00026371893212848277
400,Text,0.00026301890612768375
faster,Text,0.0002626139722739724
little help,Text,0.00026238196582631834
08 28,Text,0.00026168292430728816
12 reason,Text,0.0002616827992877882
allow,Text,0.00026134906956659074
short,Text,0.0002610976338402327
21 11,Text,0.00026071332442013505
started,Text,0.00026001113215106704
stable job,Text,0.00025867896462635474
br null,Text,0.00025776457576164
09 03,Text,0.0002576161573776273
like lower,Text,0.00025627993662183374
dont,Text,0.000252568557674075
son,Text,0.0002521700107828928
check,Text,0.0002511199522080552
06 24,Text,0.00025057808098204317
12 want,Text,0.0002505142302611521
substantial,Text,0.0002494341640872377
required,Text,0.00024753596320248165
harley,Text,0.00024658903434821933
expand business,Text,0.0002457087818226883
high rate,Text,0.00024514124821029465
intend,Text,0.0002450658636763078
lived,Text,0.00024491395491824
loan lower,Text,0.0002440590607403458
set,Text,0.00024367165553401454
debt thanks,Text,0.00024295343807071703
loan assist,Text,0.0002428068392035137
cc debt,Text,0.0002426406155160567
convert,Text,0.00023992563157819438
combining credit,Text,0.00023921266909470958
included,Text,0.00023859238710158414
consolidate high,Text,0.00023676221776297742
01 08,Text,0.00023646530393856715
professional,Text,0.00023599886100226318
pay close,Text,0.00023540710369398027
student loans,Text,0.00023531715238472278
graduating,Text,0.0002351454359955701
bills hospital,Text,0.0002348649643596304
just,Text,0.0002345903261646678
focus,Text,0.000233322040875617
apartment,Text,0.00023269888736976912
custom,Text,0.00023218575240444906
add,Text,0.00023215884615215992
17 12,Text,0.0002308849667675198
truck,Text,0.0002306023628870876
fairly,Text,0.00023001160135215846
monthly,Text,0.00022864430940198595
08 09,Text,0.0002284071781331752
sell,Text,0.00022806733337323902
05 14,Text,0.00022790788202677362
01 13,Text,0.0002270850709676677
home years,Text,0.00022700680851144687
life,Text,0.00022679518886962796
08 01,Text,0.00022668279846228863
primary,Text,0.00022667506454342927
cards payment,Text,0.00022654288133134337
18 11,Text,0.00022629021074109515
bit,Text,0.00022627209230571664
09 14,Text,0.00022622589780682846
allow pay,Text,0.00022559293874048632
miles,Text,0.0002247984782383177
paid quicker,Text,0.00022448914251867934
12 recently,Text,0.00022429146373249872
accounts br,Text,0.00022426555333676884
appreciate help,Text,0.00022411906969072636
12 14,Text,0.00022411019008504145
consolidating credit,Text,0.0002226241080506972
upgrade,Text,0.00022253076868684435
29 10,Text,0.00022136194009368833
07 12,Text,0.0002213224342131284
removing debt,Text,0.00022115524625097329
property,Text,0.00022098805245108455
30 11,Text,0.0002207233017712542
credits,Text,0.00022066631535585686
significant,Text,0.0002202138220952909
care,Text,0.0002201519073331965
12 looking,Text,0.00021997690600350668
03 09,Text,0.00021840291755061155
want close,Text,0.00021733733393784562
want payoff,Text,0.00021614699179924794
fact,Text,0.00021481757179130084
income,Text,0.00021478089614661953
cards looking,Text,0.0002145995441302324
combination,Text,0.00021420284398283824
overall,Text,0.00021348617799761525
hurricane,Text,0.00021323415747954739
cell,Text,0.00021297750214467655
repayment,Text,0.00021283545273030274
ridiculous,Text,0.00021275638554341285
rid high,Text,0.00021187816987339167
federal,Text,0.00021133374372922338
make good,Text,0.00021063741258692064
balances br,Text,0.00020912733934046255
true,Text,0.00020878407802319703
12 purchase,Text,0.00020800196285018823
faster br,Text,0.00020790022236055232
loan pay,Text,0.00020785838520644888
pay medical,Text,0.00020759423746580973
07 28,Text,0.00020752542125318348
years br,Text,0.00020736403048469452
deposit,Text,0.00020716569566450876
15 12,Text,0.00020675746756020216
07 31,Text,0.00020642202743817445
got,Text,0.00020638595588637728
complete home,Text,0.0002051765537785539
retired,Text,0.0002045403433290631
experience,Text,0.0002042542477414685
cards debt,Text,0.00020407177741915675
closing,Text,0.0002038755875896158
cell phone,Text,0.0002034315919871285
card balances,Text,0.00020328952031663537
payment like,Text,0.00020290117406060977
sooner,Text,0.00020236375596683064
loan higher,Text,0.00020216073796342206
25 years,Text,0.00020165296675449956
parents,Text,0.0002013578502538128
01 11,Text,0.00020036158480904462
live,Text,0.00019915721949652094
want consolidate,Text,0.0001989250309883643
future,Text,0.0001988835487517207
able save,Text,0.00019867244061602126
amazing,Text,0.00019769252727537
afford,Text,0.00019739150680803631
union,Text,0.00019736759659467324
36 months,Text,0.0001965077424068425
repairs home,Text,0.00019623367821543268
payment thank,Text,0.0001959160657208982
mastercard,Text,0.0001954302106727739
begin,Text,0.0001949615851315138
card lower,Text,0.0001947359546058111
pays,Text,0.00019473249831445654
accident,Text,0.00019448252875238484
card higher,Text,0.00019428710559123876
12 years,Text,0.0001941903417050042
transfer,Text,0.0001933523767038282
capital,Text,0.00019305604768174399
loan thanks,Text,0.00019305404132043962
monthly income,Text,0.0001925763530907491
years help,Text,0.0001923073107967368
having loan,Text,0.00019160286936032288
debt monthly,Text,0.0001904203765831552
spent,Text,0.00019027912811810278
repair,Text,0.00018907813907787418
03 16,Text,0.00018872188333513408
end date,Text,0.00018792449453688324
accumulated college,Text,0.00018768345088199286
11 ve,Text,0.0001869858331529796
improvement,Text,0.0001860703445994338
date,Text,0.00018589204338825894
thanks consideration,Text,0.0001851485556474042
offered,Text,0.0001847235109657692
consoladation,Text,0.00018468573914433268
far,Text,0.00018455064540726245
12 home,Text,0.00018441496553831132
fence,Text,0.0001843070008557291
employment,Text,0.00018427634933196338
home repairs,Text,0.000184226467338658
look forward,Text,0.00018415404874573698
mind,Text,0.00018402079541719597
02 16,Text,0.00018291408707255176
continue,Text,0.00018204920465317818
30 10,Text,0.00018144309804613666
check credit,Text,0.0001813513086099606
12 thank,Text,0.00018068890566172644
refinancing credit,Text,0.0001801857498671909
don,Text,0.00018003820150617818
expenses paying,Text,0.00017876633971387033
06 10,Text,0.00017861279680342535
term loan,Text,0.00017797922592639935
personal loan,Text,0.00017761748584077712
quickly,Text,0.0001775562244422085
lc,Text,0.0001772228745396849
miss payment,Text,0.0001771911106172149
loan intended,Text,0.0001765567972416286
100 month,Text,0.00017653242842499006
05 30,Text,0.00017608066682601328
offering,Text,0.00017565679898976397
track,Text,0.000175569493000202
dental work,Text,0.00017550139546410198
pay existing,Text,0.00017499771037625403
investing loan,Text,0.00017497747404464193
employer,Text,0.00017463133608839275
single monthly,Text,0.00017448664050074422
hospital,Text,0.000174178962836564
rental property,Text,0.00017411705986442781
received,Text,0.00017401527644906296
dell,Text,0.00017336492366530634
allow consolidate,Text,0.00017328193348201874
help lower,Text,0.0001732464197960049
used consolidate,Text,0.00017303433442530938
increase credit,Text,0.00017273273644128313
existing loan,Text,0.0001726290982075735
want pay,Text,0.000171356491228211
money savings,Text,0.000171255478192196
storm,Text,0.00017023466543056515
01 18,Text,0.00017007587067187574
use fund,Text,0.00016998991416868227
rate debt,Text,0.0001699884966301365
loan set,Text,0.00016947187475122022
intrest rate,Text,0.00016885503038883368
thanks investing,Text,0.0001685423979796063
50k,Text,0.00016842141931121482
make,Text,0.00016797072086832538
just looking,Text,0.00016783765909667307
dollars,Text,0.00016712183880743288
certain,Text,0.00016709279390215818
credit debt,Text,0.00016669675040142994
08 26,Text,0.00016603805921078243
2009,Text,0.00016575350600868234
rate loan,Text,0.00016569882274010403
stress,Text,0.00016533953375365965
hsbc,Text,0.00016524053912810732
payment lower,Text,0.00016498773278071944
saving home,Text,0.00016473649646601266
19 11,Text,0.0001644851502085806
sooner br,Text,0.00016425096302711815
home improvement,Text,0.00016417349930045787
use credit,Text,0.0001640529821198575
10 21,Text,0.0001637767860986297
path,Text,0.0001632939146469922
purpose_vacation,Structured,0.00016290869101686292
08 14,Text,0.00016285060895520508
ready,Text,0.00016281799437759884
careers,Text,0.0001627070146716375
consolidating debt,Text,0.00016236516725975065
finances,Text,0.0001623247175457994
report,Text,0.00016208062024682725
cards student,Text,0.0001619601499530786
learn,Text,0.00016151632177903222
funding,Text,0.00016133167558125122
foreclosure,Text,0.0001613016865766752
biggest,Text,0.00016114638958060335
fixed monthly,Text,0.0001608926042345076
fully,Text,0.00016046367715484805
debt making,Text,0.00016005190303588864
days,Text,0.00015979929287275084
paying debts,Text,0.00015929656145308982
years college,Text,0.0001591957080092979
debt paid,Text,0.00015899745460125727
taxes br,Text,0.00015884133395939527
debt faster,Text,0.0001584477424699519
increased,Text,0.0001583705533036546
fully funded,Text,0.0001581157714715558
12 07,Text,0.00015790261112528432
reduce monthly,Text,0.0001578197526896039
11 need,Text,0.00015772396049223102
consolidate monthly,Text,0.0001574835370193872
save money,Text,0.00015727186534943822
buying,Text,0.0001567767135590747
kids,Text,0.00015672376493924565
credit good,Text,0.00015669791139948845
repay,Text,0.0001565605064420319
food,Text,0.00015618317649053947
pay things,Text,0.00015598937868237928
14 years,Text,0.0001558355077318715
florida,Text,0.00015583424114609017
02 17,Text,0.0001556199837631381
equity br,Text,0.00015561003421103497
achieve,Text,0.00015472951013738404
financial goals,Text,0.00015449240393789832
really,Text,0.00015436274338761485
rid cards,Text,0.0001541178926153171
score,Text,0.00015361115132873972
great job,Text,0.00015349969898422784
used college,Text,0.00015305406800177943
trying pay,Text,0.00015280262605718396
debt allow,Text,0.0001526918729187794
banks,Text,0.00015239910490539202
investment property,Text,0.0001523726088009029
loan refinance,Text,0.0001516743977513153
need repair,Text,0.00015162631536159516
reasonable,Text,0.00015149415545036955
completely,Text,0.0001513993992181977
needing,Text,0.00015099888952182413
time stable,Text,0.00015099739375817683
br monthly,Text,0.00015093705306193556
revolving debt,Text,0.00015083856930518796
oldest,Text,0.00015074231314698094
auto,Text,0.00015032964534996223
650,Text,0.00015031990462582916
6000,Text,0.00014880210555000772
cut,Text,0.00014872834763328998
3000,Text,0.00014856594145141783
yrs,Text,0.00014855112099145093
vehicle,Text,0.0001481163085244358
improvement projects,Text,0.00014801407603228891
31 12,Text,0.0001478233944223126
card company,Text,0.0001478144513556505
enable,Text,0.00014778275112460962
bring,Text,0.0001477455923328636
debt thank,Text,0.00014735552185896495
build,Text,0.00014724274092768768
gives,Text,0.0001472290262896499
lump payment,Text,0.00014662533003404165
cards high,Text,0.00014658932419678617
cards paying,Text,0.00014652468782098282
bills thank,Text,0.00014608948895395018
roof home,Text,0.00014584467134194542
12 ve,Text,0.0001450961125957515
payment end,Text,0.00014486007368880085
years ago,Text,0.00014451727914617768
purchase home,Text,0.0001444581197967516
tuition,Text,0.00014434821685899605
looking pay,Text,0.00014418160798124606
highly,Text,0.00014394844036892744
accrued,Text,0.00014367062237343205
cards eliminate,Text,0.00014365268185554338
card payments,Text,0.00014355081772733208
pay car,Text,0.00014329549855003582
job stable,Text,0.00014312374151564234
direct deposit,Text,0.00014311616636599153
purchases,Text,0.00014300094113075303
loan new,Text,0.00014294080011692374
let,Text,0.00014278561214891238
come true,Text,0.00014222175904627277
taking,Text,0.00014216499444012507
lived home,Text,0.00014209627872786596
improvement pay,Text,0.00014153888394623928
able pay,Text,0.00014132404925362916
10 consolidation,Text,0.00014131834884868492
carrying,Text,0.00014112855859812627
dream come,Text,0.00014110024713482025
improvement br,Text,0.00014074235015026083
major,Text,0.00014065782669772558
paying years,Text,0.00014063646816593595
11 needing,Text,0.00014048615022472624
living expenses,Text,0.000140413407353012
having monthly,Text,0.00014038940822796512
different,Text,0.00014008520352501563
12 purpose,Text,0.00013997323274632134
lend,Text,0.00013983417498778205
tired paying,Text,0.00013973297729447096
discovered,Text,0.0001396267480356137
right,Text,0.00013942235843154426
laws,Text,0.00013928691642594427
thing,Text,0.00013916801711495684
21,Text,0.00013876113142343176
paid time,Text,0.0001387451163103062
products,Text,0.0001382607088360834
06 12,Text,0.00013794537599915637
need new,Text,0.00013761837535282304
plan consolidate,Text,0.0001373269888278138
loan apr,Text,0.00013709578019516862
bills debt,Text,0.00013656738015654986
want make,Text,0.00013650336552989675
assistance,Text,0.00013618485477519978
department store,Text,0.00013593115669880066
making payment,Text,0.00013576693854472154
application,Text,0.0001351309423935999
financing,Text,0.00013504094549008882
401k loan,Text,0.0001348810767292196
19 99,Text,0.00013485094599346046
cards money,Text,0.000134801743502406
alaska,Text,0.00013471095281971317
years debt,Text,0.00013466683273780086
lower credit,Text,0.00013460810221977828
apr credit,Text,0.0001345153279342953
garage br,Text,0.00013419585531433505
purchase engagement,Text,0.00013416138848937125
source income,Text,0.00013363401459782825
debts make,Text,0.00013330881958949147
000,Text,0.00013326283157815758
bills easy,Text,0.00013318019373747384
sell home,Text,0.00013289362435986224
job plan,Text,0.00013256908650837606
eliminating,Text,0.00013254148968740856
financially,Text,0.0001324227748131095
finally credit,Text,0.0001323325363935209
10 plan,Text,0.00013182700520334627
deliver,Text,0.00013171932995811127
needed repairs,Text,0.00013162599171686454
bike,Text,0.00013120766346749066
card payoff,Text,0.00013120421812234042
discover,Text,0.0001309342129371561
existing credit,Text,0.0001308630016682105
used payoff,Text,0.00013085305104200203
paid br,Text,0.00013059247758802044
close credit,Text,0.0001305698788676444
girlfriend br,Text,0.00013056635524439776
achieve goal,Text,0.00013013696016807573
ve worked,Text,0.00013004129314445764
make payments,Text,0.00012965242707000733
bills small,Text,0.00012947099759852217
payments lower,Text,0.0001292171901534731
12 consolidation,Text,0.00012894805035534876
company want,Text,0.00012853532362068558
25 12,Text,0.00012850889054585654
store,Text,0.00012842771339413602
finance,Text,0.0001283718081089319
willing,Text,0.00012811408555744793
14 12,Text,0.0001274867807789072
cash,Text,0.00012716744035581848
time time,Text,0.00012661429687983847
unforseen,Text,0.00012648354933717036
decided,Text,0.00012602601758590203
continued,Text,0.0001257174524223748
01 24,Text,0.0001256602297889013
miss,Text,0.00012502156726488617
phone,Text,0.0001246214089202593
process,Text,0.0001244918258102124
03 08,Text,0.00012447324923874173
expense,Text,0.00012442834306958527
extremely,Text,0.00012391934119383258
00 br,Text,0.000123823317121095
asking,Text,0.00012382142217480296
07 29,Text,0.00012371302410578666
debts paid,Text,0.00012354639535161474
debit br,Text,0.00012295111788884958
timeshare,Text,0.00012266778325842334
loan payoff,Text,0.0001226655426966115
hello br,Text,0.00012209907923435166
paid car,Text,0.00012196611705861319
form,Text,0.00012190521284789776
taking loan,Text,0.00012143463466898955
proceeds loan,Text,0.0001211176600843451
feel,Text,0.00012094236929682909
01 15,Text,0.00012091709131081166
computer,Text,0.00012022868111234766
services,Text,0.00012008297059921662
2003,Text,0.00011993536790191867
fees,Text,0.00011984882351986905
college br,Text,0.00011984419656755706
20 11,Text,0.00011975693550810411
purpose_medical,Structured,0.00011975316519914668
market company,Text,0.00011926330684389272
current employer,Text,0.00011924138036288841
totaling,Text,0.00011905364002442284
sick,Text,0.0001188461713462862
fresh start,Text,0.00011850857552286806
loan purchase,Text,0.0001184751185266159
nice,Text,0.00011816160667341843
accomplish,Text,0.00011769096074462382
card amounts,Text,0.00011746713312447682
32 years,Text,0.00011707452890937237
mortgage br,Text,0.00011673466364099445
didn,Text,0.00011649620841301173
30 12,Text,0.00011626029070991449
working company,Text,0.00011593885378755731
purpose_moving,Structured,0.00011571757234104469
cases,Text,0.00011567761299358818
need consolidate,Text,0.00011552309817162388
helping,Text,0.00011502888550640282
information,Text,0.00011501987269263881
participate,Text,0.00011499359419058934
starting,Text,0.00011494365876887962
pay auto,Text,0.00011485101325795082
larger,Text,0.00011478855479874972
03 14,Text,0.00011434529119708221
payment make,Text,0.00011433065749894714
wipe,Text,0.00011429055431705357
phone br,Text,0.00011418373887552018
house improvement,Text,0.00011415811272038136
appreciated thank,Text,0.0001137896223792408
400 month,Text,0.00011374552676706197
trend,Text,0.00011368559386505423
dental expenses,Text,0.00011368511443515999
consolidating debts,Text,0.00011354571724173014
questions feel,Text,0.00011348737089759582
citibank,Text,0.00011348204184405029
new year,Text,0.00011341356604662359
class,Text,0.00011297707761714825
government,Text,0.00011290756163834996
want expand,Text,0.00011275747893186749
kitchen,Text,0.00011274629082837585
22,Text,0.00011270575072576469
responsible br,Text,0.00011253432966384489
cards close,Text,0.00011253271100216101
direct,Text,0.00011219655095884728
needing loan,Text,0.00011205527761846017
master,Text,0.0001119813617650863
money credit,Text,0.00011181559681004057
loan enable,Text,0.00011174854603247813
hopefully,Text,0.00011172175620976703
08 11,Text,0.0001115737322793666
unexpected,Text,0.00011150543715253769
finish paying,Text,0.00011150525724567849
deck,Text,0.00011131325024089906
07 15,Text,0.00011117420887258466
02 06,Text,0.00011114021151014162
local,Text,0.000110946819912726
career,Text,0.00011070020739788013
late bills,Text,0.00011054400324242349
loan responsible,Text,0.00011035926345987363
07 06,Text,0.0001102111869009659
friend,Text,0.00011014531245682267
consolidation higher,Text,0.0001101417505148272
home year,Text,0.00010987632010414576
rate want,Text,0.0001097423249312584
account br,Text,0.00010970878431484349
rate thank,Text,0.00010960071550081496
shredded,Text,0.00010954296521492664
rates want,Text,0.000109520621066686
costs,Text,0.00010952034542657132
start new,Text,0.00010935769144817404
told,Text,0.00010927174213296732
loan fully,Text,0.00010922383470569223
consolidation debt,Text,0.00010863040726500568
manager,Text,0.00010859807570860726
hoping consolidate,Text,0.00010858326718987415
trying consolidate,Text,0.00010856083631988668
decade,Text,0.00010846133594686472
god,Text,0.00010841135371585653
future family,Text,0.00010834090756558443
12 like,Text,0.00010813380290442615
approximately,Text,0.00010797506342677357
record,Text,0.00010783217431632043
budget br,Text,0.00010758074592899645
just got,Text,0.00010711905482436314
07 10,Text,0.00010700826618086854
cards save,Text,0.00010688266720274029
purchased,Text,0.00010662108143579215
looking consolidate,Text,0.00010641498863302991
new roof,Text,0.00010637852176919265
eliminate debt,Text,0.00010631706682879845
fall,Text,0.00010629029596495393
inventory,Text,0.00010619851022397692
affordable,Text,0.00010554267561149047
existing debt,Text,0.00010551953616778693
deal,Text,0.0001053947451537386
minor debt,Text,0.00010530440017417417
love,Text,0.00010528580139422093
payed,Text,0.00010520242064770295
car note,Text,0.00010512074984818307
good br,Text,0.00010477910116838834
important,Text,0.00010470920584053517
worked job,Text,0.0001046322455404668
cards having,Text,0.00010458259095751443
02 08,Text,0.00010445267066135654
honeymoon,Text,0.0001040377799388534
rid debts,Text,0.00010398461104790204
credit accounts,Text,0.00010383976229225676
maintenance,Text,0.00010383230079083849
clear,Text,0.00010353933535755152
pension,Text,0.00010340979826917587
couple high,Text,0.00010324753971394318
cards going,Text,0.0001032163405393707
project,Text,0.00010309510209725467
payment history,Text,0.0001028850461106349
ground,Text,0.00010283519664967422
year contract,Text,0.00010216035066365822
consolidates,Text,0.00010213043419003676
goal consolidate,Text,0.00010204630780136142
bring balances,Text,0.00010180549532964447
years just,Text,0.00010177427040820842
loan consolidation,Text,0.00010160049815646511
pay,Text,0.00010141784856495938
obligations br,Text,0.00010128288985997941
04 13,Text,0.00010119712062628407
defaulted,Text,0.00010113272644769069
250,Text,0.00010080600880050738
just went,Text,0.00010075944713899506
help help,Text,0.00010074088870088915
possible,Text,0.00010062628537467448
analyst,Text,0.00010051603838010722
recently graduated,Text,0.00010050941705650968
insurance,Text,0.00010046014783641807
used lending,Text,0.00010030638046495571
zero,Text,0.0001002870515187972
forward thank,Text,0.00010014779351912113
higher credit,Text,0.00010007126102890074
rent,Text,9.999594880712153e-05
score br,Text,9.939848853964721e-05
road,Text,9.920179492149358e-05
citi,Text,9.905620496452274e-05
pay sears,Text,9.898215783716177e-05
sight br,Text,9.861751957838335e-05
home 20,Text,9.854344452567272e-05
small business,Text,9.853718412487464e-05
aggressively,Text,9.850010001683406e-05
future br,Text,9.847566640928214e-05
ones,Text,9.842424881220591e-05
01 04,Text,9.815940141307824e-05
payoff credit,Text,9.80947728650943e-05
new chapter,Text,9.79580436705763e-05
vacation br,Text,9.782710316957257e-05
taxes,Text,9.777149076092327e-05
manageable monthly,Text,9.754914515661794e-05
month pay,Text,9.749114472374872e-05
14 11,Text,9.735393407325493e-05
level,Text,9.730910595626233e-05
load,Text,9.727499197010792e-05
ve got,Text,9.722160599477756e-05
cards payments,Text,9.717205480566632e-05
reduce payments,Text,9.69775181928248e-05
consolidate loan,Text,9.671878508951336e-05
seeking loan,Text,9.643578040715118e-05
detached garage,Text,9.590223844871679e-05
detached,Text,9.590223844871679e-05
bills lower,Text,9.537657182490477e-05
tell,Text,9.537022018526744e-05
cards charging,Text,9.53584805797422e-05
manageable,Text,9.52770123826604e-05
lot br,Text,9.505435566078201e-05
balances credit,Text,9.496543208374636e-05
got great,Text,9.477751758339082e-05
putting,Text,9.472955570167411e-05
definitive,Text,9.45607004831e-05
place,Text,9.419552247652267e-05
needed credit,Text,9.416164091606123e-05
considering,Text,9.395739947464092e-05
11 funding,Text,9.389419139677678e-05
married,Text,9.3824743821354e-05
law,Text,9.362507058352966e-05
perfect credit,Text,9.349053938123247e-05
wanted,Text,9.334062724779843e-05
way just,Text,9.331591530360111e-05
reducing monthly,Text,9.31989919062679e-05
loan purpose,Text,9.291394681320075e-05
cards higher,Text,9.277453659489711e-05
credit standing,Text,9.276387606396317e-05
look,Text,9.257579577296319e-05
family like,Text,9.246873299833051e-05
start investing,Text,9.219847444997051e-05
loan cash,Text,9.214022151399256e-05
payment new,Text,9.187605935097175e-05
compared,Text,9.174198967918751e-05
job relocation,Text,9.164384615152973e-05
gas,Text,9.15808845672735e-05
11 09,Text,9.158043769780689e-05
cards way,Text,9.144226565096734e-05
debt education,Text,9.116834369024454e-05
held job,Text,9.105615172749152e-05
11 current,Text,9.089796053950588e-05
retail,Text,9.089409566576436e-05
funeral,Text,9.081604840435307e-05
wanting,Text,9.069567465743216e-05
home equity,Text,9.0688453258766e-05
support,Text,9.062834523883561e-05
debt lending,Text,9.056176037702833e-05
chapter,Text,9.051516765512952e-05
prepare,Text,9.027457219521732e-05
04 09,Text,8.992274674012636e-05
br stable,Text,8.987487101608958e-05
installation,Text,8.984765716274757e-05
help thank,Text,8.980889691857094e-05
fair,Text,8.972739474514205e-05
debt starting,Text,8.964065340413926e-05
withdrawal,Text,8.952703970542535e-05
works,Text,8.951814236871082e-05
employeed,Text,8.949945710858421e-05
payment recently,Text,8.909764455828845e-05
loan currently,Text,8.89919895785294e-05
score good,Text,8.856273824237359e-05
north,Text,8.840326354364578e-05
loans car,Text,8.834186164405594e-05
02 26,Text,8.832933388787961e-05
considerably,Text,8.822347496844789e-05
problem making,Text,8.805322204295814e-05
debt total,Text,8.803547973979324e-05
time consolidate,Text,8.798775555152779e-05
receive,Text,8.793706615851855e-05
work history,Text,8.766026460503889e-05
rate ve,Text,8.74899797992413e-05
fulltime job,Text,8.748378005903424e-05
combine,Text,8.743440556005779e-05
debt help,Text,8.67849813264573e-05
procedures,Text,8.660436186485156e-05
cards loans,Text,8.658774744150569e-05
purchase br,Text,8.648413916381667e-05
know,Text,8.646606584882008e-05
home need,Text,8.640192496824021e-05
years pay,Text,8.638498396388417e-05
like use,Text,8.634098474356049e-05
request,Text,8.633045171037503e-05
new job,Text,8.617390719094204e-05
gallery,Text,8.607025002647135e-05
time payments,Text,8.606670313352653e-05
borrow money,Text,8.601481438630529e-05
basically,Text,8.596148195859563e-05
consolidation,Text,8.59471309486253e-05
situation,Text,8.58592555759198e-05
expenses need,Text,8.585389633285411e-05
thanks br,Text,8.584337057449562e-05
caused,Text,8.575614123384407e-05
better credit,Text,8.569573304075779e-05
year half,Text,8.561792796819583e-05
portion,Text,8.558963619984167e-05
club payment,Text,8.534552203868286e-05
student debt,Text,8.529839499387642e-05
04 12,Text,8.516937736506207e-05
cards rate,Text,8.516360890257929e-05
way debt,Text,8.508620294420828e-05
problems,Text,8.507850386859069e-05
exceeds,Text,8.499332690577443e-05
refinance higher,Text,8.490467159487781e-05
accounts loan,Text,8.486065106227364e-05
finished,Text,8.485279603668787e-05
purchases br,Text,8.479586882562286e-05
goes,Text,8.467723658600982e-05
01 19,Text,8.421463346179905e-05
develop,Text,8.415209959464796e-05
relocating,Text,8.409849372087541e-05
perform,Text,8.405345180278529e-05
02 20,Text,8.401710420204983e-05
past,Text,8.400317335851418e-05
low,Text,8.378431316308698e-05
loan vacation,Text,8.378184484047685e-05
present job,Text,8.376344732045926e-05
300,Text,8.372260614662377e-05
running,Text,8.356481760056572e-05
repairs amp,Text,8.34968236968977e-05
01 25,Text,8.329956736247231e-05
debt lower,Text,8.314953176884558e-05
start business,Text,8.312079833988623e-05
06 13,Text,8.28872955076637e-05
22 10,Text,8.286773471805409e-05
cancel credit,Text,8.265130719102918e-05
used moving,Text,8.261822546458782e-05
job field,Text,8.261454666148833e-05
11 24,Text,8.25980037365594e-05
software,Text,8.258963767146495e-05
debt reduce,Text,8.257758466650214e-05
school,Text,8.24898959398283e-05
pay month,Text,8.224345830284635e-05
field 15,Text,8.217948286764442e-05
person,Text,8.20852562574949e-05
pay loans,Text,8.20697148563962e-05
buy home,Text,8.203720983609301e-05
funding loan,Text,8.173803009895251e-05
04 08,Text,8.173119788841896e-05
monthly payment,Text,8.17144974644089e-05
needs,Text,8.163457406605393e-05
cards repairs,Text,8.157340456518342e-05
work federal,Text,8.152505132782262e-05
rolling,Text,8.143667599032815e-05
higher rates,Text,8.124407211999473e-05
business pay,Text,8.108270530596894e-05
demand,Text,8.093517613609922e-05
like help,Text,8.087441571179326e-05
10 credit,Text,8.080580557241762e-05
vintage,Text,8.077834662445867e-05
payment close,Text,8.072895378876017e-05
consolidation credit,Text,8.060712889041637e-05
accounts save,Text,8.057061593518309e-05
manageable payment,Text,8.043356604498493e-05
loan im,Text,8.02875991332179e-05
history br,Text,8.011714249034544e-05
capital credit,Text,7.953064958716571e-05
accumulated past,Text,7.935877003486761e-05
intended pay,Text,7.908517486753697e-05
did,Text,7.90599118551717e-05
week,Text,7.904590398192392e-05
advantage,Text,7.890641634239942e-05
unit,Text,7.884197490826742e-05
updating,Text,7.881722798186186e-05
continuing,Text,7.870627347680698e-05
time thanks,Text,7.836794259805074e-05
pay taxes,Text,7.83577986038001e-05
reducing rates,Text,7.830028066090486e-05
allow freedom,Text,7.82664301728737e-05
doubled,Text,7.825657800714099e-05
years ll,Text,7.821670120184099e-05
08 19,Text,7.821288056435605e-05
01 27,Text,7.818173611730539e-05
09 funds,Text,7.805068345254529e-05
purchase rv,Text,7.789612259078452e-05
debt getting,Text,7.789433938698691e-05
efficiency,Text,7.751630664669149e-05
new tires,Text,7.747206813419782e-05
outside,Text,7.74212403039549e-05
note,Text,7.735063106448598e-05
san,Text,7.684028028787435e-05
high intrest,Text,7.68052943167876e-05
want update,Text,7.678750633929976e-05
repair roof,Text,7.676933016185683e-05
time paying,Text,7.6726418852599e-05
allowing,Text,7.665823481537931e-05
free quot,Text,7.655971642607256e-05
education loans,Text,7.650391916026042e-05
used refinance,Text,7.635269606010463e-05
payment left,Text,7.630164854708865e-05
club,Text,7.630101693740161e-05
debt smaller,Text,7.62871730728244e-05
sister,Text,7.612063377922452e-05
income taxes,Text,7.60108682348231e-05
payments pay,Text,7.59933231837756e-05
diego,Text,7.591295630474435e-05
san diego,Text,7.591295630474435e-05
job 32,Text,7.585306248588843e-05
college student,Text,7.571075668821868e-05
350,Text,7.570346561053894e-05
won,Text,7.563524382866286e-05
winter,Text,7.536320757883563e-05
room,Text,7.535758327068367e-05
missed credit,Text,7.526932558006894e-05
carecredit,Text,7.523062145044202e-05
monthly expenses,Text,7.518484014436806e-05
goals br,Text,7.490769394824821e-05
card account,Text,7.460536460776318e-05
funds pay,Text,7.455898895045647e-05
just want,Text,7.45571863186041e-05
cards quicker,Text,7.443755292124387e-05
versus,Text,7.441946057952479e-05
domestic,Text,7.435772538901773e-05
br thanks,Text,7.429967929867268e-05
funds consolidate,Text,7.425956727277772e-05
rate currently,Text,7.409733997495973e-05
trying hard,Text,7.387498592956061e-05
aside,Text,7.387323474608809e-05
09 11,Text,7.36863544751922e-05
help pay,Text,7.366194989530564e-05
frame,Text,7.357611864241184e-05
07 16,Text,7.356826534215376e-05
easier br,Text,7.355656953703274e-05
company like,Text,7.351295428873288e-05
just lump,Text,7.345732139483328e-05
month instead,Text,7.332871843330681e-05
home credit,Text,7.332054974099411e-05
hard make,Text,7.329420400614112e-05
save substantial,Text,7.323712458256653e-05
pay years,Text,7.304880181829253e-05
use funds,Text,7.302981719232615e-05
remainder,Text,7.290991023555834e-05
quicker br,Text,7.285377210732313e-05
fresh,Text,7.27963734954225e-05
financial health,Text,7.271147361124186e-05
20 12,Text,7.268294561850558e-05
12 04,Text,7.262396927302e-05
second,Text,7.258718729584823e-05
10 use,Text,7.249740586102779e-05
continue grow,Text,7.240786351775609e-05
save payment,Text,7.235724008711807e-05
tops,Text,7.229483942121957e-05
police officer,Text,7.22535002899982e-05
help continue,Text,7.214495379653679e-05
affect,Text,7.207374708367499e-05
cards remaining,Text,7.202343324066228e-05
education,Text,7.19143227771726e-05
11 28,Text,7.178880885420877e-05
cards rates,Text,7.16979327469602e-05
10 recently,Text,7.15838502091487e-05
provider,Text,7.139795506331082e-05
debt car,Text,7.130521695110222e-05
taxes owed,Text,7.126036853325246e-05
consolidate existing,Text,7.114632193597122e-05
furniture new,Text,7.104628004757465e-05
refinancing br,Text,7.096647853387824e-05
paying medical,Text,7.095163357616001e-05
health,Text,7.094053668035858e-05
held,Text,7.093911658948585e-05
reduced,Text,7.087319800535763e-05
2005,Text,7.084481031978645e-05
potential,Text,7.064998894058226e-05
rates cc,Text,7.06442060505744e-05
cards intend,Text,7.059507169977082e-05
utilities,Text,7.054035959948165e-05
payment loan,Text,7.050975534289768e-05
month payments,Text,7.03561049182577e-05
making payments,Text,7.034029033022557e-05
16 000,Text,7.031222385295932e-05
issue,Text,7.021971205529868e-05
ease,Text,7.021130445748414e-05
want refinance,Text,7.020229333908503e-05
consolodate credit,Text,7.009499967053218e-05
ends meet,Text,6.997222545806373e-05
loan car,Text,6.996621261673116e-05
pay debts,Text,6.996192172321994e-05
actually,Text,6.995567442236549e-05
make just,Text,6.978940685256332e-05
know debt,Text,6.972449392840199e-05
update,Text,6.968191205272105e-05
hurricane sandy,Text,6.961772085777725e-05
time like,Text,6.95636914415845e-05
years worked,Text,6.938567534436413e-05
600 month,Text,6.924468816018308e-05
steadily,Text,6.923646580590109e-05
loan consolidates,Text,6.922401728849007e-05
garage,Text,6.885746512042316e-05
instead paying,Text,6.865507938317438e-05
03 10,Text,6.863242221386768e-05
purchase furniture,Text,6.853392314959307e-05
cards balance,Text,6.838316830206189e-05
high like,Text,6.836312385847058e-05
plan br,Text,6.831490363166479e-05
owe credit,Text,6.8282798289463e-05
07 13,Text,6.824071647021498e-05
occupation,Text,6.820309643698265e-05
09 07,Text,6.818151001367892e-05
payoff br,Text,6.8040516290544e-05
fiance,Text,6.803361436206222e-05
times month,Text,6.798976512239345e-05
cards needed,Text,6.785659678678847e-05
ridiculous rate,Text,6.784725974152756e-05
cycle,Text,6.783118907884374e-05
savings br,Text,6.768798209266779e-05
nicer,Text,6.766470523510844e-05
cards reducing,Text,6.758032446319869e-05
700,Text,6.754847154097005e-05
saved,Text,6.7544863825021e-05
half br,Text,6.742401892927122e-05
contributions,Text,6.741717237090372e-05
low payment,Text,6.727437747109277e-05
person pays,Text,6.719773325110588e-05
irs,Text,6.71799172015171e-05
head,Text,6.70449043484989e-05
daughter,Text,6.692931335883941e-05
surgery,Text,6.686472408518064e-05
debt loan,Text,6.677846359195167e-05
29 years,Text,6.675597198238169e-05
gotten,Text,6.674245312129765e-05
possible br,Text,6.65926259846703e-05
recession,Text,6.65662035909526e-05
home needs,Text,6.649322713587885e-05
similar,Text,6.638783865616772e-05
questions br,Text,6.633888293771852e-05
excellent credit,Text,6.628142152818294e-05
easier,Text,6.611172558783467e-05
consolidate smaller,Text,6.610237738258145e-05
150,Text,6.605826319490388e-05
little easier,Text,6.596885042970476e-05
accept,Text,6.585755069852989e-05
meet,Text,6.580600989039909e-05
final,Text,6.576084249976965e-05
extra money,Text,6.56782819390134e-05
standing,Text,6.563432191478868e-05
refinancing,Text,6.55099995386918e-05
combined,Text,6.533345971089785e-05
11 home,Text,6.52783758922557e-05
paid accounts,Text,6.525439706882774e-05
fit,Text,6.517283592118586e-05
lower intrest,Text,6.502090102206482e-05
gainfully employed,Text,6.500841521715012e-05
consolidate remaining,Text,6.498687650156541e-05
able make,Text,6.490100235686742e-05
high revolving,Text,6.48450434987121e-05
4000,Text,6.484115023159643e-05
consolidate loans,Text,6.481271406082874e-05
debt good,Text,6.479932765840276e-05
client,Text,6.435244416463686e-05
terms,Text,6.433410005207341e-05
payments 300,Text,6.433096335042504e-05
history lending,Text,6.431581495854426e-05
california,Text,6.419253430331311e-05
consolodate,Text,6.409985870131287e-05
expenses incurred,Text,6.404839871244692e-05
option,Text,6.394099591618256e-05
card 19,Text,6.390266564262197e-05
stable position,Text,6.385478832878241e-05
typically,Text,6.382698785845661e-05
12 missed,Text,6.372478728124122e-05
kitchen br,Text,6.359546948758271e-05
deduct,Text,6.357759330837689e-05
ends,Text,6.35627845141579e-05
december,Text,6.351118870822836e-05
02 02,Text,6.342211417961278e-05
favorable,Text,6.325151192737586e-05
loan little,Text,6.322206477432094e-05
card balance,Text,6.309653764344705e-05
close accounts,Text,6.303916305663175e-05
ny,Text,6.30260793429149e-05
payment want,Text,6.300174304255693e-05
intrest rates,Text,6.295314086042129e-05
entire,Text,6.295062072760742e-05
payoff loan,Text,6.28856663528122e-05
loan better,Text,6.27376630678335e-05
barn,Text,6.273681251279391e-05
consolidate payments,Text,6.260916691075193e-05
single payment,Text,6.252815960793456e-05
finish kitchen,Text,6.240985198886889e-05
car credit,Text,6.234615252221173e-05
debt house,Text,6.227227455615069e-05
opposed,Text,6.2232005830758e-05
loan actually,Text,6.220881229305718e-05
lower high,Text,6.217982362736674e-05
having fixed,Text,6.213980647229415e-05
police,Text,6.209772484123628e-05
line work,Text,6.207354245387857e-05
high accounts,Text,6.200094038624269e-05
debt ve,Text,6.199148577384932e-05
range 18,Text,6.198642047683388e-05
includes,Text,6.18895103333298e-05
debt use,Text,6.18846786371416e-05
free credit,Text,6.183088038510748e-05
currently debt,Text,6.180149959613586e-05
rest,Text,6.16307214645343e-05
range,Text,6.147878685813132e-05
fully paid,Text,6.147797187149875e-05
06 19,Text,6.147024784349816e-05
got credit,Text,6.144082588459394e-05
job stability,Text,6.138446575315107e-05
claim,Text,6.13140945491024e-05
time currently,Text,6.131049879437221e-05
projects,Text,6.11993402517601e-05
card debit,Text,6.107230929837618e-05
going use,Text,6.088787888283532e-05
100 miles,Text,6.084913093386416e-05
emergency,Text,6.0818785233652155e-05
improve cash,Text,6.0700454065614845e-05
miscellaneous,Text,6.0675792840768364e-05
bills owe,Text,6.0673613908993736e-05
debt accrued,Text,6.062526671849705e-05
overall debt,Text,6.052080777329905e-05
looking buy,Text,6.042511204389099e-05
cards want,Text,6.038452161761267e-05
03 24,Text,6.0305269607374714e-05
best option,Text,6.0246941935601314e-05
year period,Text,6.0221151722737826e-05
house br,Text,6.0180122826296615e-05
consolidate payment,Text,6.012003926322499e-05
12 combining,Text,6.005439490089593e-05
consolidation help,Text,6.0039440563599205e-05
simplifying finances,Text,6.002515022288333e-05
like borrow,Text,5.999353342810074e-05
credit rating,Text,5.999306104039338e-05
card refinancing,Text,5.991866177296477e-05
cards balances,Text,5.991664315453105e-05
gain,Text,5.976120581463341e-05
want debt,Text,5.97158212209196e-05
house years,Text,5.970901987881917e-05
military,Text,5.966969008423046e-05
rate complete,Text,5.9641763921868146e-05
market,Text,5.9633660872623996e-05
thank considering,Text,5.962448167208904e-05
month plus,Text,5.9618997899041046e-05
charges,Text,5.9608634194818185e-05
years employer,Text,5.955911697992523e-05
research,Text,5.940694020790934e-05
small credit,Text,5.9394309914782145e-05
350 00,Text,5.9293547845375784e-05
sandy,Text,5.929326776513017e-05
accounts credit,Text,5.923373044497414e-05
life little,Text,5.922886954444513e-05
ready pay,Text,5.920693129322252e-05
spreadsheet,Text,5.911149907069129e-05
br debt,Text,5.897373289789675e-05
daughter getting,Text,5.880021593338793e-05
years goal,Text,5.870776990908637e-05
08 06,Text,5.869519174210542e-05
make perfect,Text,5.8623769727469864e-05
started working,Text,5.8586029905487074e-05
store credit,Text,5.8567161931272885e-05
10 11,Text,5.850992399060488e-05
changed,Text,5.8480590331696343e-05
thanks considering,Text,5.839630102286473e-05
years know,Text,5.8363123851126305e-05
note loan,Text,5.835080709272457e-05
debts thank,Text,5.82876524471321e-05
reinvested,Text,5.827761745390676e-05
fico,Text,5.8102830055906015e-05
150 month,Text,5.801392121895797e-05
opportunity br,Text,5.797382777713781e-05
thank opportunity,Text,5.7965268874488414e-05
mark credit,Text,5.791730513612431e-05
03 05,Text,5.790607312250503e-05
score current,Text,5.782382568664634e-05
late payments,Text,5.7749579129736814e-05
850 00,Text,5.7719701850921315e-05
like refinance,Text,5.7676831051666314e-05
positive,Text,5.767412513666434e-05
accumulated credit,Text,5.761805195206149e-05
loan allow,Text,5.743577678642956e-05
time loan,Text,5.7376517315471074e-05
21 12,Text,5.737405102415228e-05
09 09,Text,5.7259872241942724e-05
decent,Text,5.722846388685379e-05
hinder,Text,5.714159223516889e-05
timely manner,Text,5.711213992946935e-05
good salary,Text,5.7090870268084495e-05
install,Text,5.7008942265982905e-05
month br,Text,5.697250753958874e-05
cards loan,Text,5.691099081628458e-05
safe,Text,5.689667510648034e-05
line credit,Text,5.679631632253177e-05
erase,Text,5.673148791257795e-05
post,Text,5.6675356494698936e-05
hole,Text,5.661097564003106e-05
family life,Text,5.655775146028095e-05
18 years,Text,5.6543304646588084e-05
money owed,Text,5.649257205439233e-05
needing money,Text,5.644263715870802e-05
doctors,Text,5.6381563646714386e-05
make like,Text,5.6308518240771494e-05
tons,Text,5.625706868976284e-05
debt want,Text,5.624118028128209e-05
gainfully,Text,5.615857831258079e-05
use pay,Text,5.6155210157370226e-05
payments loans,Text,5.6098196848755555e-05
monies,Text,5.592430684202991e-05
paying rates,Text,5.578628132525492e-05
br pay,Text,5.569913700930588e-05
reliable,Text,5.5612913908693964e-05
situation br,Text,5.560876840920493e-05
accounts reduce,Text,5.5599520647543444e-05
major purchase,Text,5.5546927299619e-05
years mortgage,Text,5.55316483711528e-05
applying loan,Text,5.531435582230862e-05
instead br,Text,5.512974971378316e-05
reserves,Text,5.509468880897217e-05
sears card,Text,5.506587365850602e-05
missed late,Text,5.496286513559305e-05
best,Text,5.490743963974485e-05
lump,Text,5.481519851279463e-05
come,Text,5.480299401735304e-05
10 job,Text,5.4797268216166403e-05
accounts consolidating,Text,5.477161733160755e-05
loan credit,Text,5.4687942650396095e-05
university br,Text,5.463064495713792e-05
card companies,Text,5.455289957408126e-05
zero debt,Text,5.449457766591758e-05
000 bank,Text,5.438709709563005e-05
consolidation pay,Text,5.43766406389798e-05
beautiful,Text,5.437058616342322e-05
bathroom,Text,5.431964872864911e-05
counter tops,Text,5.42710154323274e-05
worry,Text,5.4265790634470785e-05
ll able,Text,5.4155158672587316e-05
opportunity,Text,5.4043322054181064e-05
cards sick,Text,5.4023994678152955e-05
quickly lower,Text,5.395484690434848e-05
big,Text,5.391751643495132e-05
year paid,Text,5.3839357180767985e-05
house soon,Text,5.380179578916235e-05
01 16,Text,5.364081953343549e-05
debts buy,Text,5.358812436045306e-05
higher debt,Text,5.3556567076694664e-05
affect credit,Text,5.35512993679703e-05
shows,Text,5.338550265288194e-05
payments single,Text,5.337281322456429e-05
didn want,Text,5.334899692829726e-05
manner,Text,5.3216897259505064e-05
dell credit,Text,5.319627773064557e-05
expensive,Text,5.3185943818962885e-05
rating like,Text,5.315705231849616e-05
length,Text,5.312107162550596e-05
apartment br,Text,5.311327107940285e-05
payoff existing,Text,5.3061931195811445e-05
software developer,Text,5.284683104028873e-05
make ends,Text,5.2818937447704575e-05
12 23,Text,5.281146195484878e-05
big banks,Text,5.278854955437238e-05
cards single,Text,5.275956895053015e-05
completely pay,Text,5.275020957176901e-05
23 12,Text,5.271802359196928e-05
percent,Text,5.265779108458445e-05
outstanding debts,Text,5.258979285376925e-05
age,Text,5.257110111607073e-05
set aside,Text,5.2569244787678955e-05
year plan,Text,5.2567322756948826e-05
specific,Text,5.248688692005945e-05
substantially br,Text,5.2470771603660046e-05
accounts pay,Text,5.2268030450767594e-05
misc,Text,5.2255728198696506e-05
br good,Text,5.222239471449657e-05
easily able,Text,5.219196863233412e-05
month loan,Text,5.2178076832013266e-05
begging,Text,5.217112625401947e-05
600,Text,5.212286538267198e-05
industry,Text,5.2108836793698606e-05
consolidation cards,Text,5.207573828979847e-05
money future,Text,5.207001287117426e-05
credit account,Text,5.204506371162097e-05
new heating,Text,5.204296900463518e-05
cut cards,Text,5.1990817360129356e-05
learned live,Text,5.19067031152261e-05
loans lower,Text,5.189162283297502e-05
bills medical,Text,5.189153785980149e-05
loan using,Text,5.187775622112481e-05
seriously br,Text,5.175580766171541e-05
save 100,Text,5.17368582457124e-05
rates help,Text,5.167552047840793e-05
india,Text,5.166601449940251e-05
usage,Text,5.1564745795784975e-05
folks,Text,5.154450524951849e-05
cards make,Text,5.1491292187157816e-05
shipping,Text,5.146370947934796e-05
checking,Text,5.144887498472252e-05
rate pay,Text,5.138634270389146e-05
roughly,Text,5.137307595998519e-05
mean,Text,5.1208034468023963e-05
regular,Text,5.1198563412980814e-05
field br,Text,5.10543010205852e-05
allow debt,Text,5.102761098392127e-05
overseas,Text,5.102339654474407e-05
card payment,Text,5.0996506317615144e-05
selling,Text,5.0974405095814556e-05
club pay,Text,5.093843673367561e-05
just tired,Text,5.086264804053831e-05
standing br,Text,5.082162054212842e-05
rate monthly,Text,5.080965115254331e-05
citi financial,Text,5.077169457679161e-05
offers,Text,5.071975158434072e-05
mae,Text,5.070717341274294e-05
wisely,Text,5.045211037103018e-05
installing,Text,5.043596137933653e-05
cards 10,Text,5.043052812208498e-05
access,Text,5.028026417566513e-05
02 22,Text,5.026958703306718e-05
14 year,Text,5.019330042604094e-05
fico score,Text,5.017402473608179e-05
pushed,Text,5.009019934979315e-05
company 18,Text,5.005067677312436e-05
experience lending,Text,5.003521686277633e-05
wal,Text,5.003267696631306e-05
wal mart,Text,5.003267696631306e-05
field,Text,4.99605710412389e-05
increase value,Text,4.991617287906721e-05
future currently,Text,4.990803280081415e-05
car loans,Text,4.990468340440232e-05
heating,Text,4.9887029628742065e-05
500,Text,4.9760342265511686e-05
525,Text,4.9753595144264724e-05
fit budget,Text,4.960312863240968e-05
pay closing,Text,4.943485748705746e-05
work order,Text,4.942817139584252e-05
grateful,Text,4.9401820563866885e-05
lower allow,Text,4.9314205531739607e-05
time pay,Text,4.926241079590457e-05
thank loan,Text,4.9246621364091815e-05
11 credit,Text,4.923071117118688e-05
location,Text,4.921412549489482e-05
intelligence,Text,4.9170463384767486e-05
bankruptcy,Text,4.915464643946947e-05
doing home,Text,4.900216471140208e-05
power,Text,4.894256200103531e-05
recent,Text,4.8860103614873954e-05
break,Text,4.883667054696183e-05
damage,Text,4.881447306250043e-05
rate time,Text,4.877127240690083e-05
freedom years,Text,4.8770239002284586e-05
want miss,Text,4.8606206695406506e-05
consoladate,Text,4.852945066363465e-05
visa,Text,4.8500062690457934e-05
used help,Text,4.837134794054944e-05
making monthly,Text,4.831164052844805e-05
rate term,Text,4.8290895385846156e-05
850,Text,4.823854185955122e-05
help son,Text,4.823080824059349e-05
offer,Text,4.822187311200254e-05
travel,Text,4.822017829783835e-05
crisis,Text,4.8180835714476784e-05
proper,Text,4.816859078528812e-05
artists,Text,4.816267998879351e-05
36 month,Text,4.8133969384245755e-05
history credit,Text,4.809901082173338e-05
000 br,Text,4.8063093877359524e-05
thank helping,Text,4.7938403287817747e-05
box,Text,4.7866307546971124e-05
car repairs,Text,4.781916435333147e-05
job pay,Text,4.7812632149616096e-05
rochester ny,Text,4.7778030603580036e-05
11 hello,Text,4.773325960833382e-05
katrina,Text,4.770439917534339e-05
want use,Text,4.763980381165288e-05
having pay,Text,4.762435701527593e-05
payment years,Text,4.750503377838079e-05
huge help,Text,4.7497886040473436e-05
loan close,Text,4.7448385961716726e-05
able new,Text,4.740232255964722e-05
dont want,Text,4.7392777952061484e-05
value home,Text,4.7329481618586565e-05
sole income,Text,4.7326724598098395e-05
debt fixed,Text,4.7315614090545196e-05
current level,Text,4.7286220376767705e-05
owned,Text,4.726291861031249e-05
regular monthly,Text,4.724405889218335e-05
month like,Text,4.7203542502733595e-05
helps,Text,4.711064366445112e-05
forward,Text,4.7003653932519514e-05
1600 month,Text,4.697432158970922e-05
effort,Text,4.694311002614078e-05
member,Text,4.6773289036401774e-05
slate,Text,4.672146205961074e-05
08 20,Text,4.662656877515655e-05
seeking debt,Text,4.66216775727181e-05
12 good,Text,4.64280913819831e-05
28 10,Text,4.634777293154517e-05
care credit,Text,4.62503862001951e-05
happy,Text,4.620434260576093e-05
care personal,Text,4.618886650750497e-05
wellsfargo,Text,4.611098157276079e-05
left pay,Text,4.6015579731998314e-05
16 12,Text,4.598659572319259e-05
order work,Text,4.590568199594305e-05
payments budget,Text,4.583423825661042e-05
22 12,Text,4.582166074751187e-05
funds loan,Text,4.5781920479992915e-05
sallie mae,Text,4.564642380862309e-05
shorter time,Text,4.561651917828859e-05
make easier,Text,4.5557548672637554e-05
pay lower,Text,4.5548235323213896e-05
economic,Text,4.5532918715923585e-05
card personal,Text,4.547292523582098e-05
master card,Text,4.533910560334067e-05
credit paid,Text,4.5315327301963814e-05
hard,Text,4.527640111472809e-05
terminate,Text,4.524169511356387e-05
amp car,Text,4.523095423014271e-05
think,Text,4.507430754428079e-05
said,Text,4.506224839138343e-05
total 10,Text,4.4933304268059165e-05
rates 20,Text,4.476498200214239e-05
getting older,Text,4.476356387820124e-05
1500,Text,4.475328109382237e-05
make life,Text,4.474915492019883e-05
credit credit,Text,4.472537043434005e-05
01 20,Text,4.465469141479727e-05
love pay,Text,4.463057726874652e-05
american,Text,4.4588004624737985e-05
loan 100,Text,4.4583398352089904e-05
6000 br,Text,4.45583003540842e-05
house purchase,Text,4.4553061820218126e-05
income supports,Text,4.454613577778038e-05
income tax,Text,4.4472621725124715e-05
rates range,Text,4.444885611926863e-05
clearing,Text,4.4436234056910124e-05
selection,Text,4.4431800490432365e-05
smaller debts,Text,4.437616334388546e-05
help paying,Text,4.437387494874822e-05
perfect payment,Text,4.436822240818604e-05
loan just,Text,4.434431135635312e-05
payments good,Text,4.4284163700221366e-05
high store,Text,4.423735489929025e-05
month compared,Text,4.411387815454338e-05
10 23,Text,4.4013982708810865e-05
computer field,Text,4.3998829985179524e-05
ease stress,Text,4.391458274271378e-05
bank america,Text,4.389789725875882e-05
answer,Text,4.387419964440744e-05
years job,Text,4.3873373990155134e-05
previously,Text,4.386731267414312e-05
card accounts,Text,4.381714757156779e-05
small medical,Text,4.37063044027374e-05
work br,Text,4.367958356819094e-05
22 11,Text,4.365087414663116e-05
cards used,Text,4.361299896934268e-05
external,Text,4.359360090249991e-05
requesting debt,Text,4.354461094802263e-05
paid year,Text,4.353180005656244e-05
initial,Text,4.345304764881778e-05
rental br,Text,4.328282315832711e-05
excess,Text,4.312746639297221e-05
jobs,Text,4.303936700671302e-05
monthly mortgage,Text,4.303326549861455e-05
load consolidate,Text,4.2989998369874874e-05
payment making,Text,4.292574093714029e-05
worked,Text,4.28644468212797e-05
years plan,Text,4.285248038611965e-05
debits,Text,4.28521734311401e-05
title,Text,4.2817132224908784e-05
new location,Text,4.279929411254645e-05
20 10,Text,4.278915839937541e-05
lot payments,Text,4.273433626054109e-05
currently paying,Text,4.271936906548353e-05
sorry,Text,4.268477829051495e-05
march,Text,4.2656769778794255e-05
refinance lower,Text,4.26330476569129e-05
health care,Text,4.2507586727220755e-05
sole purpose,Text,4.247763564866221e-05
continuous,Text,4.2443398153824655e-05
funded loan,Text,4.240178610551462e-05
assist,Text,4.2381195737579804e-05
remodel,Text,4.235897651937298e-05
11 years,Text,4.23272810379637e-05
necessary,Text,4.226207072350584e-05
contract,Text,4.225127289130515e-05
spend,Text,4.2216991875067496e-05
card chase,Text,4.220708928530875e-05
credit profile,Text,4.218634819410556e-05
smaller ones,Text,4.21778804520765e-05
cards house,Text,4.217002552128573e-05
default,Text,4.215798559969488e-05
skyrocketed,Text,4.212069087789969e-05
free appreciate,Text,4.210341143775042e-05
loan great,Text,4.209929162103929e-05
high loans,Text,4.2098370706818225e-05
additional information,Text,4.204264826363162e-05
quoted,Text,4.1958826312956604e-05
apr br,Text,4.1926989845190925e-05
pymt,Text,4.18738903773328e-05
11 10,Text,4.1847327711386945e-05
way don,Text,4.1828833334587384e-05
pay principal,Text,4.181039639383232e-05
help hope,Text,4.1789302667216325e-05
cards live,Text,4.16960074300942e-05
kitchen home,Text,4.16910514893557e-05
better paying,Text,4.1550414336812256e-05
grand,Text,4.1534719561567576e-05
money lower,Text,4.145492338798739e-05
08 05,Text,4.1436167707673135e-05
easily make,Text,4.1415176319082235e-05
equity line,Text,4.140524182227181e-05
card high,Text,4.1365882116929694e-05
pay revolving,Text,4.1351398637882155e-05
order pay,Text,4.127856108010225e-05
debt consolidating,Text,4.127364110672225e-05
investment loan,Text,4.123415202065241e-05
hope able,Text,4.118482232335879e-05
2012,Text,4.118081078404385e-05
address,Text,4.1176184937052157e-05
smaller payments,Text,4.113492954134969e-05
minimal,Text,4.1077872834881005e-05
small high,Text,4.1008614513957926e-05
position years,Text,4.1000435099268084e-05
years continue,Text,4.0991377530867104e-05
problem,Text,4.0990619785374816e-05
looking lower,Text,4.093457039281625e-05
try,Text,4.084853684009253e-05
consolidate revolving,Text,4.0782001723933954e-05
thank god,Text,4.0724045204142253e-05
200,Text,4.054183423967502e-05
loan repayment,Text,4.052011740576537e-05
loan continue,Text,4.051077511939824e-05
monthly outflow,Text,4.049345041307413e-05
small car,Text,4.046111306217202e-05
repaint,Text,4.0451059740929695e-05
ride,Text,4.040110756736909e-05
higher apr,Text,4.0394995048228736e-05
application loan,Text,4.033976945116632e-05
month want,Text,4.031410993487453e-05
sources,Text,4.0244626370002486e-05
floors,Text,4.0224094056780064e-05
left,Text,4.0223763354272145e-05
3800 00,Text,4.0212775062271e-05
im trying,Text,4.01838158042123e-05
debt just,Text,4.007467090204199e-05
grow,Text,4.0038723274908354e-05
years begin,Text,3.9982619652779084e-05
start living,Text,3.988366483999366e-05
recommended,Text,3.98756438151667e-05
issues past,Text,3.980227348384507e-05
consistent,Text,3.978717155728042e-05
substantial money,Text,3.970605816521966e-05
stable company,Text,3.967917486372711e-05
buy new,Text,3.9631763510198154e-05
time save,Text,3.9408157574138924e-05
paying large,Text,3.935411757616115e-05
49,Text,3.919481895773895e-05
payments getting,Text,3.902268712524828e-05
money left,Text,3.9000462330220494e-05
tackling,Text,3.895378497667869e-05
club able,Text,3.882308552060411e-05
rv,Text,3.8818973823575076e-05
loan eliminate,Text,3.880508397276759e-05
club look,Text,3.8710782522305905e-05
cards monthly,Text,3.861345971417012e-05
dress,Text,3.8568840512114025e-05
instead making,Text,3.8527673072260726e-05
debt manageable,Text,3.8525608998312027e-05
bank american,Text,3.8481086965431174e-05
02 24,Text,3.8447825227812394e-05
college started,Text,3.844389582486595e-05
06 22,Text,3.843190106637844e-05
work years,Text,3.8385783474382294e-05
loan loan,Text,3.835013594274247e-05
loan time,Text,3.823633039797571e-05
help finances,Text,3.820702888744018e-05
save payments,Text,3.816069481794153e-05
reasons,Text,3.814554478733017e-05
including,Text,3.811381265411445e-05
pay br,Text,3.805387151243851e-05
extremely reliable,Text,3.804703381693474e-05
wanting consolidate,Text,3.803572734731961e-05
tile,Text,3.7989174628400456e-05
budget plan,Text,3.7968763921041665e-05
adds,Text,3.7846585380038974e-05
ultimate goal,Text,3.780889231862248e-05
questions,Text,3.7800488204509104e-05
owned home,Text,3.77733601722353e-05
fulfill,Text,3.776548718057018e-05
make family,Text,3.774908098349134e-05
position pay,Text,3.774907695091956e-05
06 07,Text,3.7729642439136365e-05
spend time,Text,3.761496829546311e-05
save br,Text,3.761188495255139e-05
progress,Text,3.755844647314297e-05
ve missed,Text,3.754572356796552e-05
interested,Text,3.753876315629196e-05
installing new,Text,3.753021022668288e-05
12 time,Text,3.752482762895775e-05
incurred,Text,3.750149495761674e-05
consoladate credit,Text,3.7497063930880626e-05
approve,Text,3.74705516455913e-05
pay balances,Text,3.740952179620192e-05
card car,Text,3.7405147465926973e-05
car able,Text,3.737034095580268e-05
solutions,Text,3.7360427294489276e-05
little short,Text,3.731515687048541e-05
just trying,Text,3.725901836602299e-05
approved,Text,3.720201003274778e-05
11 22,Text,3.720140468591844e-05
improvements home,Text,3.718178371648512e-05
just need,Text,3.717637774717056e-05
write,Text,3.706000762529298e-05
funds debt,Text,3.704536948758703e-05
despite,Text,3.7023928005480947e-05
learned lesson,Text,3.696366751937632e-05
02 21,Text,3.69392587216391e-05
loan favorable,Text,3.693054585438002e-05
vacation property,Text,3.691556968340652e-05
college graduated,Text,3.6881327217883155e-05
unnecessary,Text,3.683050169517314e-05
flow,Text,3.667267879592593e-05
marital,Text,3.666840736543433e-05
people need,Text,3.66060027750187e-05
expenses car,Text,3.658118993492467e-05
disability,Text,3.652470908994448e-05
yrs thank,Text,3.641073024813734e-05
9000,Text,3.6378008740236524e-05
profile br,Text,3.6315768923324366e-05
important thing,Text,3.629817869608569e-05
saving money,Text,3.6294578045781856e-05
renovations,Text,3.6231703992763694e-05
300 00,Text,3.622508182161991e-05
money finally,Text,3.6165473645513046e-05
solely,Text,3.600796902016334e-05
account paid,Text,3.5996805078864643e-05
pay higher,Text,3.59550599661722e-05
steadily employed,Text,3.590567285278374e-05
month bills,Text,3.589276092477946e-05
paying total,Text,3.589004084731286e-05
satisfy loan,Text,3.5879199442821856e-05
000 owe,Text,3.586638301468258e-05
plan debt,Text,3.585145666131861e-05
years ve,Text,3.582869056863019e-05
debt pay,Text,3.58093597744937e-05
global,Text,3.5753836217173124e-05
car expenses,Text,3.5692373416484755e-05
checking account,Text,3.5684566047120864e-05
king,Text,3.551099481814524e-05
total balance,Text,3.550663174995169e-05
want new,Text,3.548430172190572e-05
long,Text,3.5477209795988076e-05
events,Text,3.5463959596703655e-05
payment house,Text,3.543644503454048e-05
loan balances,Text,3.535813511703551e-05
home rental,Text,3.531288249496674e-05
installation br,Text,3.52913727565871e-05
set br,Text,3.527934259467644e-05
work experience,Text,3.5261026388136454e-05
large debt,Text,3.519275985424157e-05
purchased new,Text,3.5158336406087094e-05
investors,Text,3.507021396310283e-05
ny br,Text,3.491585184402769e-05
years previous,Text,3.4912063482321586e-05
rate amp,Text,3.489758086061395e-05
hoping pay,Text,3.489698915235065e-05
improvment,Text,3.488004295049833e-05
shorter,Text,3.486797963346958e-05
patio,Text,3.486679104181099e-05
lowered rate,Text,3.485415528945208e-05
23 09,Text,3.484486051267069e-05
longer,Text,3.481725887234159e-05
description,Text,3.4810633082656055e-05
discover chase,Text,3.477343174275472e-05
house selling,Text,3.475820586313208e-05
surgeries,Text,3.4743047169910436e-05
balance br,Text,3.465497903418243e-05
instead having,Text,3.4619000560586254e-05
loan cover,Text,3.454128738913011e-05
sears,Text,3.449993611016817e-05
job good,Text,3.4411682389119e-05
easily,Text,3.4301857832756065e-05
awesome,Text,3.426468040925474e-05
debt incurred,Text,3.4184027923553325e-05
years come,Text,3.409221963003698e-05
stability,Text,3.4090127637284924e-05
minimize,Text,3.4010967633652344e-05
guard,Text,3.397683173966478e-05
thought,Text,3.387982633116457e-05
feel free,Text,3.382888648867661e-05
tied,Text,3.380733885981955e-05
annuity,Text,3.3780554026066945e-05
rate cut,Text,3.377517184313389e-05
repayment br,Text,3.366354715002053e-05
layoff,Text,3.36415974828819e-05
rv br,Text,3.357755615169859e-05
card refinance,Text,3.3554553050480125e-05
reimbursed,Text,3.353700682593149e-05
payoff car,Text,3.3504274191008775e-05
huge,Text,3.3309082383516895e-05
tired,Text,3.329588782633548e-05
card student,Text,3.3280321012006067e-05
kitchen bathrooms,Text,3.3276464697086086e-05
budget 6000,Text,3.3268694906862434e-05
security,Text,3.3211118796158645e-05
processing,Text,3.314677443830127e-05
hit,Text,3.309767685419103e-05
needs work,Text,3.3064895425531255e-05
remodeling,Text,3.3061019380417566e-05
100 debt,Text,3.3052512758573504e-05
seven,Text,3.3018191445513334e-05
consolidating higher,Text,3.3014661272266605e-05
work industry,Text,3.295699192233503e-05
good investment,Text,3.294559645907326e-05
debt rate,Text,3.2900777030007395e-05
large revolving,Text,3.289420274573894e-05
securing,Text,3.286020834098765e-05
bank high,Text,3.285335503734165e-05
cover moving,Text,3.282235168118662e-05
amex,Text,3.27978448272327e-05
help wedding,Text,3.27866813143647e-05
tax pay,Text,3.2784248701270695e-05
cost debt,Text,3.272756869091276e-05
p2p,Text,3.2708878088607115e-05
income listed,Text,3.2707473579074614e-05
end tunnel,Text,3.268988852607772e-05
debt like,Text,3.2662578339199956e-05
pay investors,Text,3.265410181858601e-05
finally position,Text,3.261699397785877e-05
consolidation stable,Text,3.257871818256753e-05
responsible professional,Text,3.253541991928237e-05
upgrade home,Text,3.253378215075308e-05
month fixed,Text,3.250174964408123e-05
jc,Text,3.249324071089818e-05
mos,Text,3.247790321491795e-05
750,Text,3.247091893076223e-05
yrs br,Text,3.2462630966775324e-05
debt better,Text,3.2446540599285085e-05
cards hoping,Text,3.2383084533771176e-05
arts,Text,3.236949195150402e-05
166,Text,3.2341040003436464e-05
duration,Text,3.230462392017277e-05
months work,Text,3.230430472160179e-05
party,Text,3.2295861910484894e-05
use consolidate,Text,3.2294584660423156e-05
deployments,Text,3.2271659676557523e-05
600 credit,Text,3.225023717414972e-05
pay tax,Text,3.221421783469091e-05
debt having,Text,3.2186296638139575e-05
range 13,Text,3.2117020085476635e-05
payments 650,Text,3.2041533272876595e-05
pay current,Text,3.202936578451568e-05
time br,Text,3.2026650725077245e-05
debt payoff,Text,3.1981331761895575e-05
debt debt,Text,3.190988219646316e-05
highly recommended,Text,3.184983811410007e-05
2nd mortgage,Text,3.1801837572481426e-05
remodeling kitchen,Text,3.179225192626247e-05
br job,Text,3.175727648213544e-05
amounts br,Text,3.169808330517664e-05
like late,Text,3.1681856242651675e-05
debts order,Text,3.164621292886261e-05
rate know,Text,3.1590949212908376e-05
substantially,Text,3.147048817616892e-05
rooms,Text,3.1404122239501554e-05
time rid,Text,3.1403158253771074e-05
increasing credit,Text,3.1386212206214705e-05
withdrawal br,Text,3.1256494181797575e-05
merry,Text,3.1212556177291666e-05
bank rate,Text,3.113782214301414e-05
month dont,Text,3.110788286801797e-05
pay balance,Text,3.109149050019892e-05
deck br,Text,3.107363144529821e-05
loan lend,Text,3.1058061362955075e-05
health insurance,Text,3.105444113883921e-05
profile,Text,3.1038026791171735e-05
consolidated,Text,3.094350789736435e-05
credit balance,Text,3.091735382753682e-05
single manageable,Text,3.091104822003748e-05
4000 pay,Text,3.0890984983483656e-05
pay debits,Text,3.087754050341912e-05
lines,Text,3.081596791470475e-05
obtaining loan,Text,3.0799794800600945e-05
exact,Text,3.0750379116949655e-05
money paid,Text,3.074710296715788e-05
2005 harley,Text,3.0742052990933674e-05
require,Text,3.073483805771109e-05
secondary,Text,3.06875353584174e-05
payment stable,Text,3.0658498271874936e-05
payment paying,Text,3.065706035564988e-05
schedule,Text,3.065551942379927e-05
bal,Text,3.0601225949641715e-05
approx 350,Text,3.0565826662643405e-05
promotional,Text,3.0542094219993244e-05
fact paid,Text,3.0541783350277295e-05
small amounts,Text,3.050427542448577e-05
lent,Text,3.048053056312759e-05
funded,Text,3.0473144692901166e-05
seven years,Text,3.045331324354372e-05
credits cards,Text,3.0432271974367848e-05
cost,Text,3.03897191227312e-05
bringing,Text,3.0354360159607935e-05
need make,Text,3.033534237523646e-05
92,Text,3.0332737381289977e-05
incurred medical,Text,3.0296012276993342e-05
loan business,Text,3.027240735442587e-05
11 proceeds,Text,3.0257411396955393e-05
ve paying,Text,3.0248807215751313e-05
overdue,Text,3.0111350641325244e-05
extra,Text,3.0106157550083158e-05
usage credit,Text,3.0086703598790117e-05
stable monthly,Text,3.0083232152985525e-05
paid cash,Text,3.003145620796879e-05
56,Text,2.9932437223003493e-05
29 11,Text,2.9883997373362354e-05
provide information,Text,2.9846315459768295e-05
dad,Text,2.9775085961761793e-05
discharge,Text,2.9720033023154818e-05
improve fico,Text,2.9693234119838383e-05
able lower,Text,2.966573150699708e-05
loan increased,Text,2.9662578161510903e-05
little higher,Text,2.9659266802385345e-05
applied,Text,2.9617321190659543e-05
refinance personal,Text,2.954305842955132e-05
refinanced,Text,2.9492197426261864e-05
loan good,Text,2.9445446700936888e-05
card like,Text,2.942919222681686e-05
game,Text,2.929138228052896e-05
shopping,Text,2.928239485656472e-05
debt way,Text,2.9172221898276207e-05
owe,Text,2.9159642882667694e-05
payment plan,Text,2.911651149353899e-05
company doubled,Text,2.9078657917289992e-05
budgeting,Text,2.9067329489590025e-05
confidence br,Text,2.905280566418862e-05
time hope,Text,2.903340235338054e-05
payments consolidating,Text,2.89650774794358e-05
bearing,Text,2.891385500084085e-05
10 wanted,Text,2.8909340472452935e-05
balances payment,Text,2.8905154376546924e-05
pay sooner,Text,2.8870931825240748e-05
im using,Text,2.8815178708607697e-05
lenders br,Text,2.88085257428807e-05
round,Text,2.8797061003225534e-05
paying 600,Text,2.874741795842736e-05
debts thanks,Text,2.8723376453634117e-05
balances reduce,Text,2.872200910848583e-05
home improvment,Text,2.871504643105453e-05
safe investment,Text,2.8705648444176085e-05
lesson credit,Text,2.8700411613655035e-05
sir,Text,2.869281049507478e-05
grateful opportunity,Text,2.8652369135377467e-05
sallie,Text,2.8641778335711873e-05
saves,Text,2.861134280576819e-05
highly responsible,Text,2.8602836004144466e-05
loan remainder,Text,2.8585028101977666e-05
saved money,Text,2.8544725711409155e-05
pays bills,Text,2.851393441395218e-05
officer,Text,2.8497830941853155e-05
20 years,Text,2.8328301132612034e-05
dollar,Text,2.832366804099351e-05
make monthly,Text,2.8285269550163837e-05
sale,Text,2.823032484979293e-05
addition credit,Text,2.821195327017383e-05
considering br,Text,2.821097892472551e-05
help make,Text,2.81429539782595e-05
closet,Text,2.8142823945367852e-05
graphic,Text,2.8124197430930305e-05
wish consolidate,Text,2.8089180357488504e-05
walk,Text,2.8083954115463132e-05
outstanding,Text,2.8051736863741275e-05
dig hole,Text,2.803181460066249e-05
needless say,Text,2.7947442086880404e-05
carrying high,Text,2.794565370134277e-05
walk closet,Text,2.7920104239213863e-05
outstanding balances,Text,2.791943128600815e-05
surgery year,Text,2.7906062538106638e-05
car longer,Text,2.7891314088961817e-05
car br,Text,2.778223604835697e-05
ve job,Text,2.773486015323071e-05
outstanding credit,Text,2.769828638867179e-05
receive funding,Text,2.7630112502641797e-05
supports,Text,2.762446881514662e-05
rating,Text,2.7571461262248717e-05
loan refinancing,Text,2.7546732991512064e-05
rules,Text,2.749107644336309e-05
successfully,Text,2.742129277286464e-05
followed,Text,2.7383760135553272e-05
tooth,Text,2.731916535735073e-05
merge,Text,2.7283976373336215e-05
payment good,Text,2.727615128301598e-05
loan save,Text,2.7265445910686214e-05
previous job,Text,2.7260230086790447e-05
2100,Text,2.724067438602558e-05
rent payments,Text,2.7208436795499185e-05
car accident,Text,2.72054461652826e-05
simplifying,Text,2.7198066071531817e-05
upgrading,Text,2.718581114106754e-05
cards long,Text,2.718535310049031e-05
having make,Text,2.7183543430915556e-05
piled,Text,2.709540050026304e-05
typically pay,Text,2.7095182454353465e-05
erase debt,Text,2.7065335969225225e-05
identical,Text,2.7056100748333328e-05
cards cancel,Text,2.7030075238437632e-05
offered br,Text,2.697927382001519e-05
income wife,Text,2.691539599354693e-05
loans company,Text,2.6901460439767235e-05
basically want,Text,2.6901160425496674e-05
members,Text,2.689885752423236e-05
trying make,Text,2.6890234377005076e-05
visitation,Text,2.688267085102642e-05
home lived,Text,2.6849666070027285e-05
consolidate lending,Text,2.6718592048098756e-05
wedding br,Text,2.669783152524199e-05
cut credit,Text,2.6674988834040314e-05
paying br,Text,2.6568379689064705e-05
higher lending,Text,2.6522083098982605e-05
emergencies br,Text,2.651137665278683e-05
mark,Text,2.6465866070368838e-05
difficulty,Text,2.6443428033810125e-05
rates hoping,Text,2.642561618802749e-05
help br,Text,2.6416705678817965e-05
month net,Text,2.6336384170771814e-05
years want,Text,2.630724119882538e-05
make home,Text,2.6306525275764185e-05
job manager,Text,2.628076827396007e-05
pay good,Text,2.627543838964934e-05
story br,Text,2.625590711243583e-05
wanting refinance,Text,2.619638897796379e-05
car paying,Text,2.6188483329073925e-05
aren,Text,2.618097777373198e-05
second mortgage,Text,2.6171201434045822e-05
set pay,Text,2.6170816738476446e-05
researching,Text,2.6144851963179386e-05
completed br,Text,2.5982659640958666e-05
2nd,Text,2.5951214964483455e-05
knowing,Text,2.5930177793829935e-05
credit higher,Text,2.5922508994848782e-05
loan expenses,Text,2.588744862154903e-05
pay quickly,Text,2.5879347678216777e-05
dental,Text,2.5861787520675484e-05
funeral expenses,Text,2.5848446514078997e-05
dearly,Text,2.5831908874704447e-05
extraordinary,Text,2.5818926433496326e-05
value,Text,2.5768329693544822e-05
br love,Text,2.5759323470957693e-05
pay credits,Text,2.575007328546875e-05
home inprovements,Text,2.5687397069706684e-05
grand kids,Text,2.5671540254241038e-05
cards left,Text,2.5654770921104567e-05
free high,Text,2.559271173413502e-05
make car,Text,2.5516996585053167e-05
member lending,Text,2.5482744294745774e-05
750 month,Text,2.5466776356219624e-05
learned,Text,2.545445191818304e-05
install new,Text,2.5437447098980143e-05
investor,Text,2.5391001636771733e-05
purchases credit,Text,2.537744111902513e-05
loans payment,Text,2.5376627466905497e-05
good news,Text,2.5340801814800758e-05
approx,Text,2.5311086641404346e-05
history monthly,Text,2.5309267625914446e-05
ve making,Text,2.5258180441952417e-05
cards total,Text,2.5242582040763344e-05
ask,Text,2.5204591892286063e-05
01 09,Text,2.5180730334694728e-05
replace roof,Text,2.5177116098415637e-05
wish pay,Text,2.5155613592646906e-05
like br,Text,2.514387056103471e-05
responsible person,Text,2.5137676584603003e-05
stuck,Text,2.5126153680785057e-05
store cards,Text,2.511931373564779e-05
years military,Text,2.5118885461151628e-05
older,Text,2.5010385667785745e-05
compound,Text,2.498890991679068e-05
need replace,Text,2.4913973278297718e-05
family getting,Text,2.484560520006358e-05
stable employment,Text,2.4807724419277994e-05
feel credit,Text,2.477565947641823e-05
years reduced,Text,2.4766972240572636e-05
job 11,Text,2.4754645408976186e-05
br payment,Text,2.4719044181851176e-05
like start,Text,2.4707712640676013e-05
years don,Text,2.4698536876615308e-05
goal paying,Text,2.466519539658075e-05
refinance existing,Text,2.465548079621338e-05
book,Text,2.4654040652278288e-05
loans start,Text,2.461824566830044e-05
jc penney,Text,2.461646471292534e-05
wife works,Text,2.461490700267706e-05
eliminate br,Text,2.4514907514963134e-05
mo,Text,2.4500091252561266e-05
lower br,Text,2.4486259237100115e-05
reduce,Text,2.4455310496843855e-05
20 like,Text,2.4451204260446844e-05
disney,Text,2.4448275169413714e-05
financial br,Text,2.4436546742449587e-05
consolidate make,Text,2.4410466910695398e-05
consultant,Text,2.440245191470443e-05
job 15,Text,2.4376990343115425e-05
son br,Text,2.4369745656860872e-05
requested br,Text,2.4326624352750965e-05
eliminate revolving,Text,2.4300487574684794e-05
12 12,Text,2.4284547432045987e-05
tunnel,Text,2.4273507545591722e-05
score history,Text,2.4244064379620735e-05
currently pay,Text,2.4226327412694858e-05
opportunity lending,Text,2.4211937146686376e-05
large credit,Text,2.418684426886971e-05
super,Text,2.4178579266758524e-05
loan aggressively,Text,2.4148664148571662e-05
debt clear,Text,2.414719668851337e-05
different credit,Text,2.414083150282157e-05
card good,Text,2.411026733407408e-05
year family,Text,2.4103807677284523e-05
net,Text,2.4056719365668374e-05
bathrooms,Text,2.4051923241174013e-05
want help,Text,2.4051555760722803e-05
10 99,Text,2.4046866653411247e-05
month paid,Text,2.4042754125641268e-05
consolidating high,Text,2.4023423980374325e-05
total 12,Text,2.40151194773179e-05
22 09,Text,2.4009298421912317e-05
finances loan,Text,2.394347924766996e-05
road king,Text,2.393718982560833e-05
express credit,Text,2.3912168367790034e-05
improve credit,Text,2.3900704399262506e-05
approved br,Text,2.389554239928449e-05
car paid,Text,2.38778761260867e-05
08 04,Text,2.381893075215277e-05
large purchases,Text,2.3814828738532944e-05
completed,Text,2.379631732297175e-05
focused,Text,2.3792374330291606e-05
payment credit,Text,2.3679802695518176e-05
company 14,Text,2.3629356100974053e-05
club borrower,Text,2.3625301021124038e-05
till,Text,2.3621686561550375e-05
cards prepare,Text,2.3556619458302232e-05
end cycle,Text,2.351958302595306e-05
job 12,Text,2.3507125104321783e-05
enable pay,Text,2.3496861902695936e-05
debt need,Text,2.349224433679866e-05
loan 13,Text,2.345039043793144e-05
dreaming,Text,2.3428439055954794e-05
flood,Text,2.3392285503281744e-05
500 br,Text,2.3377969486900543e-05
consildation,Text,2.3371691179496294e-05
11 sure,Text,2.335653553970261e-05
ultimate,Text,2.33479901010466e-05
financial freedom,Text,2.333378067979655e-05
prepare home,Text,2.333187321151999e-05
previous,Text,2.3299878158414297e-05
just like,Text,2.3267796069709524e-05
penney,Text,2.323721864404099e-05
12 trying,Text,2.3225771013030543e-05
bk,Text,2.3212978364299854e-05
debt low,Text,2.3162233169477822e-05
allow start,Text,2.315512741338433e-05
185,Text,2.3146689507520397e-05
years seeking,Text,2.3026706478083048e-05
payments extra,Text,2.3017688118495517e-05
provide,Text,2.3015719923754467e-05
06 11,Text,2.300200653950294e-05
debt unexpected,Text,2.3001079742610534e-05
bills set,Text,2.2985156372127006e-05
loan completely,Text,2.2985061723160096e-05
pay shorter,Text,2.2982399362035132e-05
payment combined,Text,2.2977924259068904e-05
honda,Text,2.294396535307871e-05
principal,Text,2.2861800461206684e-05
total owed,Text,2.2846464063095874e-05
outflow,Text,2.277745937758046e-05
federal income,Text,2.2759530738885495e-05
money br,Text,2.2749355456132277e-05
included application,Text,2.2743603143087167e-05
qualified,Text,2.2730365906489984e-05
balance cards,Text,2.271878347309343e-05
specialist,Text,2.2692317582302594e-05
car payment,Text,2.2664565858113647e-05
smaller br,Text,2.264051780433608e-05
just purchased,Text,2.2613461785109858e-05
new place,Text,2.2611500261032127e-05
payments time,Text,2.2543434574791938e-05
line br,Text,2.2511214575145706e-05
meet br,Text,2.250178571138749e-05
900,Text,2.249571666266993e-05
goals,Text,2.248853791599679e-05
let know,Text,2.2485717570962765e-05
p2p lending,Text,2.24779064976753e-05
seriously,Text,2.2460554866257492e-05
installments,Text,2.2443266169303624e-05
mart,Text,2.24429378963241e-05
associated,Text,2.242481248512054e-05
br discover,Text,2.241556608942212e-05
prefer,Text,2.2412797437164795e-05
remodel master,Text,2.234056306825243e-05
sink,Text,2.2337282032767403e-05
merely,Text,2.2334629205282203e-05
loan use,Text,2.233419459310665e-05
loan grateful,Text,2.2323142220063955e-05
cards personal,Text,2.2322670923019267e-05
cash reserves,Text,2.2295817456901617e-05
date br,Text,2.2293259289408573e-05
assistance making,Text,2.2292633445878175e-05
newer,Text,2.229144075801897e-05
debt amp,Text,2.228638140511387e-05
br best,Text,2.2253759270570802e-05
national guard,Text,2.2235863852220513e-05
equal,Text,2.223508012549105e-05
emergencies,Text,2.2180781947427948e-05
going replace,Text,2.2176654556826003e-05
february,Text,2.216849477376205e-05
payment help,Text,2.2147155597291053e-05
need purchase,Text,2.2104994230018437e-05
rates debts,Text,2.2102025379486306e-05
repayment history,Text,2.2065312016985924e-05
reset,Text,2.2050616233649006e-05
rochester,Text,2.199452026052649e-05
plus ve,Text,2.1981852615181286e-05
mortgage home,Text,2.1974978445740333e-05
inprovements,Text,2.1936855008436997e-05
current payments,Text,2.193683293527603e-05
excellent record,Text,2.1846705837418804e-05
earner,Text,2.1814440498368686e-05
payment paid,Text,2.1796701604743185e-05
save month,Text,2.1768874492390172e-05
original,Text,2.1766632469146667e-05
navy,Text,2.1719370964425136e-05
br student,Text,2.168397015309826e-05
10 26,Text,2.1612980066907065e-05
rating br,Text,2.1599319656214002e-05
loan citibank,Text,2.159847677418723e-05
cards home,Text,2.1574410492139836e-05
unions,Text,2.1570782150203435e-05
date debt,Text,2.1570240079342754e-05
companies,Text,2.1557001568964224e-05
loans currently,Text,2.153589918051757e-05
buy time,Text,2.1532972486919443e-05
loans great,Text,2.150714154122624e-05
payment considerably,Text,2.148096818266279e-05
total minimum,Text,2.1477793332226753e-05
requested consolidate,Text,2.1369497120927714e-05
doubled rate,Text,2.13462460093127e-05
used credit,Text,2.133007344987384e-05
365,Text,2.1297739056211977e-05
history speaks,Text,2.129204762952327e-05
payment planning,Text,2.128709917971817e-05
increase,Text,2.122809247235204e-05
nest,Text,2.116515004484905e-05
debt single,Text,2.109781341811427e-05
purchasing,Text,2.1083487767597266e-05
card credit,Text,2.102608943674902e-05
payments substantially,Text,2.0999760832387384e-05
best buy,Text,2.099510511658754e-05
primarily pay,Text,2.0926073956247518e-05
roommates,Text,2.0893627798040907e-05
history defaulted,Text,2.0891523860228333e-05
continue debt,Text,2.0805362258454284e-05
credit important,Text,2.079027352953445e-05
credit looking,Text,2.0715359660560144e-05
demo,Text,2.0694340961640234e-05
handle,Text,2.0692756965301338e-05
chase card,Text,2.0660403086724733e-05
satisfy,Text,2.0645338200849775e-05
reduce charges,Text,2.0596957046977713e-05
living cash,Text,2.0567235819930726e-05
cards help,Text,2.0488159731733616e-05
flooding,Text,2.0479778203465134e-05
money buy,Text,2.0466025021850643e-05
home time,Text,2.0383929110714483e-05
paid want,Text,2.037813784807562e-05
streamlining,Text,2.0356166825494208e-05
salary job,Text,2.033935925144826e-05
54,Text,2.0324459424643088e-05
people,Text,2.029510082568325e-05
ring br,Text,2.0286437192064244e-05
credit unions,Text,2.0281753711258747e-05
th,Text,2.0260824623317848e-05
monthly bills,Text,2.022022594843343e-05
remaining debt,Text,2.0211766329854337e-05
charging,Text,2.017230112477248e-05
high br,Text,2.01567780436439e-05
cards quickly,Text,2.009493952319039e-05
plan pay,Text,2.0091720519583404e-05
99 br,Text,2.004362711526938e-05
looking loan,Text,2.0033548768279363e-05
high debt,Text,2.001663374179287e-05
reducing credit,Text,1.9993066675753673e-05
br personal,Text,1.994732686609596e-05
consolidated loan,Text,1.9936211713065377e-05
help lending,Text,1.9930154340109036e-05
percent br,Text,1.9902744923028234e-05
cash flow,Text,1.9894009139419388e-05
br car,Text,1.9842587036721053e-05
freezer,Text,1.983161475447064e-05
debt investing,Text,1.9830357700194952e-05
accounts lower,Text,1.9713397399311953e-05
family emergency,Text,1.9705013586651625e-05
hope pay,Text,1.970425795015228e-05
payments try,Text,1.9669326685881137e-05
club making,Text,1.9659492525586402e-05
assist paying,Text,1.9655010626204615e-05
expenses equal,Text,1.9648002442176116e-05
amt,Text,1.9641829764801642e-05
fashion,Text,1.9596928865454198e-05
simplify,Text,1.959411531867179e-05
borrower loan,Text,1.9557074827547427e-05
ve company,Text,1.941445260866398e-05
round br,Text,1.939860803866142e-05
original loan,Text,1.9394995048565318e-05
ve carrying,Text,1.935654904017497e-05
14 rate,Text,1.9319644204765845e-05
wash,Text,1.9292956697240947e-05
banks thank,Text,1.9290225880825027e-05
practical,Text,1.9271610212117468e-05
score like,Text,1.9250037207420423e-05
br note,Text,1.9217961967553828e-05
07 22,Text,1.918911938545216e-05
oldest daughter,Text,1.9175143550503507e-05
residents,Text,1.9152429213539712e-05
work completed,Text,1.9122292405227385e-05
seeking,Text,1.9096513273984714e-05
repayment schedule,Text,1.909360312850235e-05
000 money,Text,1.9091793398752032e-05
paying loan,Text,1.908729126756319e-05
america,Text,1.9055946348509284e-05
like low,Text,1.90177893750652e-05
bring monthly,Text,1.898565986573434e-05
282,Text,1.894816674651195e-05
irs tax,Text,1.8931192366081156e-05
climb,Text,1.8876830562458348e-05
100 funded,Text,1.885657108776581e-05
mortgages,Text,1.8853457402242063e-05
going cut,Text,1.8837833542547935e-05
debit,Text,1.8771368667376243e-05
house needs,Text,1.875204421412829e-05
today,Text,1.874704332836962e-05
calculated,Text,1.872677756878764e-05
cards tried,Text,1.8724096159630564e-05
hope helps,Text,1.868928640885556e-05
loan instead,Text,1.8677686311203965e-05
issued,Text,1.867683283200986e-05
cities,Text,1.8647837888969005e-05
responsible reliable,Text,1.860073447262123e-05
credit able,Text,1.8594263217938346e-05
news,Text,1.8550093753990743e-05
13 10,Text,1.8540812889514147e-05
payments history,Text,1.8480368096828594e-05
loan requested,Text,1.846821574764989e-05
verses,Text,1.8390376809519864e-05
payment ease,Text,1.838936215193664e-05
fixed loan,Text,1.8383869996630737e-05
don like,Text,1.8311033948392096e-05
repay credit,Text,1.8295619364928607e-05
pay number,Text,1.8260651190710683e-05
payment card,Text,1.8223580465269992e-05
sure,Text,1.822178677871627e-05
debt quicker,Text,1.818514966744564e-05
ve cut,Text,1.816350473404175e-05
09 19,Text,1.8114936461495635e-05
borrower stable,Text,1.809963660329448e-05
mulitple,Text,1.807315045887158e-05
effective,Text,1.8062979286728207e-05
assist family,Text,1.8047669547701077e-05
money goes,Text,1.80213229114919e-05
help dream,Text,1.7990294749082565e-05
things like,Text,1.797413853246317e-05
debt paying,Text,1.795126928296867e-05
clubs,Text,1.791995557199782e-05
financialy,Text,1.7877786415887595e-05
ceramic,Text,1.782120903278263e-05
account payment,Text,1.781031527572685e-05
580,Text,1.7810088851344726e-05
pay single,Text,1.7799728724874667e-05
like provide,Text,1.7732036677879815e-05
build home,Text,1.773023632756608e-05
consolidation reduce,Text,1.7717520907304785e-05
like end,Text,1.7688966180592666e-05
card game,Text,1.7629074258454075e-05
car pay,Text,1.7598355076276873e-05
truly appreciate,Text,1.757289405718663e-05
record repaying,Text,1.756396987432545e-05
wedding expenses,Text,1.7560543811702312e-05
payment required,Text,1.7506724804628247e-05
economic time,Text,1.7505718742292444e-05
left house,Text,1.7468495168375422e-05
unexpected medical,Text,1.743318609013288e-05
repaying debts,Text,1.740868383635042e-05
locked,Text,1.7405030531103796e-05
00 job,Text,1.7395788534439427e-05
greater,Text,1.737685827313258e-05
leaving,Text,1.7372709682640104e-05
club monthly,Text,1.7355196690201492e-05
goal debt,Text,1.734864408746058e-05
time getting,Text,1.7261036899781563e-05
70k,Text,1.71585238316537e-05
loan order,Text,1.715797586604071e-05
new truck,Text,1.7129086636707423e-05
rate little,Text,1.7128180284989536e-05
make plan,Text,1.710700879675564e-05
investment portfolio,Text,1.7092930304914496e-05
card future,Text,1.709018326739177e-05
smaller monthly,Text,1.7067629442935492e-05
payment rate,Text,1.7054197561737284e-05
rate offered,Text,1.7053609422869317e-05
11 21,Text,1.7046820265718537e-05
want focus,Text,1.704583983142521e-05
existing cards,Text,1.70360645117158e-05
stable economy,Text,1.701466099063131e-05
info,Text,1.6946890121602884e-05
nearly,Text,1.691753120046175e-05
loan versus,Text,1.6858916998113514e-05
credit year,Text,1.6833048748122746e-05
11 27,Text,1.6822199554597408e-05
emergency surgery,Text,1.6805281336259196e-05
obligations,Text,1.6768880766775488e-05
closing cards,Text,1.6729801369936906e-05
replace window,Text,1.672049196444943e-05
retail services,Text,1.6694595758483266e-05
weddings,Text,1.667448903583274e-05
previous lending,Text,1.660682621488696e-05
expenses help,Text,1.658201059104925e-05
3400,Text,1.6575856045981978e-05
paying 400,Text,1.655884643405612e-05
source,Text,1.651231823545606e-05
half years,Text,1.65068983299944e-05
plan loan,Text,1.6497056244306828e-05
primary vehicle,Text,1.647293066897151e-05
college just,Text,1.6467810718724277e-05
pay date,Text,1.645798143274343e-05
company pays,Text,1.6457725923826447e-05
purchasing engagement,Text,1.6456879083463778e-05
life easier,Text,1.6425116867173995e-05
lot sooner,Text,1.640833612043884e-05
pass br,Text,1.64037596270769e-05
contact,Text,1.6374202876481598e-05
question,Text,1.633759887763408e-05
accepted,Text,1.6305607117119436e-05
payment set,Text,1.6291461654245455e-05
pressure,Text,1.627260957854217e-05
mortgage payment,Text,1.6263907430036446e-05
updates,Text,1.626287276498281e-05
clean start,Text,1.626198412962741e-05
issues,Text,1.6182994131411416e-05
fence property,Text,1.6175604515907062e-05
loan tired,Text,1.6153702728277772e-05
period br,Text,1.6149917220200515e-05
push,Text,1.6111556587259702e-05
payment approx,Text,1.6090843242117903e-05
hurricane katrina,Text,1.6059263916332656e-05
loan start,Text,1.6051471011984104e-05
cards cut,Text,1.6035116624582338e-05
receiving loan,Text,1.5998744119269707e-05
job new,Text,1.594552359633789e-05
appreciate thank,Text,1.5897532504916874e-05
payment responsible,Text,1.5888999356519424e-05
quot end,Text,1.5881378924794583e-05
accelerating,Text,1.583835570001255e-05
receiving,Text,1.5835643728919975e-05
rehabbing,Text,1.5823269768273994e-05
path debt,Text,1.5819533194158058e-05
15 500,Text,1.579018721085202e-05
job state,Text,1.577325326861438e-05
payment taking,Text,1.575991908349995e-05
flawless,Text,1.5758548461407543e-05
payoff rate,Text,1.574979517374876e-05
work lower,Text,1.572597382108251e-05
inside house,Text,1.5680806059103374e-05
owe 000,Text,1.566932851174875e-05
time balance,Text,1.5656763723677355e-05
successful career,Text,1.5641582048505237e-05
old loans,Text,1.563605969045727e-05
obtaining,Text,1.562600259201006e-05
balance budget,Text,1.5622256866698414e-05
br balance,Text,1.561121289816685e-05
necessary purchases,Text,1.558460405421758e-05
job ve,Text,1.5566216352473856e-05
br debts,Text,1.553937167170018e-05
light end,Text,1.5537822118896564e-05
control finances,Text,1.5536340197327054e-05
intrest,Text,1.5524305939652124e-05
amp having,Text,1.552254714369913e-05
property owned,Text,1.5521853138342547e-05
paying 19,Text,1.551742798078844e-05
24 11,Text,1.5504968449684456e-05
home like,Text,1.549706320206718e-05
cable,Text,1.5477340559664814e-05
funds available,Text,1.5476839002566358e-05
primarily,Text,1.539222833496671e-05
new loan,Text,1.5388615819068603e-05
clarify,Text,1.5384883970229786e-05
enter,Text,1.5368011025510257e-05
10 000,Text,1.5343544198749278e-05
job hoping,Text,1.532881925321592e-05
new house,Text,1.529139397748144e-05
remodel kitchen,Text,1.5262614427666583e-05
payments br,Text,1.522089497645594e-05
million dollar,Text,1.5145557804030355e-05
buffer,Text,1.5143819496485602e-05
4000 br,Text,1.5125877300731058e-05
14 99,Text,1.5081350511447024e-05
higher pay,Text,1.5073505374724761e-05
credit monthly,Text,1.5021711175359143e-05
cards remodel,Text,1.5016424116788986e-05
lot unexpected,Text,1.5001091304884222e-05
increasing,Text,1.4931895352171934e-05
credit decent,Text,1.4925843447229738e-05
actually lower,Text,1.491816308791419e-05
tile br,Text,1.4916069080224096e-05
living room,Text,1.4912502919871181e-05
aggressively pay,Text,1.4892409151652363e-05
joint,Text,1.488798443443394e-05
truly,Text,1.4874164421395473e-05
loan wish,Text,1.4850505126569026e-05
rates roof,Text,1.4850326457440562e-05
fee,Text,1.4847892391475281e-05
2013,Text,1.4805870060731225e-05
accept loan,Text,1.4803594657942622e-05
tax,Text,1.480151025415335e-05
expenses associated,Text,1.4798528538912933e-05
money live,Text,1.4769987475449778e-05
present,Text,1.4749470783472663e-05
higher cost,Text,1.4742442424526938e-05
additional payments,Text,1.474026712223441e-05
brief,Text,1.4738521637285215e-05
consolidate outstanding,Text,1.4707528912693467e-05
remaining debts,Text,1.4674639452500171e-05
000 want,Text,1.4651277872399136e-05
state,Text,1.4640676202445033e-05
carpet,Text,1.4631308353527944e-05
law school,Text,1.4608984957129947e-05
couple months,Text,1.4595124737322964e-05
lower overall,Text,1.4594378699621357e-05
half payments,Text,1.4547101503222641e-05
000 car,Text,1.453931311240446e-05
start doing,Text,1.449653875505422e-05
patio cover,Text,1.4492676299068403e-05
12 13,Text,1.449227625511966e-05
payment purchase,Text,1.4450338085588947e-05
extend,Text,1.4433788889054427e-05
health issues,Text,1.4430217739743922e-05
expenses loan,Text,1.4428778288810833e-05
5000,Text,1.4427804902116869e-05
loan combining,Text,1.4416449932801786e-05
unusual,Text,1.4396144455307517e-05
dealing,Text,1.4380832811788849e-05
period 36,Text,1.4320723551296879e-05
work company,Text,1.4320222136110111e-05
like debt,Text,1.4316335748027692e-05
transfer balance,Text,1.4292527263315114e-05
month credit,Text,1.4288913148202458e-05
gas utilities,Text,1.42754480004142e-05
remaining portion,Text,1.4263620405173909e-05
clean,Text,1.4251106720028867e-05
03 15,Text,1.4249244861358522e-05
accelerate process,Text,1.4114224700535211e-05
express,Text,1.4088217499729716e-05
car just,Text,1.4086137997563182e-05
repaying,Text,1.4078431894758035e-05
truth,Text,1.4074129562554923e-05
interested obtaining,Text,1.4068425174086115e-05
master bath,Text,1.4067641103732104e-05
employment working,Text,1.4013866718983287e-05
fulltime,Text,1.3975422991143244e-05
32 000,Text,1.3912254078549427e-05
good living,Text,1.3896940568701675e-05
need lower,Text,1.3878199011103332e-05
buy,Text,1.3868958435967283e-05
texas,Text,1.385593185235092e-05
wage earner,Text,1.383669608322118e-05
money help,Text,1.3806750622762336e-05
looking better,Text,1.3784338486951386e-05
pay 000,Text,1.3774130526375075e-05
club years,Text,1.3773430603815547e-05
guarantee,Text,1.3745341530048457e-05
unit house,Text,1.3729743939916332e-05
couple days,Text,1.3729560313347434e-05
loan 900,Text,1.3726771184751389e-05
02 28,Text,1.3726675756550076e-05
entered,Text,1.3725451072472307e-05
improvement project,Text,1.370331115397365e-05
07 27,Text,1.3694086273922283e-05
lower rent,Text,1.366514538430228e-05
balances like,Text,1.364429581547901e-05
tunnel loan,Text,1.3612755669062604e-05
credit lines,Text,1.3611545237433313e-05
time paid,Text,1.3585663225922474e-05
bonuses,Text,1.3532811477495888e-05
build credit,Text,1.3478689073191765e-05
payments like,Text,1.3470865036869038e-05
business money,Text,1.345108511155656e-05
free pay,Text,1.3447183442780196e-05
miscellaneous debt,Text,1.3427031084415356e-05
started business,Text,1.3413172147135399e-05
multiple small,Text,1.3396303997982483e-05
plan credit,Text,1.3372295908845277e-05
pay multiple,Text,1.336935641571308e-05
loan ahead,Text,1.3348006871303395e-05
month using,Text,1.3344881748642431e-05
finances better,Text,1.3335970919022339e-05
small,Text,1.3306499043171229e-05
im currently,Text,1.3273676109360452e-05
cards completely,Text,1.326617612712753e-05
appreciate lending,Text,1.3259940649107075e-05
payments year,Text,1.3241266244805593e-05
trying rid,Text,1.3239595255664568e-05
home large,Text,1.323052710248559e-05
debts simple,Text,1.3210991793121865e-05
easier having,Text,1.3176463814624547e-05
minor car,Text,1.3173405869328257e-05
debts managable,Text,1.316606844279593e-05
simple payment,Text,1.3158934332271411e-05
good deal,Text,1.3151702810517022e-05
harris,Text,1.3090679536790851e-05
life looking,Text,1.3004196045977684e-05
listed,Text,1.2988293466491335e-05
yr,Text,1.2966396199428736e-05
egg,Text,1.2965312754774116e-05
replace old,Text,1.2955922159691876e-05
continuous employment,Text,1.289560572403153e-05
money used,Text,1.2882175496014512e-05
aa,Text,1.2876743859986813e-05
additional income,Text,1.2824933583765678e-05
son pay,Text,1.281093005879724e-05
needless,Text,1.280905792334735e-05
good borrower,Text,1.2806667963783834e-05
va,Text,1.277608597309969e-05
26 000,Text,1.2763840800898275e-05
loan bring,Text,1.2732934711884735e-05
650 br,Text,1.2727608014853356e-05
mistake,Text,1.2720035726167628e-05
grace,Text,1.2717565145560736e-05
16 11,Text,1.2712865528450352e-05
12 09,Text,1.2698216806439783e-05
loan mean,Text,1.2693044887303481e-05
nest egg,Text,1.2615028080921242e-05
improved,Text,1.260934862085605e-05
dollars left,Text,1.256432808082046e-05
evaluating,Text,1.255220771884059e-05
deductible,Text,1.254214042269691e-05
longer car,Text,1.2539748640505594e-05
time period,Text,1.2499349825542452e-05
remaining balance,Text,1.2477221630010676e-05
rate enable,Text,1.2435194552339585e-05
3800,Text,1.2410432089279366e-05
vehicle br,Text,1.2373110584844038e-05
promotional rate,Text,1.2350595807737838e-05
used card,Text,1.2337178246580985e-05
debt close,Text,1.2331068640046849e-05
br second,Text,1.2316593744843199e-05
wrong,Text,1.2311845666900382e-05
reserve,Text,1.2305037638043916e-05
info br,Text,1.2267298158398873e-05
companies work,Text,1.226305667659397e-05
continue path,Text,1.2259149166867395e-05
good health,Text,1.2257078182478901e-05
payments loan,Text,1.2255263171593559e-05
200 br,Text,1.2250967547309854e-05
banks credit,Text,1.222294151981577e-05
00 month,Text,1.2220680053691352e-05
mortgage thank,Text,1.2212677542865367e-05
new living,Text,1.2206228345685576e-05
house payment,Text,1.2200862916175147e-05
case,Text,1.2194101048521415e-05
wins,Text,1.2146839237857042e-05
92 br,Text,1.2118421408768781e-05
room set,Text,1.211064885241274e-05
balloon,Text,1.2104488481525828e-05
larger payment,Text,1.2020420903647754e-05
cards combined,Text,1.202007372292681e-05
thanks funding,Text,1.1955885793141681e-05
person loan,Text,1.1954188666838313e-05
nationwide,Text,1.1952666136353082e-05
allow transfer,Text,1.1915953054387415e-05
br loan,Text,1.1892208027571215e-05
single lower,Text,1.1883078015012622e-05
main,Text,1.1881332974869835e-05
timely,Text,1.1873643151183965e-05
developer,Text,1.1866911520443055e-05
remaining car,Text,1.186560287668286e-05
06 25,Text,1.186088082622211e-05
existing lc,Text,1.1845244980269443e-05
pay card,Text,1.1844126908376703e-05
positive cash,Text,1.1839994294405126e-05
ago paying,Text,1.1838534779577791e-05
great service,Text,1.182711406940383e-05
convenience,Text,1.1821695169028474e-05
time good,Text,1.1813766869727724e-05
lesson,Text,1.181338844565554e-05
wood floors,Text,1.1789342091818575e-05
paid total,Text,1.1760187340538427e-05
rates like,Text,1.1756511165129e-05
car maintenance,Text,1.1748337212879488e-05
work great,Text,1.1742176346055699e-05
783,Text,1.1738738005538044e-05
free allow,Text,1.1729903085503862e-05
58,Text,1.1704034277841721e-05
help consolidate,Text,1.1688978242846093e-05
summary,Text,1.1683676368138734e-05
department,Text,1.164358961277311e-05
good budget,Text,1.163997416280424e-05
year thank,Text,1.1622483313907042e-05
credit union,Text,1.1621016059019851e-05
organized,Text,1.1602245105297419e-05
club previously,Text,1.1575833872952302e-05
plan time,Text,1.1530778818394209e-05
storms,Text,1.152592476354196e-05
cards 15,Text,1.1508018284402676e-05
continuing make,Text,1.1479576831443277e-05
refinance car,Text,1.1426350915499555e-05
va disability,Text,1.1337662949154183e-05
year purchased,Text,1.1330913893850451e-05
repair br,Text,1.1324766039407968e-05
forward working,Text,1.129888651564839e-05
working thank,Text,1.1241294564891076e-05
service,Text,1.1221470672028157e-05
loan funded,Text,1.119534364816006e-05
specifics,Text,1.11642300544687e-05
suntrust,Text,1.116300406937262e-05
accepted job,Text,1.114522123494673e-05
bills home,Text,1.1121576372158462e-05
didn know,Text,1.1101710100896576e-05
debts monthly,Text,1.1054152188240439e-05
stability br,Text,1.1042831723493634e-05
represents,Text,1.1037774813769764e-05
dig,Text,1.1018749084633492e-05
far exceeds,Text,1.099852630340256e-05
sole wage,Text,1.0993441033230613e-05
blessing,Text,1.0927723596240681e-05
grow business,Text,1.0894640015216205e-05
counter,Text,1.0890694263294433e-05
great way,Text,1.0873257193772035e-05
purposes,Text,1.0841187664346328e-05
03 20,Text,1.0837627449419773e-05
look like,Text,1.0784658282366765e-05
quicker payoff,Text,1.0716834956058285e-05
unfortunately,Text,1.0698126109849753e-05
balance 15,Text,1.0688225813361526e-05
position work,Text,1.066356973637615e-05
draws,Text,1.0651442808445229e-05
married need,Text,1.0649675142625697e-05
goal increase,Text,1.0623023716738712e-05
wanted try,Text,1.0614535000160296e-05
year right,Text,1.0589392236106714e-05
carrying balance,Text,1.05805864946111e-05
dollars month,Text,1.0579792057296166e-05
years remaining,Text,1.0501347620100541e-05
rate better,Text,1.0494959050952986e-05
did debt,Text,1.049330435797447e-05
missouri,Text,1.0467710560579647e-05
budget just,Text,1.046543480770977e-05
02 19,Text,1.0458059627908087e-05
credit shows,Text,1.0449814401950472e-05
short cash,Text,1.0447680587338887e-05
major bank,Text,1.0443181677907368e-05
complete financial,Text,1.039740051816901e-05
br accept,Text,1.0356962661904068e-05
sent,Text,1.0338526958988855e-05
managable,Text,1.0336020023489535e-05
inform,Text,1.0323594855935061e-05
thank investor,Text,1.0270151152474909e-05
pay outstanding,Text,1.0245770254384888e-05
12 willing,Text,1.023927163752594e-05
considering loan,Text,1.023141078820367e-05
moments,Text,1.0209113311309327e-05
good paid,Text,1.0183101285251972e-05
high bank,Text,1.0124445624709837e-05
employed position,Text,1.0110491529249902e-05
investors appreciate,Text,1.0103164135876492e-05
pay discover,Text,1.009921441347296e-05
led,Text,1.0057371251914307e-05
resulted,Text,1.0049978621652823e-05
say,Text,1.0048355258220627e-05
excess funds,Text,1.0007406615633336e-05
status,Text,9.95521205384443e-06
stable time,Text,9.953555388028156e-06
fewer,Text,9.936310561708578e-06
21 years,Text,9.912348845820948e-06
net gain,Text,9.906290195758228e-06
pay quicker,Text,9.8350001451744e-06
investors lending,Text,9.827728008227069e-06
close high,Text,9.825419240763866e-06
monthly budget,Text,9.799366609852751e-06
make salary,Text,9.760063759589227e-06
million,Text,9.724481116018707e-06
making loan,Text,9.692285911679016e-06
lock,Text,9.66411561547287e-06
developer company,Text,9.574160412341576e-06
set years,Text,9.539556800648946e-06
business year,Text,9.526045826454068e-06
thankful,Text,9.522770538919332e-06
br accumulated,Text,9.520598646282708e-06
increase overall,Text,9.495560560433417e-06
replace broken,Text,9.452683053504395e-06
dollar company,Text,9.442227709756879e-06
true br,Text,9.430725630968335e-06
brief description,Text,9.429009501203366e-06
accounts goal,Text,9.419074207212531e-06
especially,Text,9.376786198801963e-06
12 22,Text,9.37077482841397e-06
know credit,Text,9.350182006057297e-06
trying lower,Text,9.278211570398936e-06
confidence,Text,9.265309098298774e-06
begin new,Text,9.24463873494712e-06
getting married,Text,9.232156095192221e-06
jumps,Text,9.226572403862354e-06
try br,Text,9.223413347328189e-06
month opposed,Text,9.208680071595178e-06
pay 750,Text,9.202570490466204e-06
holding,Text,9.17996086922023e-06
loan single,Text,9.131411845463734e-06
cards additional,Text,9.027458303329713e-06
assure,Text,9.00578684745338e-06
paid loan,Text,8.982838074513297e-06
mortgage year,Text,8.976869549699592e-06
economy work,Text,8.955262377311043e-06
lc loan,Text,8.90738470462477e-06
investment ve,Text,8.900356980914866e-06
using funds,Text,8.883248700878537e-06
im making,Text,8.882068188656838e-06
like close,Text,8.871223184624275e-06
automatic,Text,8.855467478525429e-06
yesterday,Text,8.841285153713027e-06
ground br,Text,8.83846815980689e-06
save good,Text,8.790977267107911e-06
long time,Text,8.773596587611625e-06
quickly goal,Text,8.755290368858872e-06
bathroom kitchen,Text,8.702403702637016e-06
easier pay,Text,8.681846907261335e-06
annual income,Text,8.639153537286575e-06
lending clubs,Text,8.630539045841762e-06
br revolving,Text,8.623911050521579e-06
receive annual,Text,8.622700966325979e-06
eventual,Text,8.61667331560548e-06
18 12,Text,8.568801140755049e-06
visa account,Text,8.556786299145942e-06
club offers,Text,8.489240285798658e-06
expenses food,Text,8.46790608500215e-06
payments fact,Text,8.45033818904057e-06
card 000,Text,8.44106558804927e-06
11 29,Text,8.428698846653126e-06
outside mortgage,Text,8.427001643819562e-06
wife,Text,8.39461761179646e-06
defaulted late,Text,8.375401821446488e-06
br remaining,Text,8.358851045256853e-06
current debt,Text,8.351099275426926e-06
loan able,Text,8.337534321636041e-06
cash credit,Text,8.329994174967342e-06
relocated,Text,8.305980921008856e-06
allowing save,Text,8.273806463953916e-06
retirement,Text,8.177854054598444e-06
addressed,Text,8.173016325505883e-06
balances zero,Text,8.134241766954898e-06
number,Text,8.13407234779882e-06
save hundreds,Text,8.017715477794046e-06
investor br,Text,7.990387672593456e-06
portfolio,Text,7.970458461244466e-06
significant progress,Text,7.937534170153885e-06
macy,Text,7.909642479175715e-06
help payment,Text,7.902080471909855e-06
crown,Text,7.897058257728093e-06
debt reduced,Text,7.890928706678296e-06
eliminating debt,Text,7.855505505697817e-06
idea,Text,7.848719227676768e-06
free ask,Text,7.771834164196365e-06
appealing,Text,7.767413869085228e-06
15 000,Text,7.752324309140933e-06
cards putting,Text,7.749309041324208e-06
10 rate,Text,7.741385362933168e-06
plan money,Text,7.734874199912959e-06
payoff debt,Text,7.712782466521648e-06
13 500,Text,7.694194859686866e-06
buy house,Text,7.644135287799804e-06
considering request,Text,7.606998857954871e-06
paid debts,Text,7.556843243641438e-06
department br,Text,7.553963391078751e-06
1996,Text,7.5450509274421516e-06
cards new,Text,7.5276801805216745e-06
lesser,Text,7.525888521145611e-06
score improved,Text,7.502661699094731e-06
11 2009,Text,7.501790607899017e-06
9000 br,Text,7.500602104928798e-06
making additional,Text,7.45124811459079e-06
accepted new,Text,7.435561853701244e-06
repairs like,Text,7.421669764070281e-06
project manager,Text,7.409793134457292e-06
vehicle loan,Text,7.399151081095796e-06
time feel,Text,7.374596945677467e-06
madam,Text,7.371476291433898e-06
sir madam,Text,7.371476291433898e-06
feeling,Text,7.3508106101769335e-06
payments wish,Text,7.344332427671782e-06
washer,Text,7.342976528207641e-06
grace period,Text,7.336723529539774e-06
planning,Text,7.33606334624996e-06
paint,Text,7.252945183346186e-06
accelerate,Text,7.235109303259426e-06
extensive dental,Text,7.223694776159688e-06
11 dear,Text,7.212603124144991e-06
progress reducing,Text,7.127378455914802e-06
extensive,Text,7.126147464772858e-06
borrow,Text,7.1090534541989276e-06
657,Text,7.101869584111511e-06
future goals,Text,7.0975139815839505e-06
ago debt,Text,7.067887107541182e-06
21 25,Text,7.06101431567893e-06
12 currently,Text,7.056715227986134e-06
loan got,Text,7.036951405828545e-06
partnership,Text,6.962925548287823e-06
needs new,Text,6.9570325948136394e-06
existing 401k,Text,6.924726984959461e-06
freedom,Text,6.860998003877682e-06
worth debt,Text,6.8559474581120835e-06
need refinance,Text,6.841267775646721e-06
cancel,Text,6.753398675291278e-06
2014,Text,6.73440865075654e-06
range br,Text,6.73086151798518e-06
month car,Text,6.700900240847586e-06
credit job,Text,6.6667321679627685e-06
away,Text,6.661060202649056e-06
bathrooms br,Text,6.648165466288882e-06
car newer,Text,6.646800913785133e-06
did need,Text,6.624724745654833e-06
7000,Text,6.6186870365370196e-06
mo net,Text,6.597055586123761e-06
years consolidating,Text,6.596332742122049e-06
simple,Text,6.590264074525362e-06
college pay,Text,6.5865306004695896e-06
time went,Text,6.561155407856037e-06
wage,Text,6.535263081161939e-06
second home,Text,6.525420177007998e-06
lowered,Text,6.5140505113736124e-06
sandy br,Text,6.498569779096494e-06
pay couple,Text,6.488390030783584e-06
payments improve,Text,6.465717357807044e-06
minor,Text,6.454576226876856e-06
steps,Text,6.422982070535349e-06
br trying,Text,6.413556026705753e-06
inside,Text,6.392824013764831e-06
able,Text,6.383549493845395e-06
19 br,Text,6.383455519592309e-06
01 30,Text,6.360225083054053e-06
cash reserve,Text,6.33043812736183e-06
window,Text,6.29665910915821e-06
steps debt,Text,6.29634347356939e-06
rate 10,Text,6.268957847454133e-06
bank small,Text,6.260860449380001e-06
moving new,Text,6.239857764361984e-06
amp pay,Text,6.203428992938763e-06
national,Text,6.151128093024119e-06
save pay,Text,6.136466137080559e-06
speaks,Text,6.106680124270332e-06
received offer,Text,6.101812203422845e-06
pay expenses,Text,6.093697912906323e-06
scares,Text,6.087753718088452e-06
just case,Text,6.076612882939523e-06
occurred,Text,6.069462863753877e-06
revolving accounts,Text,6.040440658794115e-06
principal br,Text,6.01696292508375e-06
adjust,Text,6.016781131933615e-06
creit,Text,6.009188050419447e-06
dear,Text,6.00858670147635e-06
early years,Text,6.006347941762701e-06
payment debts,Text,6.005951612259803e-06
dryer,Text,5.990547264114954e-06
years dream,Text,5.981928628901984e-06
automatic withdrawal,Text,5.971528386780478e-06
ago started,Text,5.967319166372057e-06
fewer payments,Text,5.96709827667922e-06
city,Text,5.96257900434052e-06
balance lending,Text,5.942762324828053e-06
pass,Text,5.922268840467409e-06
debt revolving,Text,5.91941315713389e-06
185 000,Text,5.901782496477707e-06
loan missed,Text,5.8990846884225326e-06
payment monthly,Text,5.8963331224738746e-06
time little,Text,5.8666421902346195e-06
debt learned,Text,5.857764366816938e-06
br chase,Text,5.774215370311966e-06
fees high,Text,5.770997016043274e-06
pay home,Text,5.761538267417465e-06
appreciate confidence,Text,5.6885225589597075e-06
old loan,Text,5.6831533376054554e-06
loan paid,Text,5.596029790899067e-06
live br,Text,5.5813868062833955e-06
really br,Text,5.5358011597756985e-06
financially stable,Text,5.534296083722892e-06
word,Text,5.528767690570302e-06
improvements help,Text,5.523276399029794e-06
08 16,Text,5.5074954841232004e-06
ahead schedule,Text,5.499121732915868e-06
responsible payments,Text,5.483784728008137e-06
pay new,Text,5.467229305539855e-06
monthly rate,Text,5.440633654916243e-06
options,Text,5.410603222204426e-06
great deal,Text,5.353156317777977e-06
truck pay,Text,5.3291267162673425e-06
9000 credit,Text,5.321510705978829e-06
1996 br,Text,5.320409139241004e-06
payment save,Text,5.313164866839538e-06
improvement purposes,Text,5.312767361444914e-06
term,Text,5.294053756837665e-06
000 payment,Text,5.273780276085912e-06
payment amp,Text,5.2702385045838995e-06
favorable rate,Text,5.26354226370212e-06
rates 21,Text,5.252921161853266e-06
loan 99,Text,5.211853972469051e-06
br total,Text,5.201329042487033e-06
09 additional,Text,5.180527340400988e-06
br citi,Text,5.171815267750452e-06
month trying,Text,5.151251865307752e-06
loan end,Text,5.143401893455009e-06
years went,Text,5.124308406181627e-06
amp make,Text,5.107182576670148e-06
loan consolidating,Text,5.0735896419364254e-06
tires,Text,5.068346888021583e-06
debts want,Text,5.049330700468485e-06
utilities bills,Text,5.003963815264144e-06
zero br,Text,4.973116941100366e-06
club great,Text,4.970316044921675e-06
br goal,Text,4.958107093182998e-06
commitments,Text,4.955000159326754e-06
ask like,Text,4.951130429961045e-06
catching,Text,4.925954634859887e-06
used wisely,Text,4.922787419689752e-06
gross annual,Text,4.898496893950841e-06
balance bank,Text,4.882376441513152e-06
roller,Text,4.8693561005476304e-06
away like,Text,4.814430250339365e-06
live budget,Text,4.788656675431519e-06
budget low,Text,4.758617613688629e-06
outside house,Text,4.705409947070656e-06
paying closing,Text,4.694576096804122e-06
total gross,Text,4.624486243030669e-06
combined minimum,Text,4.606949925142814e-06
difficulty making,Text,4.596911389072366e-06
hand,Text,4.587635956230536e-06
goal 100,Text,4.574328292476582e-06
finances order,Text,4.573437367192445e-06
pay lending,Text,4.5723503371771775e-06
help dig,Text,4.552758630866357e-06
month work,Text,4.5494698884052666e-06
debt year,Text,4.549274455794774e-06
debt purchase,Text,4.540518956440309e-06
owned business,Text,4.523332553090143e-06
payment rid,Text,4.510542549731141e-06
cover,Text,4.507359799154811e-06
believe,Text,4.476798976220303e-06
480,Text,4.432808558881768e-06
allow set,Text,4.387907629749519e-06
purchase car,Text,4.378194173350255e-06
hundreds dollars,Text,4.37266027728334e-06
planning pay,Text,4.366050455477153e-06
time monthly,Text,4.321279044160528e-06
new floors,Text,4.31388681402809e-06
soon like,Text,4.310008013837788e-06
applying,Text,4.3081232373285994e-06
cover br,Text,4.269260123041004e-06
rate compared,Text,4.256346711858573e-06
rate save,Text,4.256089313387605e-06
better control,Text,4.255242275347303e-06
000 years,Text,4.237638688770934e-06
timeshare loan,Text,4.210635538871917e-06
current loan,Text,4.178652203639851e-06
balance paid,Text,4.165794809103347e-06
effect,Text,4.151895241728952e-06
potential lenders,Text,4.132810560128785e-06
appealing br,Text,4.10506501660622e-06
freedom thank,Text,4.092562836500699e-06
income far,Text,4.068431567246194e-06
merry round,Text,4.039258821858846e-06
history important,Text,4.0246487666375884e-06
br sole,Text,4.019284219896972e-06
versus years,Text,4.009109175800405e-06
company half,Text,3.960393277818637e-06
fiance just,Text,3.946657392831187e-06
money big,Text,3.942123869044285e-06
insulated,Text,3.9210884729700096e-06
purchase new,Text,3.91927111026883e-06
combined balances,Text,3.902862883012345e-06
time got,Text,3.894574352549127e-06
debts consolidating,Text,3.864632209918004e-06
food gas,Text,3.851119420125748e-06
payment car,Text,3.8446463836947294e-06
light,Text,3.8406773901561e-06
good history,Text,3.822872526577487e-06
way consolidate,Text,3.819255336237559e-06
br place,Text,3.8176903343680915e-06
cards debts,Text,3.766488324726958e-06
payments obligations,Text,3.752069559695123e-06
making larger,Text,3.745293721029429e-06
unexpected bills,Text,3.734056288889451e-06
goal just,Text,3.7337876430689433e-06
money hard,Text,3.7114513056391184e-06
safer,Text,3.695579164139796e-06
finance loan,Text,3.691999649038231e-06
higher loan,Text,3.691231677203043e-06
excellent work,Text,3.6834207243553155e-06
great idea,Text,3.6817876370700488e-06
11 clarify,Text,3.6441025374619597e-06
remaining 000,Text,3.634171755606557e-06
used family,Text,3.625605722507288e-06
results,Text,3.6107295505071752e-06
short sale,Text,3.610502100659526e-06
requested pay,Text,3.607815523619072e-06
secure,Text,3.600147679349399e-06
year used,Text,3.579330574861006e-06
getting debt,Text,3.574703507693422e-06
economy ve,Text,3.5401921847349887e-06
increased rate,Text,3.524428793728791e-06
help expand,Text,3.5003337457850823e-06
history like,Text,3.4935990105350723e-06
bath,Text,3.493595207658893e-06
help accomplish,Text,3.427728350090291e-06
status br,Text,3.4213473216659625e-06
loan process,Text,3.411510057326312e-06
paid great,Text,3.409860464154591e-06
loan lending,Text,3.3846370952210952e-06
322,Text,3.3462023618158797e-06
achieving,Text,3.3228524496799254e-06
important br,Text,3.3126985780858898e-06
offered job,Text,3.308342018519982e-06
month able,Text,3.254891661748074e-06
profits,Text,3.180999715988011e-06
19 12,Text,3.165136439269869e-06
opened,Text,3.141982119412219e-06
fair rate,Text,3.136918559804476e-06
br credit,Text,3.0964155704218873e-06
month currently,Text,3.0856479402235853e-06
ahead payments,Text,3.049503291045425e-06
25 br,Text,3.0417755500993335e-06
accounts years,Text,2.928114733211892e-06
loan hope,Text,2.895340870562755e-06
free yrs,Text,2.8829565883886016e-06
travel work,Text,2.8284870063364434e-06
balance 500,Text,2.7773744523407554e-06
paid capital,Text,2.767737223048868e-06
end credit,Text,2.7526324980138562e-06
heloc,Text,2.717349293461832e-06
answer questions,Text,2.7114776452539395e-06
thought time,Text,2.677853281019576e-06
cards combine,Text,2.6767907728863847e-06
fund,Text,2.662355959064705e-06
auto deduct,Text,2.65559700624148e-06
loans mortgages,Text,2.642027716680154e-06
broken,Text,2.6394049059826044e-06
manner br,Text,2.592250714163454e-06
pay bank,Text,2.5777795540144684e-06
balance 4000,Text,2.5535643057103214e-06
net monthly,Text,2.5255877221993515e-06
personal business,Text,2.5204179521405214e-06
year old,Text,2.5194463313215007e-06
460,Text,2.513791373807773e-06
great feeling,Text,2.4993405454173348e-06
11 questions,Text,2.4589529899522744e-06
trading,Text,2.4512243355062777e-06
loan requesting,Text,2.4443182282868173e-06
incurred debt,Text,2.4280198985281215e-06
money consolidate,Text,2.321395065689573e-06
meticulously,Text,2.3113236572110158e-06
debt consildation,Text,2.278276277699615e-06
closing credit,Text,2.270745994890743e-06
unfortunate,Text,2.2580773056908407e-06
wood,Text,2.25260102374861e-06
car rental,Text,2.1843436883491365e-06
high cards,Text,2.1343574004689872e-06
409,Text,2.114743332480165e-06
000 balance,Text,2.087460590846757e-06
rate finally,Text,2.0792185535346283e-06
payoff small,Text,2.025407522801692e-06
story,Text,1.979590208115047e-06
loosing,Text,1.948144297561208e-06
job used,Text,1.9392403560264785e-06
years loan,Text,1.922266237174943e-06
existing loans,Text,1.9040703623038101e-06
used truck,Text,1.880779043045124e-06
paint br,Text,1.861830621252653e-06
000 14,Text,1.8472449318538165e-06
loan description,Text,1.8308669346469852e-06
helping consolidate,Text,1.8235057070268512e-06
unemployment,Text,1.8165246525668094e-06
able help,Text,1.7822209437361111e-06
washer dryer,Text,1.7697007024847533e-06
hello loan,Text,1.7636739228616631e-06
want bills,Text,1.7592682787335195e-06
called,Text,1.6775016267138984e-06
loan yrs,Text,1.6763512449368819e-06
br macy,Text,1.6697720389185656e-06
great experience,Text,1.6547921966147398e-06
including car,Text,1.6215105203032066e-06
remaining loan,Text,1.5899903116952924e-06
single credit,Text,1.5731798076659722e-06
overall paid,Text,1.4768249398522978e-06
clinic,Text,1.4714992402226898e-06
overall payments,Text,1.4544102285501452e-06
stuck paying,Text,1.4276419876286294e-06
consolidate thank,Text,1.4146502181914172e-06
try pay,Text,1.346410648829604e-06
plastic,Text,1.3214776634540708e-06
hoping receive,Text,1.295550459293564e-06
hundreds,Text,1.2900239140117344e-06
medical issues,Text,1.289081304003335e-06
rates consolidating,Text,1.25167942270848e-06
total br,Text,1.2467941743635913e-06
debt 15,Text,1.2462062176318068e-06
sergeant,Text,1.2342403228388577e-06
000 month,Text,1.2256173562958962e-06
01 31,Text,1.212767701286864e-06
card 4000,Text,1.1972794035030362e-06
roller coaster,Text,1.1922195444863332e-06
coaster,Text,1.1922195444863332e-06
tires car,Text,1.177312346716826e-06
money replace,Text,1.1595134254574685e-06
money available,Text,1.1568809139677743e-06
addition home,Text,1.1201693754619238e-06
kitchen counter,Text,1.0918169018242775e-06
rate thanks,Text,1.0680598170400153e-06
current vehicle,Text,1.0343256790118033e-06
consolidate rest,Text,9.164823658172684e-07
000 000,Text,8.954770887680725e-07
lending great,Text,8.211461825061946e-07
sister wedding,Text,7.971726884486379e-07
children,Text,7.925957146889926e-07
loan thank,Text,7.870788729667834e-07
wipe slate,Text,7.813245496078073e-07
make needed,Text,7.812934835566591e-07
make major,Text,7.559645680540239e-07
lc br,Text,7.509011471749441e-07
payment date,Text,7.333013913395222e-07
reduced br,Text,7.167602657999319e-07
lenders,Text,6.923363939723485e-07
play,Text,6.868224115454926e-07
listing br,Text,6.351568231646552e-07
current car,Text,6.059026739256973e-07
loan 250,Text,6.009416266940513e-07
debt primarily,Text,6.000546499394594e-07
banks thanks,Text,5.878565915244727e-07
goes credit,Text,5.813801055667549e-07
years start,Text,5.319786470194021e-07
loan listing,Text,5.203110237229679e-07
balance higher,Text,5.140405024697824e-07
improving,Text,5.012527600123331e-07
slate clean,Text,4.945170608845073e-07
year 2012,Text,4.731590137829247e-07
years time,Text,4.5880940632044266e-07
rest credit,Text,4.5141826485113815e-07
buying home,Text,3.675234682786743e-07
month debt,Text,3.5794074857800644e-07
refinance br,Text,3.5647352688801107e-07
10 working,Text,3.5631689469399634e-07
new fence,Text,3.245803830748427e-07
payments going,Text,2.8664221091548597e-07
improving credit,Text,2.84551148250727e-07
like rate,Text,2.746241215208629e-07
12 hello,Text,2.616332735966695e-07
payment improve,Text,2.4397498038084326e-07
supplies needed,Text,2.3168634888863623e-07
1600,Text,2.0924665615249731e-07
listing,Text,1.8911912190395393e-07
apr offered,Text,1.652187278533617e-07
consolidating payment,Text,1.6345581427648354e-07
matures,Text,1.323647461464745e-07
score payment,Text,9.529493129832358e-08
length br,Text,7.091025202173234e-08
nice know,Text,6.825460648384533e-08
mortgage heloc,Text,4.2238505508468256e-08
quot br,Text,4.00331002085202e-08
insurance home,Text,3.28640909672019e-08
doing loan,Text,1.6875052640640162e-08
br federal,Text,1.3473480832440035e-08
application_type_Individual,Structured,2.9931262750255955e-16
delinq_amnt,Structured,1.6478971486515847e-18
num_tl_30dpd,Structured,6.185757892873653e-19
paid company,Text,0.0
paid 600,Text,0.0
paid college,Text,0.0
paid 7000,Text,0.0
overhaul,Text,0.0
paid closed,Text,0.0
organize debt,Text,0.0
phones,Text,0.0
paid close,Text,0.0
paid cc,Text,0.0
plan good,Text,0.0
overextended,Text,0.0
phone insurance,Text,0.0
paid cars,Text,0.0
police department,Text,0.0
paid cards,Text,0.0
paid able,Text,0.0
paid certain,Text,0.0
organic,Text,0.0
penny loan,Text,0.0
organization,Text,0.0
outstanding medical,Text,0.0
people area,Text,0.0
paid continue,Text,0.0
paid 50,Text,0.0
organization br,Text,0.0
organization years,Text,0.0
physicians,Text,0.0
paid 500,Text,0.0
organizational,Text,0.0
paid consolidating,Text,0.0
organizations,Text,0.0
pool like,Text,0.0
paid 5000,Text,0.0
overhauled,Text,0.0
organize,Text,0.0
paid 60,Text,0.0
paid completely,Text,0.0
overall savings,Text,0.0
organized br,Text,0.0
paid appreciate,Text,0.0
outstanding loan,Text,0.0
paid better,Text,0.0
paid approximately,Text,0.0
oriented,Text,0.0
paid april,Text,0.0
organizing,Text,0.0
overdraft account,Text,0.0
outstanding br,Text,0.0
paid balances,Text,0.0
org,Text,0.0
paid asap,Text,0.0
paid balance,Text,0.0
organized responsible,Text,0.0
overcome,Text,0.0
overdraft,Text,0.0
paid august,Text,0.0
paid auto,Text,0.0
paid automatically,Text,0.0
outstanding debt,Text,0.0
paid account,Text,0.0
paid card,Text,0.0
phone internet,Text,0.0
period years,Text,0.0
paid advance,Text,0.0
overextend,Text,0.0
outstanding loans,Text,0.0
paid business,Text,0.0
overdue br,Text,0.0
piano,Text,0.0
paid bi,Text,0.0
physics,Text,0.0
original debt,Text,0.0
phone work,Text,0.0
overdrawn,Text,0.0
organize finances,Text,0.0
paid bills,Text,0.0
organize life,Text,0.0
overdraft protection,Text,0.0
paid agreed,Text,0.0
paid ahead,Text,0.0
phone utilities,Text,0.0
paid high,Text,0.0
order simplify,Text,0.0
phone gas,Text,0.0
paid help,Text,0.0
pool liner,Text,0.0
poor economy,Text,0.0
plan getting,Text,0.0
overall apr,Text,0.0
overall balance,Text,0.0
paid half,Text,0.0
plan great,Text,0.0
overall br,Text,0.0
original lending,Text,0.0
paid good,Text,0.0
pickup,Text,0.0
overall cost,Text,0.0
paid going,Text,0.0
paid goal,Text,0.0
paid getting,Text,0.0
pennies,Text,0.0
paid funds,Text,0.0
paid fully,Text,0.0
pennsylvania,Text,0.0
paid free,Text,0.0
paid fixed,Text,0.0
paid finally,Text,0.0
paid graduate,Text,0.0
outstanding student,Text,0.0
paid live,Text,0.0
paid little,Text,0.0
paid likely,Text,0.0
paid like,Text,0.0
paid life,Text,0.0
paid lending,Text,0.0
people big,Text,0.0
pool need,Text,0.0
order save,Text,0.0
paid late,Text,0.0
oven,Text,0.0
paid large,Text,0.0
paid home,Text,0.0
paid june,Text,0.0
paid july,Text,0.0
paid job,Text,0.0
paid january,Text,0.0
paid insurance,Text,0.0
order secure,Text,0.0
paid income,Text,0.0
pool loan,Text,0.0
paid immediately,Text,0.0
overages,Text,0.0
order sell,Text,0.0
plan continuing,Text,0.0
paid house,Text,0.0
paid just,Text,0.0
paid earlier,Text,0.0
paid don,Text,0.0
paid directly,Text,0.0
paid december,Text,0.0
outstanding revolving,Text,0.0
ordered,Text,0.0
overall payment,Text,0.0
overall plan,Text,0.0
overall rate,Text,0.0
paid debt,Text,0.0
ordering,Text,0.0
paid day,Text,0.0
paid date,Text,0.0
poor decisions,Text,0.0
outstanding personal,Text,0.0
paid currently,Text,0.0
paid current,Text,0.0
orders,Text,0.0
paid creditors,Text,0.0
orders br,Text,0.0
overall rates,Text,0.0
ordinary,Text,0.0
paid credit,Text,0.0
outstanding payment,Text,0.0
paid couple,Text,0.0
oregon,Text,0.0
pool purchase,Text,0.0
police academy,Text,0.0
penny,Text,0.0
paid feel,Text,0.0
order start,Text,0.0
paid faster,Text,0.0
paid fast,Text,0.0
picks,Text,0.0
order stay,Text,0.0
overall costs,Text,0.0
overall credit,Text,0.0
people banks,Text,0.0
paid extra,Text,0.0
paid expenses,Text,0.0
people asked,Text,0.0
overall monthly,Text,0.0
paid entire,Text,0.0
penny br,Text,0.0
order survive,Text,0.0
pool primary,Text,0.0
overall financial,Text,0.0
paid end,Text,0.0
overall goal,Text,0.0
poor decision,Text,0.0
poor credit,Text,0.0
order thanks,Text,0.0
overall lower,Text,0.0
paid employer,Text,0.0
paid early,Text,0.0
paid excellent,Text,0.0
owe 10,Text,0.0
owner financing,Text,0.0
owner company,Text,0.0
owner br,Text,0.0
plan goal,Text,0.0
outgoing,Text,0.0
people great,Text,0.0
owner,Text,0.0
owe 1000,Text,0.0
owned years,Text,0.0
owned vehicle,Text,0.0
physical,Text,0.0
outgoing expenses,Text,0.0
pool patio,Text,0.0
owned small,Text,0.0
owned property,Text,0.0
outlay,Text,0.0
outside means,Text,0.0
owned properties,Text,0.0
owned parents,Text,0.0
people credit,Text,0.0
owned paid,Text,0.0
photography,Text,0.0
owned operated,Text,0.0
people days,Text,0.0
pool amp,Text,0.0
owned house,Text,0.0
outgrown,Text,0.0
owning,Text,0.0
overtime week,Text,0.0
ownership br,Text,0.0
outcomes,Text,0.0
pools,Text,0.0
overtime work,Text,0.0
overview,Text,0.0
overweight,Text,0.0
outdated,Text,0.0
overwhelmed,Text,0.0
ownership,Text,0.0
owners insurance,Text,0.0
overwhelming,Text,0.0
owner good,Text,0.0
outdoor,Text,0.0
owners br,Text,0.0
owners,Text,0.0
owner years,Text,0.0
outdoor kitchen,Text,0.0
owner wants,Text,0.0
physical therapist,Text,0.0
owner small,Text,0.0
owner operator,Text,0.0
people br,Text,0.0
outdoor living,Text,0.0
owner occupied,Text,0.0
owner need,Text,0.0
owner home,Text,0.0
pool,Text,0.0
owed br,Text,0.0
pool br,Text,0.0
outs,Text,0.0
pool construction,Text,0.0
owe time,Text,0.0
outrageous rate,Text,0.0
owe br,Text,0.0
owe taxes,Text,0.0
outright pay,Text,0.0
owe payment,Text,0.0
owe pay,Text,0.0
owe mortgage,Text,0.0
owe money,Text,0.0
outlet,Text,0.0
owe loan,Text,0.0
outrageous rates,Text,0.0
outright br,Text,0.0
outreach,Text,0.0
owe little,Text,0.0
pool deck,Text,0.0
outright,Text,0.0
owe debt,Text,0.0
photos,Text,0.0
owe just,Text,0.0
owe irs,Text,0.0
owe house,Text,0.0
owe home,Text,0.0
period unemployment,Text,0.0
pool yard,Text,0.0
people funded,Text,0.0
owe 14,Text,0.0
pool fence,Text,0.0
owned homes,Text,0.0
pick,Text,0.0
pool spa,Text,0.0
owe 18,Text,0.0
owned family,Text,0.0
owned company,Text,0.0
outlets,Text,0.0
outlined,Text,0.0
outlook,Text,0.0
owed credit,Text,0.0
outpatient,Text,0.0
output,Text,0.0
photography business,Text,0.0
pool family,Text,0.0
outrageous,Text,0.0
owned br,Text,0.0
owe approximately,Text,0.0
photography studio,Text,0.0
owing money,Text,0.0
pool backyard,Text,0.0
owing,Text,0.0
owes,Text,0.0
owed monthly,Text,0.0
owed irs,Text,0.0
owe 3000,Text,0.0
poor,Text,0.0
picking,Text,0.0
paid 10k,Text,0.0
outstanding balance,Text,0.0
overlooked,Text,0.0
originally going,Text,0.0
overly,Text,0.0
originally planned,Text,0.0
paid 100,Text,0.0
originally requested,Text,0.0
outstanding accounts,Text,0.0
physician assistant,Text,0.0
people help,Text,0.0
overtime pay,Text,0.0
overnight,Text,0.0
paid 10,Text,0.0
paid 000,Text,0.0
policy,Text,0.0
pages,Text,0.0
page,Text,0.0
overpay,Text,0.0
padding,Text,0.0
overpaying,Text,0.0
originated,Text,0.0
outsourcing,Text,0.0
pad,Text,0.0
origination,Text,0.0
originally used,Text,0.0
pool landscaping,Text,0.0
overhead,Text,0.0
original miles,Text,0.0
paid 4000,Text,0.0
original owner,Text,0.0
original plan,Text,0.0
paid 36,Text,0.0
policies,Text,0.0
pool installed,Text,0.0
paid 30,Text,0.0
paid 24,Text,0.0
paid 200,Text,0.0
original rate,Text,0.0
originally applied,Text,0.0
outstanding bills,Text,0.0
paid 1st,Text,0.0
paid 18,Text,0.0
photo,Text,0.0
overhead costs,Text,0.0
poor choices,Text,0.0
paid 15k,Text,0.0
original request,Text,0.0
paid 15,Text,0.0
originally,Text,0.0
pickle,Text,0.0
overhead low,Text,0.0
paid 12,Text,0.0
paid 11,Text,0.0
paid 20,Text,0.0
pace,Text,0.0
pension plan,Text,0.0
overspending,Text,0.0
orthodontics,Text,0.0
pa,Text,0.0
political science,Text,0.0
photographer br,Text,0.0
p2p loan,Text,0.0
pontiac,Text,0.0
pool home,Text,0.0
overspent,Text,0.0
orthodontist,Text,0.0
ot,Text,0.0
origination fee,Text,0.0
pick truck,Text,0.0
overtime,Text,0.0
overtime br,Text,0.0
owns home,Text,0.0
pension social,Text,0.0
owns,Text,0.0
owning home,Text,0.0
physically,Text,0.0
ouch,Text,0.0
physical therapy,Text,0.0
owning business,Text,0.0
oustanding,Text,0.0
outback,Text,0.0
outcome,Text,0.0
owns house,Text,0.0
plan going,Text,0.0
picked,Text,0.0
packing,Text,0.0
packed,Text,0.0
outsourced,Text,0.0
packaging,Text,0.0
outside sales,Text,0.0
photographer,Text,0.0
pool repairs,Text,0.0
overpayment,Text,0.0
pension br,Text,0.0
orlando,Text,0.0
packages,Text,0.0
orthodontic,Text,0.0
political,Text,0.0
overpriced,Text,0.0
physician,Text,0.0
pack,Text,0.0
oversee,Text,0.0
pacific,Text,0.0
pool installation,Text,0.0
pension loan,Text,0.0
orleans,Text,0.0
pool house,Text,0.0
overseeing,Text,0.0
oversight,Text,0.0
orman,Text,0.0
pace br,Text,0.0
package,Text,0.0
new residence,Text,0.0
perfect borrower,Text,0.0
perfect br,Text,0.0
new rental,Text,0.0
new refrigerator,Text,0.0
new rate,Text,0.0
new quot,Text,0.0
perfect candidate,Text,0.0
new purchases,Text,0.0
new property,Text,0.0
new promotion,Text,0.0
new projects,Text,0.0
new products,Text,0.0
new product,Text,0.0
oil company,Text,0.0
new position,Text,0.0
perfect condition,Text,0.0
new pool,Text,0.0
new plan,Text,0.0
plan end,Text,0.0
period loan,Text,0.0
new personal,Text,0.0
new payment,Text,0.0
new pay,Text,0.0
new patio,Text,0.0
perfect fit,Text,0.0
new paint,Text,0.0
new orleans,Text,0.0
new opportunity,Text,0.0
new opportunities,Text,0.0
position able,Text,0.0
new wife,Text,0.0
new website,Text,0.0
new way,Text,0.0
new water,Text,0.0
period pay,Text,0.0
new washer,Text,0.0
new venture,Text,0.0
new vehicle,Text,0.0
new used,Text,0.0
new unit,Text,0.0
new type,Text,0.0
new transmission,Text,0.0
new time,Text,0.0
new swimming,Text,0.0
plan expand,Text,0.0
new start,Text,0.0
new staff,Text,0.0
new spa,Text,0.0
new small,Text,0.0
new site,Text,0.0
new siding,Text,0.0
new shop,Text,0.0
new set,Text,0.0
new septic,Text,0.0
new school,Text,0.0
new salary,Text,0.0
new room,Text,0.0
period months,Text,0.0
place live,Text,0.0
new restaurant,Text,0.0
new state,Text,0.0
new furnance,Text,0.0
perfect opportunity,Text,0.0
new furnace,Text,0.0
new flooring,Text,0.0
new floor,Text,0.0
place monthly,Text,0.0
position buy,Text,0.0
new financial,Text,0.0
perfect pay,Text,0.0
new family,Text,0.0
new equipment,Text,0.0
perfect record,Text,0.0
new england,Text,0.0
new engine,Text,0.0
new ones,Text,0.0
new employment,Text,0.0
new employer,Text,0.0
new employees,Text,0.0
new employee,Text,0.0
new driveway,Text,0.0
new doors,Text,0.0
new door,Text,0.0
new deck,Text,0.0
new debt,Text,0.0
perfect repayment,Text,0.0
new customers,Text,0.0
new customer,Text,0.0
new credit,Text,0.0
place need,Text,0.0
new countertops,Text,0.0
new energy,Text,0.0
new office,Text,0.0
position afford,Text,0.0
new new,Text,0.0
new motorcycle,Text,0.0
new mortgage,Text,0.0
new monthly,Text,0.0
new mexico,Text,0.0
new medical,Text,0.0
new lower,Text,0.0
new life,Text,0.0
perfect history,Text,0.0
new lending,Text,0.0
new lease,Text,0.0
position better,Text,0.0
new garage,Text,0.0
place loan,Text,0.0
new laptop,Text,0.0
position br,Text,0.0
new kitchen,Text,0.0
new jobs,Text,0.0
place lower,Text,0.0
new jersey,Text,0.0
new investors,Text,0.0
new inventory,Text,0.0
new hvac,Text,0.0
new hot,Text,0.0
place make,Text,0.0
perfect monthly,Text,0.0
new heat,Text,0.0
new gutters,Text,0.0
new laws,Text,0.0
note current,Text,0.0
note credit,Text,0.0
note car,Text,0.0
note br,Text,0.0
nose,Text,0.0
northwest,Text,0.0
northern va,Text,0.0
northern california,Text,0.0
northern,Text,0.0
northeast,Text,0.0
north dakota,Text,0.0
north carolina,Text,0.0
north america,Text,0.0
pos,Text,0.0
new window,Text,0.0
normally,Text,0.0
place buy,Text,0.0
normal people,Text,0.0
normal monthly,Text,0.0
normal living,Text,0.0
normal,Text,0.0
nordstrom,Text,0.0
nonprofit,Text,0.0
nonetheless,Text,0.0
non traditional,Text,0.0
non revolving,Text,0.0
non profits,Text,0.0
non profit,Text,0.0
non mortgage,Text,0.0
non existent,Text,0.0
normally pay,Text,0.0
november 2008,Text,0.0
november 2007,Text,0.0
november,Text,0.0
nov,Text,0.0
place able,Text,0.0
notified,Text,0.0
notification,Text,0.0
noticed credit,Text,0.0
noticed,Text,0.0
notice credit,Text,0.0
notice,Text,0.0
notes br,Text,0.0
place better,Text,0.0
notes,Text,0.0
note debt,Text,0.0
note ve,Text,0.0
note payment,Text,0.0
note pay,Text,0.0
portion wedding,Text,0.0
note paid,Text,0.0
note monthly,Text,0.0
note lower,Text,0.0
percentage credit,Text,0.0
portions,Text,0.0
place br,Text,0.0
note lending,Text,0.0
note lenders,Text,0.0
portland,Text,0.0
note help,Text,0.0
note good,Text,0.0
noted,Text,0.0
nice monthly,Text,0.0
nice make,Text,0.0
nice low,Text,0.0
nice home,Text,0.0
position 10,Text,0.0
position 12,Text,0.0
nice day,Text,0.0
nice br,Text,0.0
newspapers,Text,0.0
newspaper,Text,0.0
position 15,Text,0.0
newlywed,Text,0.0
newly purchased,Text,0.0
newly married,Text,0.0
percentage points,Text,0.0
newly,Text,0.0
place help,Text,0.0
newest,Text,0.0
newer car,Text,0.0
newegg,Text,0.0
newborn,Text,0.0
place job,Text,0.0
place just,Text,0.0
new york,Text,0.0
percentages,Text,0.0
new years,Text,0.0
place life,Text,0.0
place like,Text,0.0
new work,Text,0.0
new windows,Text,0.0
newly acquired,Text,0.0
pose,Text,0.0
non,Text,0.0
posed,Text,0.0
nj,Text,0.0
nissan altima,Text,0.0
nissan,Text,0.0
place employment,Text,0.0
ninja,Text,0.0
nights weekends,Text,0.0
nights week,Text,0.0
nights,Text,0.0
nightmare,Text,0.0
period thank,Text,0.0
posible,Text,0.0
nice neighborhood,Text,0.0
night,Text,0.0
niece,Text,0.0
nickel,Text,0.0
niche market,Text,0.0
niche,Text,0.0
percentage rate,Text,0.0
nicely,Text,0.0
nice wedding,Text,0.0
nice vacation,Text,0.0
nice used,Text,0.0
nice return,Text,0.0
nice payment,Text,0.0
percentage rates,Text,0.0
place financially,Text,0.0
nice pay,Text,0.0
night br,Text,0.0
performed,Text,0.0
needed replace,Text,0.0
performer,Text,0.0
needed quick,Text,0.0
needed purchase,Text,0.0
needed plan,Text,0.0
needed payoff,Text,0.0
needed pay,Text,0.0
needed order,Text,0.0
needed open,Text,0.0
needed new,Text,0.0
performers,Text,0.0
position job,Text,0.0
needed money,Text,0.0
new counter,Text,0.0
needed medical,Text,0.0
performing,Text,0.0
needed make,Text,0.0
places br,Text,0.0
needed loan,Text,0.0
needed little,Text,0.0
needed just,Text,0.0
needed job,Text,0.0
needed improvements,Text,0.0
needed house,Text,0.0
needed home,Text,0.0
needed help,Text,0.0
needed funds,Text,0.0
needed fund,Text,0.0
needed finish,Text,0.0
plan current,Text,0.0
needs consolidate,Text,0.0
needs car,Text,0.0
needs br,Text,0.0
position good,Text,0.0
place year,Text,0.0
place years,Text,0.0
position help,Text,0.0
needing pay,Text,0.0
position high,Text,0.0
placed,Text,0.0
performance review,Text,0.0
plan cut,Text,0.0
needing help,Text,0.0
position january,Text,0.0
needed start,Text,0.0
needing consolidate,Text,0.0
needed work,Text,0.0
needed way,Text,0.0
needed vehicle,Text,0.0
needed vacation,Text,0.0
needed use,Text,0.0
performance reviews,Text,0.0
needed unexpected,Text,0.0
needed time,Text,0.0
placed credit,Text,0.0
needed things,Text,0.0
placement,Text,0.0
places,Text,0.0
needed thank,Text,0.0
needed surgery,Text,0.0
needing funds,Text,0.0
need tires,Text,0.0
need time,Text,0.0
need things,Text,0.0
need thanks,Text,0.0
need thank,Text,0.0
need taken,Text,0.0
need surgery,Text,0.0
need support,Text,0.0
need start,Text,0.0
position large,Text,0.0
need space,Text,0.0
need soon,Text,0.0
need small,Text,0.0
need simplify,Text,0.0
needed extra,Text,0.0
need secure,Text,0.0
need second,Text,0.0
need save,Text,0.0
position loan,Text,0.0
need root,Text,0.0
need roof,Text,0.0
need right,Text,0.0
need rid,Text,0.0
need restructure,Text,0.0
need rest,Text,0.0
need replacing,Text,0.0
need replacement,Text,0.0
need replaced,Text,0.0
need repairs,Text,0.0
need remove,Text,0.0
need short,Text,0.0
needed dental,Text,0.0
placing,Text,0.0
needed cover,Text,0.0
needed consolidate,Text,0.0
needed complete,Text,0.0
needed cash,Text,0.0
needed car,Text,0.0
needed buy,Text,0.0
needed business,Text,0.0
needed br,Text,0.0
needed additional,Text,0.0
performs,Text,0.0
plagued,Text,0.0
need years,Text,0.0
need total,Text,0.0
plain,Text,0.0
need worry,Text,0.0
need working,Text,0.0
need work,Text,0.0
need way,Text,0.0
need want,Text,0.0
plain simple,Text,0.0
plan able,Text,0.0
need vehicle,Text,0.0
need use,Text,0.0
need upgrade,Text,0.0
position just,Text,0.0
need update,Text,0.0
need truck,Text,0.0
need track,Text,0.0
need year,Text,0.0
new bank,Text,0.0
new baby,Text,0.0
new auto,Text,0.0
new area,Text,0.0
new apt,Text,0.0
new appliances,Text,0.0
position credit,Text,0.0
new apartment,Text,0.0
perfect time,Text,0.0
new air,Text,0.0
new addition,Text,0.0
perfect way,Text,0.0
perfectly,Text,0.0
place thank,Text,0.0
needs fixed,Text,0.0
new accounts,Text,0.0
new ac,Text,0.0
position current,Text,0.0
nevada,Text,0.0
neutral,Text,0.0
networks,Text,0.0
networking,Text,0.0
plan action,Text,0.0
network engineer,Text,0.0
network administrator,Text,0.0
network,Text,0.0
position currently,Text,0.0
nets,Text,0.0
netflix,Text,0.0
position department,Text,0.0
plan doing,Text,0.0
new contracts,Text,0.0
new contract,Text,0.0
new construction,Text,0.0
new condo,Text,0.0
new concrete,Text,0.0
position company,Text,0.0
new computer,Text,0.0
new company,Text,0.0
new clients,Text,0.0
new city,Text,0.0
place pay,Text,0.0
new central,Text,0.0
new carpeting,Text,0.0
new carpet,Text,0.0
new bathroom,Text,0.0
new car,Text,0.0
new camera,Text,0.0
new cabinets,Text,0.0
new business,Text,0.0
plan eliminate,Text,0.0
place right,Text,0.0
new budget,Text,0.0
new br,Text,0.0
new boat,Text,0.0
new bike,Text,0.0
new better,Text,0.0
new beginning,Text,0.0
perfect sense,Text,0.0
new bedroom,Text,0.0
new bed,Text,0.0
new career,Text,0.0
negative mark,Text,0.0
negative information,Text,0.0
negative impact,Text,0.0
negative equity,Text,0.0
negative credit,Text,0.0
position future,Text,0.0
negative,Text,0.0
needy,Text,0.0
needs wants,Text,0.0
needs use,Text,0.0
needs updating,Text,0.0
needs updated,Text,0.0
needs tlc,Text,0.0
place work,Text,0.0
net worth,Text,0.0
needs surgery,Text,0.0
needs sell,Text,0.0
performance br,Text,0.0
needs replaced,Text,0.0
needs repairs,Text,0.0
needs repaired,Text,0.0
needs repair,Text,0.0
needs pay,Text,0.0
needs paid,Text,0.0
needs money,Text,0.0
needs minor,Text,0.0
needs loan,Text,0.0
needs little,Text,0.0
needs home,Text,0.0
needs help,Text,0.0
needs thank,Text,0.0
place time,Text,0.0
net profit,Text,0.0
net pay,Text,0.0
net month,Text,0.0
net income,Text,0.0
net home,Text,0.0
position employed,Text,0.0
net cash,Text,0.0
net br,Text,0.0
nervous,Text,0.0
place want,Text,0.0
period debt,Text,0.0
position employer,Text,0.0
nephew,Text,0.0
neiman,Text,0.0
negative marks,Text,0.0
neighborhood br,Text,0.0
neighborhood,Text,0.0
position excellent,Text,0.0
neighbor,Text,0.0
negotiations,Text,0.0
negotiating,Text,0.0
position financially,Text,0.0
negotiated,Text,0.0
negotiate lower,Text,0.0
negotiate,Text,0.0
performance,Text,0.0
neglected,Text,0.0
negatives,Text,0.0
negatively,Text,0.0
negative remarks,Text,0.0
neighbors,Text,0.0
operated,Text,0.0
operate,Text,0.0
opens,Text,0.0
opening small,Text,0.0
opening new,Text,0.0
opening business,Text,0.0
opening,Text,0.0
opened years,Text,0.0
opened new,Text,0.0
opened credit,Text,0.0
opened college,Text,0.0
opened business,Text,0.0
people pay,Text,0.0
open years,Text,0.0
november 2010,Text,0.0
open second,Text,0.0
people quot,Text,0.0
open questions,Text,0.0
open new,Text,0.0
open need,Text,0.0
open lines,Text,0.0
open ended,Text,0.0
open emergencies,Text,0.0
open doors,Text,0.0
pieces,Text,0.0
open credit,Text,0.0
popular,Text,0.0
people really,Text,0.0
open business,Text,0.0
open br,Text,0.0
open small,Text,0.0
opportunity debt,Text,0.0
opportunity credit,Text,0.0
opportunity continue,Text,0.0
opportunity consolidate,Text,0.0
piece property,Text,0.0
opportunity buy,Text,0.0
opportunity build,Text,0.0
opportunity better,Text,0.0
opportunity apply,Text,0.0
opportunity allow,Text,0.0
popped,Text,0.0
opportunity able,Text,0.0
opportunities br,Text,0.0
opportunities,Text,0.0
operates,Text,0.0
oportunity,Text,0.0
opinion,Text,0.0
operator,Text,0.0
operations manager,Text,0.0
operations br,Text,0.0
operations,Text,0.0
operational,Text,0.0
operation br,Text,0.0
operation,Text,0.0
operating expenses,Text,0.0
operating costs,Text,0.0
operating cost,Text,0.0
operating capital,Text,0.0
operating budget,Text,0.0
operating,Text,0.0
oppertunity,Text,0.0
plan allow,Text,0.0
older years,Text,0.0
older sister,Text,0.0
pile,Text,0.0
population,Text,0.0
older model,Text,0.0
older home,Text,0.0
older car,Text,0.0
old working,Text,0.0
old windows,Text,0.0
old wife,Text,0.0
old truck,Text,0.0
old time,Text,0.0
old son,Text,0.0
open book,Text,0.0
old school,Text,0.0
old roof,Text,0.0
old quot,Text,0.0
old professional,Text,0.0
old needs,Text,0.0
old need,Text,0.0
old navy,Text,0.0
old medical,Text,0.0
old married,Text,0.0
old male,Text,0.0
old looking,Text,0.0
porch,Text,0.0
piling,Text,0.0
old lending,Text,0.0
old job,Text,0.0
old single,Text,0.0
pieces equipment,Text,0.0
pieces furniture,Text,0.0
open balances,Text,0.0
open accounts,Text,0.0
people thank,Text,0.0
open account,Text,0.0
open,Text,0.0
op,Text,0.0
oops,Text,0.0
ontime payments,Text,0.0
ontime br,Text,0.0
ontime,Text,0.0
plan funds,Text,0.0
onsite,Text,0.0
pilates,Text,0.0
online business,Text,0.0
online br,Text,0.0
online banking,Text,0.0
online advertising,Text,0.0
online,Text,0.0
ongoing,Text,0.0
ones thank,Text,0.0
ones pay,Text,0.0
ones loan,Text,0.0
ones br,Text,0.0
popularity,Text,0.0
onemain financial,Text,0.0
onemain,Text,0.0
omaha,Text,0.0
people time,Text,0.0
online marketing,Text,0.0
order ensure,Text,0.0
people instead,Text,0.0
order eliminate,Text,0.0
order debt,Text,0.0
order credit,Text,0.0
order create,Text,0.0
order cover,Text,0.0
order continue,Text,0.0
order consolidate,Text,0.0
order complete,Text,0.0
order buy,Text,0.0
order build,Text,0.0
order br,Text,0.0
order better,Text,0.0
opportunity earn,Text,0.0
people invest,Text,0.0
order avoid,Text,0.0
people invested,Text,0.0
order advantage,Text,0.0
order achieve,Text,0.0
pictures,Text,0.0
order able,Text,0.0
piece,Text,0.0
orchard bank,Text,0.0
orchard,Text,0.0
poor spending,Text,0.0
orange county,Text,0.0
orange,Text,0.0
oral surgery,Text,0.0
oral,Text,0.0
order begin,Text,0.0
order refinance,Text,0.0
order reduce,Text,0.0
order receive,Text,0.0
order reach,Text,0.0
order quickly,Text,0.0
order qualify,Text,0.0
order purchase,Text,0.0
order prepare,Text,0.0
people helping,Text,0.0
order payoff,Text,0.0
order payment,Text,0.0
order paid,Text,0.0
order obtain,Text,0.0
order need,Text,0.0
order establish,Text,0.0
order monthly,Text,0.0
order money,Text,0.0
order meet,Text,0.0
order make,Text,0.0
order maintain,Text,0.0
order lower,Text,0.0
order loan,Text,0.0
order live,Text,0.0
order increase,Text,0.0
order improve,Text,0.0
order help,Text,0.0
pickup truck,Text,0.0
order free,Text,0.0
order finance,Text,0.0
picture,Text,0.0
poor financial,Text,0.0
opportunity rid,Text,0.0
poorly,Text,0.0
people looking,Text,0.0
opportunity refinance,Text,0.0
opportunity reduce,Text,0.0
opportunity receive,Text,0.0
piece mind,Text,0.0
opportunity purchase,Text,0.0
opportunity plan,Text,0.0
opportunity pay,Text,0.0
opportunity need,Text,0.0
opportunity make,Text,0.0
opportunity lower,Text,0.0
opportunity loan,Text,0.0
option pay,Text,0.0
people love,Text,0.0
opportunity lifetime,Text,0.0
opportunity just,Text,0.0
opportunity invest,Text,0.0
opportunity improve,Text,0.0
pop,Text,0.0
opportunity help,Text,0.0
opportunity growth,Text,0.0
people make,Text,0.0
opportunity good,Text,0.0
opportunity financial,Text,0.0
people money,Text,0.0
opportunity finally,Text,0.0
opportunity family,Text,0.0
opportunity expand,Text,0.0
opportunity like,Text,0.0
option loan,Text,0.0
option buy,Text,0.0
option br,Text,0.0
optimize,Text,0.0
optimistic,Text,0.0
piece land,Text,0.0
optimal,Text,0.0
optical,Text,0.0
opted,Text,0.0
opt,Text,0.0
oppurtunity br,Text,0.0
oppurtunity,Text,0.0
opprotunity,Text,0.0
opposite,Text,0.0
plan future,Text,0.0
people like,Text,0.0
opposed payments,Text,0.0
opposed paying,Text,0.0
people just,Text,0.0
opposed multiple,Text,0.0
opposed having,Text,0.0
opposed credit,Text,0.0
people know,Text,0.0
opportunity work,Text,0.0
opportunity use,Text,0.0
opportunity track,Text,0.0
people lending,Text,0.0
opportunity thanks,Text,0.0
opportunity thank,Text,0.0
opportunity start,Text,0.0
opportunity save,Text,0.0
opposed years,Text,0.0
obligations timely,Text,0.0
obligations time,Text,0.0
obligations thank,Text,0.0
obligations stable,Text,0.0
obligations seriously,Text,0.0
obligations rent,Text,0.0
obligations plan,Text,0.0
obligations pay,Text,0.0
obligations paid,Text,0.0
percent credit,Text,0.0
percent monthly,Text,0.0
obligations met,Text,0.0
obligations loan,Text,0.0
obligations like,Text,0.0
old house,Text,0.0
obligations lending,Text,0.0
period thanks,Text,0.0
obligations late,Text,0.0
obligations including,Text,0.0
obligations current,Text,0.0
obligations creditors,Text,0.0
obligations credit,Text,0.0
pitch,Text,0.0
obligations appreciate,Text,0.0
obligation loan,Text,0.0
obligation br,Text,0.0
obligation,Text,0.0
obligated pay,Text,0.0
obligated,Text,0.0
portion payment,Text,0.0
pit,Text,0.0
occasions,Text,0.0
plan ahead,Text,0.0
occasionally,Text,0.0
occasional,Text,0.0
occasion,Text,0.0
obviously,Text,0.0
obvious,Text,0.0
portion home,Text,0.0
obtaining masters,Text,0.0
portion income,Text,0.0
portion loan,Text,0.0
obtained loan,Text,0.0
plan financial,Text,0.0
obtained credit,Text,0.0
obscene,Text,0.0
pipes,Text,0.0
obtain personal,Text,0.0
obtain new,Text,0.0
obtain lower,Text,0.0
obtain loan,Text,0.0
portion money,Text,0.0
obtain goal,Text,0.0
obtain funds,Text,0.0
obtain funding,Text,0.0
obtain financing,Text,0.0
obtain credit,Text,0.0
portion monthly,Text,0.0
obtain better,Text,0.0
portion pay,Text,0.0
obstacles,Text,0.0
obtained,Text,0.0
portion savings,Text,0.0
nurse work,Text,0.0
nurse time,Text,0.0
percentage br,Text,0.0
nurse stable,Text,0.0
nurse practitioner,Text,0.0
nurse,Text,0.0
numerous payments,Text,0.0
numerous credit,Text,0.0
numerous,Text,0.0
numbers,Text,0.0
number years,Text,0.0
number small,Text,0.0
number priority,Text,0.0
objectives,Text,0.0
place 12,Text,0.0
place 20,Text,0.0
portion student,Text,0.0
number high,Text,0.0
number debts,Text,0.0
number credit,Text,0.0
number cards,Text,0.0
number br,Text,0.0
number bills,Text,0.0
nullborrower added,Text,0.0
nullborrower,Text,0.0
null borrower,Text,0.0
portion used,Text,0.0
nuclear,Text,0.0
november br,Text,0.0
number payments,Text,0.0
objective loan,Text,0.0
objective,Text,0.0
obesity,Text,0.0
obama,Text,0.0
oasis,Text,0.0
oak,Text,0.0
nyu,Text,0.0
nys,Text,0.0
nyc br,Text,0.0
nyc,Text,0.0
ny need,Text,0.0
percent rate,Text,0.0
nv,Text,0.0
percentage,Text,0.0
nurse working,Text,0.0
nut,Text,0.0
piti,Text,0.0
plan add,Text,0.0
nursing student,Text,0.0
pittsburgh,Text,0.0
nursing school,Text,0.0
nursing home,Text,0.0
nursing degree,Text,0.0
nursing,Text,0.0
nurses,Text,0.0
pizza,Text,0.0
portion rent,Text,0.0
nursery,Text,0.0
place 10,Text,0.0
nurse years,Text,0.0
nutrition,Text,0.0
people work,Text,0.0
port,Text,0.0
ok,Text,0.0
portable,Text,0.0
oilfield,Text,0.0
oil gas,Text,0.0
phone food,Text,0.0
oil,Text,0.0
ohio,Text,0.0
oh,Text,0.0
offset costs,Text,0.0
offset cost,Text,0.0
offset,Text,0.0
plan free,Text,0.0
portion funds,Text,0.0
offs,Text,0.0
people working,Text,0.0
officially,Text,0.0
official,Text,0.0
offices,Text,0.0
officers,Text,0.0
officer years,Text,0.0
officer br,Text,0.0
office supplies,Text,0.0
office space,Text,0.0
office manager,Text,0.0
office furniture,Text,0.0
peoples,Text,0.0
office equipment,Text,0.0
office business,Text,0.0
offs br,Text,0.0
porch area,Text,0.0
old home,Text,0.0
porch br,Text,0.0
old high,Text,0.0
old furniture,Text,0.0
old furnace,Text,0.0
old female,Text,0.0
pilot,Text,0.0
old debts,Text,0.0
porch house,Text,0.0
people trust,Text,0.0
old debt,Text,0.0
old daughter,Text,0.0
old credit,Text,0.0
ok br,Text,0.0
old college,Text,0.0
old cc,Text,0.0
old car,Text,0.0
people want,Text,0.0
people wanting,Text,0.0
people willing,Text,0.0
old business,Text,0.0
old br,Text,0.0
old boy,Text,0.0
old bills,Text,0.0
old baby,Text,0.0
old appliances,Text,0.0
old apartment,Text,0.0
oklahoma,Text,0.0
okay,Text,0.0
old company,Text,0.0
offer good,Text,0.0
offer financing,Text,0.0
offer credit,Text,0.0
offer br,Text,0.0
plan financially,Text,0.0
odds ends,Text,0.0
odds,Text,0.0
portion debt,Text,0.0
odd,Text,0.0
october year,Text,0.0
october 2012,Text,0.0
october 2011,Text,0.0
october 2010,Text,0.0
october 2009,Text,0.0
office br,Text,0.0
october,Text,0.0
oct year,Text,0.0
oct,Text,0.0
ocean,Text,0.0
pipe,Text,0.0
occurs,Text,0.0
occurring,Text,0.0
occured,Text,0.0
pipeline,Text,0.0
occur,Text,0.0
occupied,Text,0.0
occupational therapist,Text,0.0
occupational,Text,0.0
period time,Text,0.0
occupancy,Text,0.0
october 2008,Text,0.0
office,Text,0.0
offers lower,Text,0.0
offers br,Text,0.0
offers better,Text,0.0
portfolio br,Text,0.0
offerings,Text,0.0
offering better,Text,0.0
pinch,Text,0.0
offered opportunity,Text,0.0
pink,Text,0.0
offered new,Text,0.0
offered lower,Text,0.0
plan fix,Text,0.0
offered loan,Text,0.0
offered lendingclub,Text,0.0
portion credit,Text,0.0
offered great,Text,0.0
offered better,Text,0.0
percent apr,Text,0.0
offered bank,Text,0.0
portion br,Text,0.0
offer thank,Text,0.0
offer services,Text,0.0
offer pay,Text,0.0
offer opportunity,Text,0.0
offer mail,Text,0.0
offer lower,Text,0.0
offer loan,Text,0.0
offer lending,Text,0.0
offer house,Text,0.0
offer help,Text,0.0
offered lending,Text,0.0
payment chase,Text,0.0
payments usually,Text,0.0
payment cc,Text,0.0
payment cash,Text,0.0
payment cars,Text,0.0
plan company,Text,0.0
payment career,Text,0.0
planning getting,Text,0.0
personal care,Text,0.0
payment care,Text,0.0
payment cards,Text,0.0
payment cancel,Text,0.0
payment buying,Text,0.0
payment business,Text,0.0
payment budget,Text,0.0
plunge,Text,0.0
payment better,Text,0.0
planning having,Text,0.0
payment best,Text,0.0
payment believe,Text,0.0
payment bank,Text,0.0
payment balances,Text,0.0
planning invest,Text,0.0
payment balance,Text,0.0
payment away,Text,0.0
payment automatically,Text,0.0
payment auto,Text,0.0
personal cash,Text,0.0
payment assure,Text,0.0
payment apr,Text,0.0
planning make,Text,0.0
payment bills,Text,0.0
payment day,Text,0.0
payment dates,Text,0.0
planning family,Text,0.0
payments use,Text,0.0
payment cutting,Text,0.0
payment cut,Text,0.0
plan married,Text,0.0
payment currently,Text,0.0
payment current,Text,0.0
payment creditors,Text,0.0
payment creditor,Text,0.0
payment couple,Text,0.0
payment cost,Text,0.0
payment continue,Text,0.0
payments used,Text,0.0
payment cheaper,Text,0.0
payment checking,Text,0.0
payment clear,Text,0.0
planning future,Text,0.0
personal budget,Text,0.0
payment closing,Text,0.0
payment come,Text,0.0
payment coming,Text,0.0
payment consolidation,Text,0.0
payment commitment,Text,0.0
payment company,Text,0.0
payment complete,Text,0.0
payments using,Text,0.0
payment condo,Text,0.0
payment consider,Text,0.0
payment consolidate,Text,0.0
payment consolidating,Text,0.0
personal br,Text,0.0
payment 60,Text,0.0
planning payoff,Text,0.0
payments vehicle,Text,0.0
payment 550,Text,0.0
personal debts,Text,0.0
payment 500,Text,0.0
payment 50,Text,0.0
payment 480,Text,0.0
personal emergency,Text,0.0
payment 450,Text,0.0
payment 400,Text,0.0
personal expenses,Text,0.0
payment 40,Text,0.0
personal experience,Text,0.0
payment 36,Text,0.0
payment approximately,Text,0.0
payment 150,Text,0.0
payment 160,Text,0.0
payment 18,Text,0.0
payment 180,Text,0.0
payment 20,Text,0.0
payment 200,Text,0.0
payment 25,Text,0.0
payment 350,Text,0.0
payment 250,Text,0.0
payment 29,Text,0.0
payment 30,Text,0.0
personal finance,Text,0.0
planning purchase,Text,0.0
payment 300,Text,0.0
personal family,Text,0.0
payment 35,Text,0.0
personal finances,Text,0.0
payment appreciate,Text,0.0
payment applied,Text,0.0
payment amounts,Text,0.0
payment american,Text,0.0
payments utilities,Text,0.0
payment allowing,Text,0.0
payments various,Text,0.0
planning married,Text,0.0
payment allow,Text,0.0
payment ahead,Text,0.0
payment affordable,Text,0.0
payment afford,Text,0.0
payment addition,Text,0.0
payment add,Text,0.0
plan making,Text,0.0
personal debt,Text,0.0
payment 600,Text,0.0
personal credit,Text,0.0
payment 65,Text,0.0
payment 700,Text,0.0
payment 75,Text,0.0
payment 80,Text,0.0
planning paying,Text,0.0
payment actually,Text,0.0
payment 90,Text,0.0
payment 900,Text,0.0
payment able,Text,0.0
payment account,Text,0.0
payment accounts,Text,0.0
personal circumstances,Text,0.0
payments ve,Text,0.0
personal cc,Text,0.0
payment 800,Text,0.0
payment includes,Text,0.0
payment im,Text,0.0
payment hoping,Text,0.0
payment hopes,Text,0.0
payment hopefully,Text,0.0
payments times,Text,0.0
payment hope,Text,0.0
payment home,Text,0.0
person work,Text,0.0
payment higher,Text,0.0
payments total,Text,0.0
payment high,Text,0.0
payment helping,Text,0.0
payment having,Text,0.0
payments totaling,Text,0.0
payment deal,Text,0.0
payment future,Text,0.0
payment gas,Text,0.0
payment getting,Text,0.0
planning business,Text,0.0
person worked,Text,0.0
payment goal,Text,0.0
payment goes,Text,0.0
payments track,Text,0.0
payment got,Text,0.0
payment great,Text,0.0
payment greatly,Text,0.0
payment guaranteed,Text,0.0
payment half,Text,0.0
payment hard,Text,0.0
payment hardship,Text,0.0
planning br,Text,0.0
payment going,Text,0.0
payment live,Text,0.0
planned use,Text,0.0
payment little,Text,0.0
payment line,Text,0.0
planner,Text,0.0
payment life,Text,0.0
payment let,Text,0.0
payment lesser,Text,0.0
payment lendingclub,Text,0.0
payment lending,Text,0.0
payment lender,Text,0.0
payment leave,Text,0.0
payment late,Text,0.0
payment larger,Text,0.0
payment knowing,Text,0.0
payment including,Text,0.0
payment income,Text,0.0
payment increase,Text,0.0
payment instead,Text,0.0
payment insted,Text,0.0
payment insurance,Text,0.0
payment intend,Text,0.0
payment intrest,Text,0.0
plan month,Text,0.0
payment january,Text,0.0
person want,Text,0.0
payment job,Text,0.0
person ve,Text,0.0
payment just,Text,0.0
payment kind,Text,0.0
person trying,Text,0.0
payment know,Text,0.0
payment issue,Text,0.0
payment ensure,Text,0.0
payment enable,Text,0.0
payment employed,Text,0.0
payment eliminate,Text,0.0
payment easy,Text,0.0
payment easily,Text,0.0
payment easier,Text,0.0
payment dont,Text,0.0
payment don,Text,0.0
payment doing,Text,0.0
personal account,Text,0.0
planning consolidate,Text,0.0
payment doesn,Text,0.0
payment difficult,Text,0.0
personal banker,Text,0.0
payment funds,Text,0.0
planning doing,Text,0.0
payment debt,Text,0.0
payment decent,Text,0.0
payment decrease,Text,0.0
payments unsecured,Text,0.0
payment default,Text,0.0
payments type,Text,0.0
payment different,Text,0.0
payment definite,Text,0.0
payment delinquency,Text,0.0
payment delinquent,Text,0.0
payment did,Text,0.0
planning debt,Text,0.0
payment didn,Text,0.0
planning consolidating,Text,0.0
personal bills,Text,0.0
payment defaulted,Text,0.0
planning buy,Text,0.0
payment fund,Text,0.0
payment free,Text,0.0
payment focus,Text,0.0
payment fixed,Text,0.0
payment fits,Text,0.0
payment fit,Text,0.0
payment finish,Text,0.0
payment financially,Text,0.0
payment financial,Text,0.0
payment finances,Text,0.0
payments trying,Text,0.0
person working,Text,0.0
payment finance,Text,0.0
payment finally,Text,0.0
payment entire,Text,0.0
payment equal,Text,0.0
payment eventually,Text,0.0
planning closing,Text,0.0
plan completely,Text,0.0
person works,Text,0.0
payment excellent,Text,0.0
planning buying,Text,0.0
payment feel,Text,0.0
payments twice,Text,0.0
payment existing,Text,0.0
payment expect,Text,0.0
payment expenses,Text,0.0
payment extra,Text,0.0
payment extremely,Text,0.0
payment family,Text,0.0
payment faster,Text,0.0
payment excited,Text,0.0
personal income,Text,0.0
paying huge,Text,0.0
paying house,Text,0.0
paying home,Text,0.0
paying history,Text,0.0
paying higher,Text,0.0
plans loan,Text,0.0
personal information,Text,0.0
paying help,Text,0.0
paying having,Text,0.0
paying half,Text,0.0
paying guys,Text,0.0
paying great,Text,0.0
paying good,Text,0.0
paying goal,Text,0.0
payment 15,Text,0.0
paying forward,Text,0.0
plans pay,Text,0.0
paying forever,Text,0.0
paying fixed,Text,0.0
paying financial,Text,0.0
paying finance,Text,0.0
paymnet,Text,0.0
plans use,Text,0.0
plant,Text,0.0
plants,Text,0.0
paying fees,Text,0.0
paying feel,Text,0.0
paying faster,Text,0.0
paying fast,Text,0.0
paying family,Text,0.0
paying getting,Text,0.0
paying minimum,Text,0.0
payments worked,Text,0.0
paying min,Text,0.0
payments working,Text,0.0
paying making,Text,0.0
paying make,Text,0.0
paying major,Text,0.0
paying lower,Text,0.0
paying low,Text,0.0
paying lot,Text,0.0
paying long,Text,0.0
personal home,Text,0.0
paying loans,Text,0.0
paying little,Text,0.0
paying like,Text,0.0
paying income,Text,0.0
paying individual,Text,0.0
paying individually,Text,0.0
paying installment,Text,0.0
paying instead,Text,0.0
paying investors,Text,0.0
paymet,Text,0.0
paying irs,Text,0.0
paying lendingclub,Text,0.0
paying job,Text,0.0
paying jobs,Text,0.0
paying just,Text,0.0
paying late,Text,0.0
paying lender,Text,0.0
payments years,Text,0.0
paying lenders,Text,0.0
paying lending,Text,0.0
payments yrs,Text,0.0
paying citibank,Text,0.0
paying citi,Text,0.0
paying chase,Text,0.0
paying cc,Text,0.0
paying cash,Text,0.0
plastic surgery,Text,0.0
plan close,Text,0.0
paying card,Text,0.0
paying car,Text,0.0
paying canceling,Text,0.0
paying bit,Text,0.0
paying bills,Text,0.0
payoff accounts,Text,0.0
paying big,Text,0.0
paying banks,Text,0.0
paying faithfully,Text,0.0
paying able,Text,0.0
paying account,Text,0.0
paying accounts,Text,0.0
paying additional,Text,0.0
paying allow,Text,0.0
payoff amounts,Text,0.0
paying alot,Text,0.0
paying bank,Text,0.0
paying amex,Text,0.0
paying approx,Text,0.0
paying approximately,Text,0.0
paying auto,Text,0.0
paying average,Text,0.0
paying balance,Text,0.0
paying balances,Text,0.0
payoff american,Text,0.0
paying american,Text,0.0
plasma,Text,0.0
personal investment,Text,0.0
paying extremely,Text,0.0
personal investors,Text,0.0
paying extra,Text,0.0
paying expenses,Text,0.0
paying existing,Text,0.0
paying entire,Text,0.0
paying easier,Text,0.0
plan live,Text,0.0
paying early,Text,0.0
personal issues,Text,0.0
paying double,Text,0.0
paying discover,Text,0.0
paying different,Text,0.0
personal life,Text,0.0
paying close,Text,0.0
paying college,Text,0.0
paying consistently,Text,0.0
paying consolidating,Text,0.0
paying consolidation,Text,0.0
paying consumer,Text,0.0
plastic br,Text,0.0
personal items,Text,0.0
personal level,Text,0.0
paying creditors,Text,0.0
payoff 401k,Text,0.0
paying current,Text,0.0
paying currently,Text,0.0
paying daughter,Text,0.0
paying debit,Text,0.0
plaster,Text,0.0
paying couple,Text,0.0
paying truck,Text,0.0
paying trip,Text,0.0
paying times,Text,0.0
planning saving,Text,0.0
paying timely,Text,0.0
paying time,Text,0.0
paying things,Text,0.0
paying thanks,Text,0.0
paying thank,Text,0.0
paying taxes,Text,0.0
personal growth,Text,0.0
paying student,Text,0.0
paying steady,Text,0.0
paying stable,Text,0.0
paying sooner,Text,0.0
payments work,Text,0.0
payments way,Text,0.0
paying separate,Text,0.0
planning wedding,Text,0.0
planning vacation,Text,0.0
planning using,Text,0.0
planning use,Text,0.0
paying separately,Text,0.0
payments wanted,Text,0.0
permanent home,Text,0.0
planning taking,Text,0.0
paying single,Text,0.0
paying slightly,Text,0.0
paying slowly,Text,0.0
paying small,Text,0.0
paying smaller,Text,0.0
paying soon,Text,0.0
paying shorter,Text,0.0
payment 140,Text,0.0
planning purchasing,Text,0.0
payment 13,Text,0.0
payment 1200,Text,0.0
payment 12,Text,0.0
payment 1000,Text,0.0
planning putting,Text,0.0
payment 100,Text,0.0
payment 10,Text,0.0
payments want,Text,0.0
personal financial,Text,0.0
paying year,Text,0.0
plan closing,Text,0.0
planning replace,Text,0.0
personal funds,Text,0.0
paying trying,Text,0.0
personal goals,Text,0.0
paying tuition,Text,0.0
paying twice,Text,0.0
paying unexpected,Text,0.0
planning retirement,Text,0.0
personal goal,Text,0.0
paying unsecured,Text,0.0
paying work,Text,0.0
paying various,Text,0.0
paying ve,Text,0.0
paying vehicle,Text,0.0
paying visa,Text,0.0
paying want,Text,0.0
paying way,Text,0.0
paying wedding,Text,0.0
paying wells,Text,0.0
plan make,Text,0.0
paying portion,Text,0.0
paying pocket,Text,0.0
paying plan,Text,0.0
paying personal,Text,0.0
plans future,Text,0.0
plan long,Text,0.0
paying payments,Text,0.0
paying payment,Text,0.0
payments wife,Text,0.0
paying paying,Text,0.0
paying pay,Text,0.0
paying past,Text,0.0
paying paid,Text,0.0
paying owed,Text,0.0
paying owe,Text,0.0
paying secure,Text,0.0
payments won,Text,0.0
paying minimums,Text,0.0
paying money,Text,0.0
plans leaving,Text,0.0
paying month,Text,0.0
paying monthly,Text,0.0
paying months,Text,0.0
paying outstanding,Text,0.0
paying moving,Text,0.0
paying multiple,Text,0.0
paying need,Text,0.0
paying new,Text,0.0
paying note,Text,0.0
plans leave,Text,0.0
paying obligations,Text,0.0
paying old,Text,0.0
paying mortgage,Text,0.0
paying second,Text,0.0
personal history,Text,0.0
paying school,Text,0.0
paying save,Text,0.0
paying roughly,Text,0.0
paying right,Text,0.0
paying revolving,Text,0.0
paying rest,Text,0.0
paying required,Text,0.0
payments wedding,Text,0.0
paying rent,Text,0.0
plans,Text,0.0
paying remaining,Text,0.0
paying remainder,Text,0.0
plans br,Text,0.0
paying position,Text,0.0
paying previous,Text,0.0
paying price,Text,0.0
paying principal,Text,0.0
paying principle,Text,0.0
plan lower,Text,0.0
permanent employment,Text,0.0
paying problem,Text,0.0
paying regularly,Text,0.0
plans funds,Text,0.0
paying quickly,Text,0.0
paying quite,Text,0.0
paying quot,Text,0.0
paying rate,Text,0.0
payments weeks,Text,0.0
paying really,Text,0.0
plans continue,Text,0.0
paying quicker,Text,0.0
payments exceed,Text,0.0
payments equal,Text,0.0
payments ensure,Text,0.0
payments end,Text,0.0
payments enable,Text,0.0
payments employed,Text,0.0
person comes,Text,0.0
payments eliminate,Text,0.0
person company,Text,0.0
payments easy,Text,0.0
payments easily,Text,0.0
payments easier,Text,0.0
payments ease,Text,0.0
plan sell,Text,0.0
payments early,Text,0.0
payment ll,Text,0.0
payments don,Text,0.0
person credit,Text,0.0
payments does,Text,0.0
payments different,Text,0.0
payments delinquencies,Text,0.0
payments defaults,Text,0.0
payments defaulted,Text,0.0
plan selling,Text,0.0
payments repayment,Text,0.0
payments deducted,Text,0.0
payments debts,Text,0.0
person excellent,Text,0.0
payments debt,Text,0.0
payments date,Text,0.0
payments cut,Text,0.0
payments drop,Text,0.0
payments high,Text,0.0
payments help,Text,0.0
payments having,Text,0.0
payments hate,Text,0.0
plan save,Text,0.0
payments hard,Text,0.0
payments half,Text,0.0
payments greater,Text,0.0
payments great,Text,0.0
payments goal,Text,0.0
payments funded,Text,0.0
payments fully,Text,0.0
payments free,Text,0.0
payments forever,Text,0.0
payments focus,Text,0.0
payments excellent,Text,0.0
payments excess,Text,0.0
plan school,Text,0.0
payments existing,Text,0.0
payments expect,Text,0.0
payments expenses,Text,0.0
payments family,Text,0.0
payments far,Text,0.0
payments repay,Text,0.0
payments fees,Text,0.0
payments filed,Text,0.0
plan saving,Text,0.0
payments finally,Text,0.0
payments financial,Text,0.0
payments finish,Text,0.0
payments fit,Text,0.0
payments fixed,Text,0.0
payments feel,Text,0.0
person great,Text,0.0
payments borrower,Text,0.0
payments bit,Text,0.0
plan start,Text,0.0
plan starting,Text,0.0
payments bills,Text,0.0
plan new,Text,0.0
payments big,Text,0.0
payments better,Text,0.0
plan stay,Text,0.0
payments believe,Text,0.0
payments begin,Text,0.0
payments basically,Text,0.0
plan staying,Text,0.0
payments barely,Text,0.0
payments currently,Text,0.0
payments amp,Text,0.0
payments applied,Text,0.0
plan taking,Text,0.0
payments appreciate,Text,0.0
payments approximately,Text,0.0
payments apr,Text,0.0
payments aren,Text,0.0
person help,Text,0.0
person instead,Text,0.0
payments automatic,Text,0.0
payments right,Text,0.0
payments automatically,Text,0.0
payments average,Text,0.0
payments balance,Text,0.0
payments balances,Text,0.0
payments bank,Text,0.0
payments auto,Text,0.0
payments current,Text,0.0
payments creditors,Text,0.0
payments requested,Text,0.0
plan set,Text,0.0
payments required,Text,0.0
payments cover,Text,0.0
payments couple,Text,0.0
payments control,Text,0.0
payments continue,Text,0.0
payments consolidation,Text,0.0
payments responsible,Text,0.0
payments consolidated,Text,0.0
payments consolidate,Text,0.0
payments consider,Text,0.0
payments coming,Text,0.0
payments revolving,Text,0.0
payments car,Text,0.0
plan open,Text,0.0
payments card,Text,0.0
plan spending,Text,0.0
payments cards,Text,0.0
person good,Text,0.0
payments cc,Text,0.0
payments come,Text,0.0
payments cheaper,Text,0.0
payments checking,Text,0.0
payments clear,Text,0.0
payments close,Text,0.0
plan simple,Text,0.0
payments collection,Text,0.0
payments collections,Text,0.0
payments combined,Text,0.0
payments cell,Text,0.0
payments record,Text,0.0
payments payment,Text,0.0
payments paying,Text,0.0
payments payed,Text,0.0
plan purchase,Text,0.0
payments reduce,Text,0.0
plan purchasing,Text,0.0
payments past,Text,0.0
payments paid,Text,0.0
payments owe,Text,0.0
payments overall,Text,0.0
payments reduced,Text,0.0
payments outstanding,Text,0.0
payments order,Text,0.0
payments ontime,Text,0.0
plan rid,Text,0.0
payments money,Text,0.0
plan remain,Text,0.0
plan refinance,Text,0.0
payments reducing,Text,0.0
plan reduce,Text,0.0
payments monthly,Text,0.0
payments months,Text,0.0
plan putting,Text,0.0
payments multiple,Text,0.0
payments need,Text,0.0
payments needed,Text,0.0
person asking,Text,0.0
payments negative,Text,0.0
payments new,Text,0.0
payments nice,Text,0.0
payments offered,Text,0.0
payments mortgage,Text,0.0
permit,Text,0.0
payments recent,Text,0.0
payments reasonable,Text,0.0
payments reason,Text,0.0
payments really,Text,0.0
payments rates,Text,0.0
payments rate,Text,0.0
payments quot,Text,0.0
plan paying,Text,0.0
payments provide,Text,0.0
plan payoff,Text,0.0
payments promptly,Text,0.0
payments recently,Text,0.0
payments problems,Text,0.0
plan place,Text,0.0
payments payments,Text,0.0
payments payoff,Text,0.0
payments personal,Text,0.0
payments place,Text,0.0
persoanl,Text,0.0
permits,Text,0.0
payments plan,Text,0.0
payments plus,Text,0.0
payments problem,Text,0.0
payments prefer,Text,0.0
payments previous,Text,0.0
payments pride,Text,0.0
payments principal,Text,0.0
payments principle,Text,0.0
payments priority,Text,0.0
payments probably,Text,0.0
plan plan,Text,0.0
payments possible,Text,0.0
payments lending,Text,0.0
person br,Text,0.0
payments lenders,Text,0.0
payments lender,Text,0.0
payments left,Text,0.0
payments late,Text,0.0
payments large,Text,0.0
payments know,Text,0.0
payments kind,Text,0.0
payments just,Text,0.0
payments job,Text,0.0
payments issue,Text,0.0
payments remaining,Text,0.0
payments rent,Text,0.0
payments intend,Text,0.0
payments missed,Text,0.0
payments higher,Text,0.0
plan order,Text,0.0
payments home,Text,0.0
payments hope,Text,0.0
payments hopefully,Text,0.0
payments house,Text,0.0
payments im,Text,0.0
plan retire,Text,0.0
payments include,Text,0.0
payments including,Text,0.0
payments income,Text,0.0
payments increase,Text,0.0
plan retiring,Text,0.0
payments instead,Text,0.0
payments insurance,Text,0.0
plan retirement,Text,0.0
plan returning,Text,0.0
payments miss,Text,0.0
payments regularly,Text,0.0
payments minimum,Text,0.0
payments medical,Text,0.0
payments means,Text,0.0
payments manageable,Text,0.0
payments managable,Text,0.0
payments making,Text,0.0
payments makes,Text,0.0
payments make,Text,0.0
payments major,Text,0.0
payments lump,Text,0.0
plan remaining,Text,0.0
payments lowering,Text,0.0
payments lowered,Text,0.0
payments let,Text,0.0
payments life,Text,0.0
payments likely,Text,0.0
payments little,Text,0.0
payments live,Text,0.0
payments ll,Text,0.0
plan paid,Text,0.0
payments long,Text,0.0
plan rent,Text,0.0
payments look,Text,0.0
plan replace,Text,0.0
plan repayment,Text,0.0
plan repaying,Text,0.0
payments looking,Text,0.0
payments love,Text,0.0
payments low,Text,0.0
plan repay,Text,0.0
payments reliable,Text,0.0
payment rates,Text,0.0
person make,Text,0.0
payment quot,Text,0.0
payment quicker,Text,0.0
payment questions,Text,0.0
payment purchased,Text,0.0
payment provide,Text,0.0
payment property,Text,0.0
payment process,Text,0.0
payment problems,Text,0.0
payment problem,Text,0.0
payment prior,Text,0.0
payment principal,Text,0.0
payments start,Text,0.0
payment pride,Text,0.0
payments allowing,Text,0.0
planned,Text,0.0
payments steady,Text,0.0
payment payed,Text,0.0
payment payment,Text,0.0
payment payments,Text,0.0
payment payoff,Text,0.0
payment peace,Text,0.0
payment previous,Text,0.0
payment period,Text,0.0
payment personal,Text,0.0
payment phone,Text,0.0
payment place,Text,0.0
plan continue,Text,0.0
payment plans,Text,0.0
payment plus,Text,0.0
payment prefer,Text,0.0
payment penalty,Text,0.0
payment school,Text,0.0
payment scheduled,Text,0.0
planet,Text,0.0
payment schedule,Text,0.0
payment savings,Text,0.0
payment saving,Text,0.0
payment roughly,Text,0.0
payment right,Text,0.0
person like,Text,0.0
payments spread,Text,0.0
payment revolving,Text,0.0
payment requirements,Text,0.0
payment requested,Text,0.0
payment replace,Text,0.0
payments stable,Text,0.0
person looking,Text,0.0
payment really,Text,0.0
planing use,Text,0.0
planing pay,Text,0.0
payment reason,Text,0.0
planing,Text,0.0
payment reasonable,Text,0.0
payment receive,Text,0.0
payment repayment,Text,0.0
payment record,Text,0.0
payment reduce,Text,0.0
payment reduced,Text,0.0
payment reducing,Text,0.0
payment reliable,Text,0.0
payment remaining,Text,0.0
payment rent,Text,0.0
payment repay,Text,0.0
payment recent,Text,0.0
payments thanks,Text,0.0
person stable,Text,0.0
planned budget,Text,0.0
payment money,Text,0.0
payment missed,Text,0.0
payment miss,Text,0.0
payment minimum,Text,0.0
payment method,Text,0.0
payment medical,Text,0.0
payment means,Text,0.0
payment matter,Text,0.0
person takes,Text,0.0
payment manageable,Text,0.0
payment manage,Text,0.0
payment managable,Text,0.0
payments student,Text,0.0
payments timely,Text,0.0
payment loans,Text,0.0
payment long,Text,0.0
payment longer,Text,0.0
payments things,Text,0.0
payment look,Text,0.0
payment looking,Text,0.0
planned monthly,Text,0.0
payment love,Text,0.0
payment low,Text,0.0
person time,Text,0.0
planned pay,Text,0.0
payment lowering,Text,0.0
payment major,Text,0.0
person thank,Text,0.0
payment makes,Text,0.0
payment lot,Text,0.0
permanent job,Text,0.0
plan consolidating,Text,0.0
payment past,Text,0.0
payment owe,Text,0.0
payment overall,Text,0.0
payments taken,Text,0.0
payment outstanding,Text,0.0
planned br,Text,0.0
person makes,Text,0.0
person need,Text,0.0
person paid,Text,0.0
payments taking,Text,0.0
payment order,Text,0.0
payment option,Text,0.0
payment opposed,Text,0.0
person secure,Text,0.0
payment months,Text,0.0
payment mortgage,Text,0.0
payments thank,Text,0.0
payment multiple,Text,0.0
payment nearly,Text,0.0
payment necessary,Text,0.0
payment need,Text,0.0
payment opportunity,Text,0.0
payment negative,Text,0.0
person paying,Text,0.0
payment nice,Text,0.0
payments terms,Text,0.0
payment note,Text,0.0
payment obligation,Text,0.0
payment obligations,Text,0.0
person pay,Text,0.0
payment needed,Text,0.0
plan utilize,Text,0.0
payments 250,Text,0.0
plan utilizing,Text,0.0
payments 200,Text,0.0
payments 20,Text,0.0
plan vacation,Text,0.0
payments 1500,Text,0.0
payments 150,Text,0.0
payments 15,Text,0.0
payments 12,Text,0.0
payments 1000,Text,0.0
plan want,Text,0.0
plan moving,Text,0.0
payments 100,Text,0.0
payments saving,Text,0.0
payment secure,Text,0.0
payment went,Text,0.0
payment wife,Text,0.0
payment won,Text,0.0
payment work,Text,0.0
payment worked,Text,0.0
plan work,Text,0.0
payment working,Text,0.0
plan way,Text,0.0
payment worry,Text,0.0
payment year,Text,0.0
permission,Text,0.0
payments secure,Text,0.0
payments savings,Text,0.0
plan wedding,Text,0.0
payments 000,Text,0.0
payments 10,Text,0.0
permanently,Text,0.0
payments allow,Text,0.0
plan thank,Text,0.0
payments rolled,Text,0.0
payments ahead,Text,0.0
plan thanks,Text,0.0
payments affordable,Text,0.0
payments afford,Text,0.0
payments addition,Text,0.0
payments add,Text,0.0
payments actually,Text,0.0
person integrity,Text,0.0
payments accounts,Text,0.0
person invest,Text,0.0
plan track,Text,0.0
payments roughly,Text,0.0
payments 30,Text,0.0
person late,Text,0.0
payments 350,Text,0.0
person just,Text,0.0
payments 36,Text,0.0
payments save,Text,0.0
payments 400,Text,0.0
person job,Text,0.0
plan turn,Text,0.0
payments 500,Text,0.0
payments 60,Text,0.0
payments 600,Text,0.0
payments 700,Text,0.0
payments 800,Text,0.0
plan using,Text,0.0
payments able,Text,0.0
payments account,Text,0.0
payments 50,Text,0.0
payment thanks,Text,0.0
plane ticket,Text,0.0
payment terms,Text,0.0
payment term,Text,0.0
payment taxes,Text,0.0
payments slightly,Text,0.0
payments small,Text,0.0
payment taken,Text,0.0
payment sure,Text,0.0
payments smaller,Text,0.0
payment student,Text,0.0
payment structure,Text,0.0
payment strong,Text,0.0
payment steady,Text,0.0
payment start,Text,0.0
payment wedding,Text,0.0
payment short,Text,0.0
payment shorten,Text,0.0
payment shorter,Text,0.0
payment significant,Text,0.0
planed,Text,0.0
payment significantly,Text,0.0
payment simplify,Text,0.0
payment specific,Text,0.0
payment single,Text,0.0
payments solid,Text,0.0
payment slightly,Text,0.0
payment small,Text,0.0
payment smaller,Text,0.0
payment solid,Text,0.0
plane tickets,Text,0.0
payment soon,Text,0.0
payment simply,Text,0.0
payment way,Text,0.0
plan monthly,Text,0.0
payments send,Text,0.0
plan working,Text,0.0
plan year,Text,0.0
payment vs,Text,0.0
payment versus,Text,0.0
payment vehicle,Text,0.0
payment ve,Text,0.0
payment utilities,Text,0.0
payment usually,Text,0.0
plan years,Text,0.0
payments set,Text,0.0
payments significantly,Text,0.0
payments simple,Text,0.0
payment things,Text,0.0
payment time,Text,0.0
payments simply,Text,0.0
permanent position,Text,0.0
payment timely,Text,0.0
payment times,Text,0.0
payment tired,Text,0.0
payment total,Text,0.0
plane,Text,0.0
payment try,Text,0.0
payment trying,Text,0.0
payment turn,Text,0.0
payment type,Text,0.0
payment unemployed,Text,0.0
payment use,Text,0.0
payment used,Text,0.0
payment using,Text,0.0
payment track,Text,0.0
philosophy,Text,0.0
pawn shop,Text,0.0
pawn,Text,0.0
plan home,Text,0.0
paving,Text,0.0
pavers,Text,0.0
pave,Text,0.0
paul,Text,0.0
pattern,Text,0.0
phoenix,Text,0.0
patrol,Text,0.0
patio deck,Text,0.0
patio br,Text,0.0
plus bonus,Text,0.0
pays monthly,Text,0.0
paying 900,Text,0.0
patio backyard,Text,0.0
patio area,Text,0.0
phoenix az,Text,0.0
patients,Text,0.0
pays mortgage,Text,0.0
patient,Text,0.0
pays rent,Text,0.0
patience,Text,0.0
plus br,Text,0.0
path pay,Text,0.0
path financial,Text,0.0
path br,Text,0.0
plus commission,Text,0.0
patents,Text,0.0
patented,Text,0.0
plus bonuses,Text,0.0
pay 25,Text,0.0
pay 24,Text,0.0
pay 22,Text,0.0
pay 21,Text,0.0
pay 2011,Text,0.0
pay 2010,Text,0.0
pays br,Text,0.0
pay 2000,Text,0.0
philippines,Text,0.0
pay 200,Text,0.0
pay 20,Text,0.0
pay 19,Text,0.0
pay 1800,Text,0.0
pay 18,Text,0.0
pays credit,Text,0.0
pay 10,Text,0.0
pays good,Text,0.0
pay 100,Text,0.0
pay 1000,Text,0.0
pay 11,Text,0.0
pay 1100,Text,0.0
pay 12,Text,0.0
plus additional,Text,0.0
pay 16,Text,0.0
pay 120,Text,0.0
pay 1200,Text,0.0
pay 13,Text,0.0
pay 14,Text,0.0
pay 15,Text,0.0
pay 150,Text,0.0
pay 1500,Text,0.0
pays debts,Text,0.0
philippines br,Text,0.0
pcs,Text,0.0
past learned,Text,0.0
past late,Text,0.0
past just,Text,0.0
past history,Text,0.0
plus hours,Text,0.0
past half,Text,0.0
pd,Text,0.0
past great,Text,0.0
past good,Text,0.0
past financial,Text,0.0
plus little,Text,0.0
past debt,Text,0.0
past credit,Text,0.0
past couple,Text,0.0
patent,Text,0.0
past 13,Text,0.0
past 14,Text,0.0
past 15,Text,0.0
past 16,Text,0.0
past 18,Text,0.0
past 19,Text,0.0
past 20,Text,0.0
past br,Text,0.0
peace,Text,0.0
phone 150,Text,0.0
past 25,Text,0.0
plus loan,Text,0.0
pe,Text,0.0
past 30,Text,0.0
past 60,Text,0.0
past bills,Text,0.0
past 23,Text,0.0
patch,Text,0.0
pat,Text,0.0
pastor,Text,0.0
past yrs,Text,0.0
past years,Text,0.0
past year,Text,0.0
past worked,Text,0.0
pays time,Text,0.0
past ve,Text,0.0
past trying,Text,0.0
past summer,Text,0.0
past stable,Text,0.0
past seven,Text,0.0
plus credit,Text,0.0
phone 100,Text,0.0
past lending,Text,0.0
pc,Text,0.0
phone 120,Text,0.0
past loan,Text,0.0
past loans,Text,0.0
past medical,Text,0.0
plus extra,Text,0.0
past mistakes,Text,0.0
past payments,Text,0.0
past months,Text,0.0
periods,Text,0.0
past paid,Text,0.0
paystubs,Text,0.0
past pay,Text,0.0
past payed,Text,0.0
past payment,Text,0.0
pays utilities,Text,0.0
past month,Text,0.0
pay child,Text,0.0
pay checks,Text,0.0
pharmacy,Text,0.0
pay check,Text,0.0
pay chase,Text,0.0
pay charges,Text,0.0
pay charge,Text,0.0
pay certain,Text,0.0
pay cent,Text,0.0
pay cedit,Text,0.0
pay cc,Text,0.0
payor,Text,0.0
pay cash,Text,0.0
pay cards,Text,0.0
pay capital,Text,0.0
pay 250,Text,0.0
pay biils,Text,0.0
pay bit,Text,0.0
pay boa,Text,0.0
pay boat,Text,0.0
pay bofa,Text,0.0
paypal,Text,0.0
pay books,Text,0.0
pay cancel,Text,0.0
pay borrow,Text,0.0
pay borrowed,Text,0.0
plumbing issues,Text,0.0
pay bring,Text,0.0
pay budget,Text,0.0
pay business,Text,0.0
pay buy,Text,0.0
payout,Text,0.0
payouts,Text,0.0
pay creidt,Text,0.0
payoff years,Text,0.0
pay creditors,Text,0.0
pay creditor,Text,0.0
plan budget,Text,0.0
plan investing,Text,0.0
pay creditcards,Text,0.0
pay creditcard,Text,0.0
pay course,Text,0.0
pay costs,Text,0.0
pay cost,Text,0.0
payoffs,Text,0.0
pay contractor,Text,0.0
pharmacist,Text,0.0
pay consumer,Text,0.0
pay chunk,Text,0.0
pay citi,Text,0.0
pay citibank,Text,0.0
pay classes,Text,0.0
pay closed,Text,0.0
payoffs br,Text,0.0
pay club,Text,0.0
pay college,Text,0.0
pay consolidation,Text,0.0
pay come,Text,0.0
pay company,Text,0.0
pay complete,Text,0.0
pay completely,Text,0.0
pay computer,Text,0.0
pay consolidate,Text,0.0
pay consolidated,Text,0.0
pay consolidating,Text,0.0
pay combined,Text,0.0
pay account,Text,0.0
pay able,Text,0.0
pay 900,Text,0.0
pay 90,Text,0.0
pay 850,Text,0.0
pay 800,Text,0.0
phd,Text,0.0
phd student,Text,0.0
plan including,Text,0.0
pay 75,Text,0.0
pay 700,Text,0.0
pay 650,Text,0.0
pay 600,Text,0.0
pay 60,Text,0.0
pay 550,Text,0.0
pharmacy school,Text,0.0
philadelphia pa,Text,0.0
pay 2500,Text,0.0
pay 29,Text,0.0
philadelphia,Text,0.0
pay 2nd,Text,0.0
pay 30,Text,0.0
pay 300,Text,0.0
pay 500,Text,0.0
phenomenal,Text,0.0
pay 350,Text,0.0
pay 36,Text,0.0
pay 400,Text,0.0
plan house,Text,0.0
pay 4000,Text,0.0
pay 401k,Text,0.0
pay 50,Text,0.0
pay 3000,Text,0.0
pay big,Text,0.0
paypal credit,Text,0.0
pay better,Text,0.0
periods unemployment,Text,0.0
pay best,Text,0.0
pay believe,Text,0.0
pay avoid,Text,0.0
phase,Text,0.0
pay attorney,Text,0.0
pay asap,Text,0.0
pay apr,Text,0.0
payroll,Text,0.0
pay approximately,Text,0.0
pay approx,Text,0.0
pay amp,Text,0.0
pay accounts,Text,0.0
pay accrued,Text,0.0
pay accumulated,Text,0.0
pay actual,Text,0.0
pay addition,Text,0.0
pay additional,Text,0.0
pay advance,Text,0.0
pay agreed,Text,0.0
payroll deductions,Text,0.0
plumbing repairs,Text,0.0
pay allow,Text,0.0
plan invest,Text,0.0
pay alot,Text,0.0
phase life,Text,0.0
pay american,Text,0.0
pay amex,Text,0.0
pay amounts,Text,0.0
pay ahead,Text,0.0
penalties br,Text,0.0
paid using,Text,0.0
penalty,Text,0.0
phone bills,Text,0.0
paid used,Text,0.0
penalty br,Text,0.0
paid use,Text,0.0
paid tuition,Text,0.0
paid trying,Text,0.0
point like,Text,0.0
paid truck,Text,0.0
plan having,Text,0.0
paid timely,Text,0.0
plan better,Text,0.0
paid thanks,Text,0.0
past 12,Text,0.0
paid term,Text,0.0
paid tax,Text,0.0
paid successfully,Text,0.0
paid student,Text,0.0
paid steady,Text,0.0
penalty pay,Text,0.0
paid start,Text,0.0
point need,Text,0.0
paid sooner,Text,0.0
point pay,Text,0.0
paid soon,Text,0.0
paid smaller,Text,0.0
paid small,Text,0.0
paid single,Text,0.0
paid significant,Text,0.0
paid thank,Text,0.0
painter,Text,0.0
painted,Text,0.0
paint new,Text,0.0
paint job,Text,0.0
point br,Text,0.0
pellet,Text,0.0
periodic,Text,0.0
pellet stove,Text,0.0
paint interior,Text,0.0
paint inside,Text,0.0
paint house,Text,0.0
point credit,Text,0.0
pain,Text,0.0
paid yrs,Text,0.0
point just,Text,0.0
penalties,Text,0.0
paid ve,Text,0.0
phone amp,Text,0.0
paid vehicle,Text,0.0
phone 85,Text,0.0
penalized,Text,0.0
paid vehicles,Text,0.0
paid way,Text,0.0
pellets,Text,0.0
paid week,Text,0.0
point life,Text,0.0
paid weekly,Text,0.0
plan help,Text,0.0
paid weeks,Text,0.0
paid wife,Text,0.0
paid work,Text,0.0
paid worked,Text,0.0
paid wedding,Text,0.0
paid obligations,Text,0.0
points br,Text,0.0
paid november,Text,0.0
penn,Text,0.0
paid new,Text,0.0
paid need,Text,0.0
paid nearly,Text,0.0
paid mortgage,Text,0.0
paid months,Text,0.0
paid monthly,Text,0.0
phone calls,Text,0.0
paid month,Text,0.0
phone car,Text,0.0
paid money,Text,0.0
paid minimum,Text,0.0
paid shorter,Text,0.0
paid loans,Text,0.0
paid long,Text,0.0
penneys,Text,0.0
paid looking,Text,0.0
paid lot,Text,0.0
paid low,Text,0.0
pole,Text,0.0
polaris,Text,0.0
paid lower,Text,0.0
paid major,Text,0.0
paid majority,Text,0.0
paid make,Text,0.0
penn state,Text,0.0
paid making,Text,0.0
paid march,Text,0.0
paid medical,Text,0.0
phone credit,Text,0.0
paid short,Text,0.0
paid set,Text,0.0
paid september,Text,0.0
point paying,Text,0.0
paid school,Text,0.0
paid save,Text,0.0
paid rest,Text,0.0
paid rent,Text,0.0
paid remaining,Text,0.0
paid reasonable,Text,0.0
paid rate,Text,0.0
paid quite,Text,0.0
paid quickly,Text,0.0
point plan,Text,0.0
phone cable,Text,0.0
paid order,Text,0.0
points,Text,0.0
paid paid,Text,0.0
paid past,Text,0.0
paid pay,Text,0.0
paid paying,Text,0.0
pending,Text,0.0
paid payment,Text,0.0
paid promptly,Text,0.0
paid personal,Text,0.0
paid plan,Text,0.0
point want,Text,0.0
paid plus,Text,0.0
point time,Text,0.0
paid pocket,Text,0.0
paid previous,Text,0.0
paid prior,Text,0.0
paid payments,Text,0.0
peace mind,Text,0.0
partners,Text,0.0
partnering,Text,0.0
partnered,Text,0.0
partner company,Text,0.0
pmp,Text,0.0
partner business,Text,0.0
partner,Text,0.0
partly,Text,0.0
parties involved,Text,0.0
parties,Text,0.0
particularly,Text,0.0
particular loan,Text,0.0
particular,Text,0.0
participation,Text,0.0
painting,Text,0.0
parked,Text,0.0
phone 40,Text,0.0
parking,Text,0.0
parking lot,Text,0.0
parks,Text,0.0
partial,Text,0.0
partial funding,Text,0.0
participating,Text,0.0
partially,Text,0.0
peace university,Text,0.0
pmt,Text,0.0
partially fund,Text,0.0
partially funded,Text,0.0
partially pay,Text,0.0
phone 30,Text,0.0
participated,Text,0.0
partial payment,Text,0.0
past 11,Text,0.0
past 10,Text,0.0
passive,Text,0.0
passionate,Text,0.0
passion,Text,0.0
passing,Text,0.0
passes,Text,0.0
plus monthly,Text,0.0
plus moving,Text,0.0
plus new,Text,0.0
plus pay,Text,0.0
plus paying,Text,0.0
plus rate,Text,0.0
plus save,Text,0.0
plus thank,Text,0.0
pmi,Text,0.0
partnership br,Text,0.0
parts,Text,0.0
pm,Text,0.0
parts br,Text,0.0
parts country,Text,0.0
parttime,Text,0.0
plus years,Text,0.0
plus time,Text,0.0
party br,Text,0.0
party car,Text,0.0
party like,Text,0.0
pass inspection,Text,0.0
passed,Text,0.0
passed away,Text,0.0
passed year,Text,0.0
phone 200,Text,0.0
plus year,Text,0.0
parcel land,Text,0.0
parcel,Text,0.0
pocket br,Text,0.0
pocket expenses,Text,0.0
peer,Text,0.0
paramount,Text,0.0
paramedic,Text,0.0
peer lending,Text,0.0
paralegal,Text,0.0
par,Text,0.0
paperwork,Text,0.0
papers,Text,0.0
pocket money,Text,0.0
paper work,Text,0.0
phone 75,Text,0.0
phone 50,Text,0.0
painting br,Text,0.0
painting house,Text,0.0
peers,Text,0.0
pair,Text,0.0
pal,Text,0.0
palm,Text,0.0
pament,Text,0.0
paper,Text,0.0
pan,Text,0.0
pane,Text,0.0
peer peer,Text,0.0
phone 80,Text,0.0
peer loan,Text,0.0
panel,Text,0.0
pockets,Text,0.0
panels,Text,0.0
point,Text,0.0
park,Text,0.0
paris,Text,0.0
parents work,Text,0.0
phone 60,Text,0.0
pmt br,Text,0.0
parents want,Text,0.0
parents save,Text,0.0
pmt month,Text,0.0
parents rent,Text,0.0
parents paying,Text,0.0
parents pay,Text,0.0
parents paid,Text,0.0
parents need,Text,0.0
parents medical,Text,0.0
parents live,Text,0.0
parent,Text,0.0
parent company,Text,0.0
parent house,Text,0.0
pocket,Text,0.0
parents bills,Text,0.0
parents br,Text,0.0
pediatric,Text,0.0
phone 70,Text,0.0
parents house,Text,0.0
pnc bank,Text,0.0
pnc,Text,0.0
parents financial,Text,0.0
peak,Text,0.0
pmts,Text,0.0
parents financially,Text,0.0
parents help,Text,0.0
parents home,Text,0.0
parents don,Text,0.0
pay start,Text,0.0
players,Text,0.0
pay stable,Text,0.0
pay source,Text,0.0
plan buy,Text,0.0
pay soon,Text,0.0
personal savings,Text,0.0
payoff consolidation,Text,0.0
payoff couple,Text,0.0
pay sons,Text,0.0
playing,Text,0.0
pay son,Text,0.0
pay smaller,Text,0.0
pay small,Text,0.0
pay slightly,Text,0.0
pay currently,Text,0.0
pay significant,Text,0.0
personal situation,Text,0.0
pay short,Text,0.0
personal things,Text,0.0
pay set,Text,0.0
playing catch,Text,0.0
pay separate,Text,0.0
pay semester,Text,0.0
personal trainer,Text,0.0
pay security,Text,0.0
pay second,Text,0.0
personal training,Text,0.0
pay schooling,Text,0.0
pay school,Text,0.0
plan late,Text,0.0
pay significantly,Text,0.0
pay truck,Text,0.0
pay trip,Text,0.0
pay treatment,Text,0.0
pay total,Text,0.0
pay timeshare,Text,0.0
pay times,Text,0.0
pay timely,Text,0.0
pay time,Text,0.0
pay thousand,Text,0.0
personal note,Text,0.0
payoff cc,Text,0.0
played,Text,0.0
player,Text,0.0
personal property,Text,0.0
plan leave,Text,0.0
pay steady,Text,0.0
pay store,Text,0.0
payoff consolidate,Text,0.0
pay stub,Text,0.0
personal reasons,Text,0.0
pay stubs,Text,0.0
payoff close,Text,0.0
pay student,Text,0.0
pay thanks,Text,0.0
pay substantial,Text,0.0
payoff citi,Text,0.0
pay sum,Text,0.0
pay surgery,Text,0.0
payoff chase,Text,0.0
pay term,Text,0.0
pay terms,Text,0.0
pay thank,Text,0.0
personal purchase,Text,0.0
pay real,Text,0.0
pay rates,Text,0.0
pay rate,Text,0.0
pay raises,Text,0.0
pay raise,Text,0.0
pay quot,Text,0.0
pay quick,Text,0.0
personal use,Text,0.0
pay purchase,Text,0.0
pay prosper,Text,0.0
pay property,Text,0.0
pay process,Text,0.0
pay problem,Text,0.0
pay private,Text,0.0
pay prior,Text,0.0
pay schedule,Text,0.0
pay person,Text,0.0
pay personal,Text,0.0
pay place,Text,0.0
pay plan,Text,0.0
pay planning,Text,0.0
pay plus,Text,0.0
pay pocket,Text,0.0
payoff debts,Text,0.0
payoff discover,Text,0.0
pay portion,Text,0.0
pay possible,Text,0.0
pay prefer,Text,0.0
pay pretty,Text,0.0
pay previous,Text,0.0
pay principle,Text,0.0
permanent,Text,0.0
pay pool,Text,0.0
pay scale,Text,0.0
pay savings,Text,0.0
pay saving,Text,0.0
pay save,Text,0.0
pay salary,Text,0.0
plays,Text,0.0
pay roughly,Text,0.0
pay ring,Text,0.0
pay right,Text,0.0
pay rid,Text,0.0
pay retail,Text,0.0
permanent employee,Text,0.0
pay rest,Text,0.0
pay required,Text,0.0
pay requested,Text,0.0
pay really,Text,0.0
pay reason,Text,0.0
pay reasonable,Text,0.0
pay receive,Text,0.0
pay recent,Text,0.0
pay recently,Text,0.0
pay reception,Text,0.0
pay reduce,Text,0.0
pay repairs,Text,0.0
payoff date,Text,0.0
pay regularly,Text,0.0
pay relatively,Text,0.0
payoff current,Text,0.0
pay relocation,Text,0.0
pay remainder,Text,0.0
pay remaining,Text,0.0
pay rent,Text,0.0
pay regular,Text,0.0
paying 18,Text,0.0
paying 17,Text,0.0
paying 1500,Text,0.0
paying 150,Text,0.0
paying 15,Text,0.0
platinum card,Text,0.0
paying 14,Text,0.0
paying 13,Text,0.0
paying 12,Text,0.0
paying 1000,Text,0.0
paying 100,Text,0.0
paying 10,Text,0.0
paying 000,Text,0.0
payoff bills,Text,0.0
plan clear,Text,0.0
pay try,Text,0.0
payed br,Text,0.0
payed credit,Text,0.0
payed faster,Text,0.0
payed loan,Text,0.0
payed loans,Text,0.0
payed monthly,Text,0.0
payed months,Text,0.0
payin,Text,0.0
payed time,Text,0.0
payed year,Text,0.0
payed years,Text,0.0
payee,Text,0.0
payement,Text,0.0
payer,Text,0.0
payer br,Text,0.0
payers,Text,0.0
payed sooner,Text,0.0
payoff auto,Text,0.0
plastics,Text,0.0
plate,Text,0.0
paying 800,Text,0.0
platform,Text,0.0
paying 750,Text,0.0
paying 700,Text,0.0
paying 650,Text,0.0
paying 550,Text,0.0
paying 500,Text,0.0
payoff balance,Text,0.0
paying 50,Text,0.0
paying 450,Text,0.0
plan like,Text,0.0
paying 40,Text,0.0
paying 20,Text,0.0
platinum,Text,0.0
paying 200,Text,0.0
personal line,Text,0.0
paying 2000,Text,0.0
paying 22,Text,0.0
paying 23,Text,0.0
paying 24,Text,0.0
paying 36,Text,0.0
paying 250,Text,0.0
paying 28,Text,0.0
paying 29,Text,0.0
payoff bank,Text,0.0
paying 30,Text,0.0
paying 300,Text,0.0
paying 350,Text,0.0
payoff balances,Text,0.0
paying 25,Text,0.0
pay work,Text,0.0
pay wife,Text,0.0
pay wells,Text,0.0
pay wedding,Text,0.0
personal monthly,Text,0.0
pay way,Text,0.0
play pay,Text,0.0
pay want,Text,0.0
pay visa,Text,0.0
pay vendors,Text,0.0
pay vehicles,Text,0.0
personal needs,Text,0.0
pay vehicle,Text,0.0
pay ve,Text,0.0
plan cancel,Text,0.0
payed bills,Text,0.0
pay trying,Text,0.0
pay tuition,Text,0.0
pay twice,Text,0.0
pay unexpected,Text,0.0
pay unsecured,Text,0.0
pay upcoming,Text,0.0
pay upfront,Text,0.0
payoff card,Text,0.0
pay used,Text,0.0
payoff cards,Text,0.0
pay using,Text,0.0
pay utilities,Text,0.0
pay vacation,Text,0.0
pay variable,Text,0.0
plan buying,Text,0.0
pay various,Text,0.0
pay use,Text,0.0
plan cash,Text,0.0
payed 36,Text,0.0
plan canceling,Text,0.0
paydown debt,Text,0.0
paydown credit,Text,0.0
paydown,Text,0.0
payday loans,Text,0.0
payday loan,Text,0.0
payday,Text,0.0
paychecks,Text,0.0
paycheck paycheck,Text,0.0
paycheck pay,Text,0.0
paycheck like,Text,0.0
play area,Text,0.0
paycheck just,Text,0.0
pay working,Text,0.0
pay worry,Text,0.0
plan leaving,Text,0.0
pay year,Text,0.0
pay yrs,Text,0.0
pay zero,Text,0.0
payable,Text,0.0
payback,Text,0.0
payoff capital,Text,0.0
payback loan,Text,0.0
payback period,Text,0.0
play br,Text,0.0
personal medical,Text,0.0
payback time,Text,0.0
paycheck,Text,0.0
paycheck br,Text,0.0
paycheck goes,Text,0.0
payback br,Text,0.0
pay half,Text,0.0
pay guys,Text,0.0
pay great,Text,0.0
pay graduate,Text,0.0
pay grade,Text,0.0
pay got,Text,0.0
pertinent,Text,0.0
pay going,Text,0.0
pay goes,Text,0.0
pay goal,Text,0.0
pay getting,Text,0.0
pay gas,Text,0.0
pay furniture,Text,0.0
pay funeral,Text,0.0
payoff revolving,Text,0.0
pay periods,Text,0.0
pay father,Text,0.0
pay federal,Text,0.0
pay fees,Text,0.0
pay final,Text,0.0
pesky credit,Text,0.0
pay finance,Text,0.0
pay financial,Text,0.0
pay funds,Text,0.0
pay following,Text,0.0
pay food,Text,0.0
pesky,Text,0.0
payoff second,Text,0.0
pay forward,Text,0.0
payoff schedule,Text,0.0
pay friend,Text,0.0
pay fully,Text,0.0
pay fixed,Text,0.0
pay individual,Text,0.0
plan building,Text,0.0
payoff payment,Text,0.0
payoff period,Text,0.0
pay increases,Text,0.0
payoff personal,Text,0.0
payoff plan,Text,0.0
plenty work,Text,0.0
pay increase,Text,0.0
pay income,Text,0.0
pay immediately,Text,0.0
pay husband,Text,0.0
pay huge,Text,0.0
pay household,Text,0.0
pay house,Text,0.0
pay having,Text,0.0
pay health,Text,0.0
payoff remaining,Text,0.0
pay help,Text,0.0
plumbing,Text,0.0
pay higer,Text,0.0
plumber,Text,0.0
pls,Text,0.0
pay hospital,Text,0.0
plow,Text,0.0
pay highest,Text,0.0
pay hight,Text,0.0
pay history,Text,0.0
pay honeymoon,Text,0.0
pay hope,Text,0.0
pay hoping,Text,0.0
plex,Text,0.0
pertaining,Text,0.0
pay dollar,Text,0.0
plan just,Text,0.0
pay doing,Text,0.0
pay divorce,Text,0.0
pay directly,Text,0.0
pet sitting,Text,0.0
petroleum,Text,0.0
pay different,Text,0.0
pay difference,Text,0.0
pay dept,Text,0.0
pay deposit,Text,0.0
pay dental,Text,0.0
pay deductible,Text,0.0
pets,Text,0.0
ph,Text,0.0
pay faster,Text,0.0
plan investor,Text,0.0
pay cut,Text,0.0
payoff vehicle,Text,0.0
pay cuts,Text,0.0
plan budgeting,Text,0.0
pharmaceutical industry,Text,0.0
pharmaceutical company,Text,0.0
payoff total,Text,0.0
pay daughter,Text,0.0
pay daughters,Text,0.0
pay day,Text,0.0
pay debit,Text,0.0
payoff various,Text,0.0
pharmaceutical,Text,0.0
pharma,Text,0.0
pay debtors,Text,0.0
pay dates,Text,0.0
pay fast,Text,0.0
pet,Text,0.0
payoff sooner,Text,0.0
payoff thanks,Text,0.0
plumbing br,Text,0.0
pay far,Text,0.0
pay family,Text,0.0
pay fairly,Text,0.0
pet care,Text,0.0
pay extremely,Text,0.0
pay extra,Text,0.0
pay expensive,Text,0.0
pay expense,Text,0.0
pay expected,Text,0.0
plan build,Text,0.0
pay dollars,Text,0.0
pay don,Text,0.0
pay double,Text,0.0
plumbing electrical,Text,0.0
pay earlier,Text,0.0
pay early,Text,0.0
payoff time,Text,0.0
pay easier,Text,0.0
pay excellent,Text,0.0
pay easy,Text,0.0
plan keeping,Text,0.0
pay education,Text,0.0
pay eliminate,Text,0.0
pay emergency,Text,0.0
pay end,Text,0.0
pay engagement,Text,0.0
pay entire,Text,0.0
pay easily,Text,0.0
pay open,Text,0.0
pay ontime,Text,0.0
pay old,Text,0.0
pleasure,Text,0.0
pay offs,Text,0.0
pay obligations,Text,0.0
pay obligation,Text,0.0
pay note,Text,0.0
pay normal,Text,0.0
pay negative,Text,0.0
pay needed,Text,0.0
pay need,Text,0.0
pay necessary,Text,0.0
pay nearly,Text,0.0
pledged,Text,0.0
pay individuals,Text,0.0
pay misc,Text,0.0
pay missed,Text,0.0
pay modest,Text,0.0
pay money,Text,0.0
payoff medical,Text,0.0
personally thank,Text,0.0
pay monthly,Text,0.0
pay moving,Text,0.0
plenty extra,Text,0.0
plenty,Text,0.0
pay months,Text,0.0
pay monthy,Text,0.0
pay montly,Text,0.0
pay mortgage,Text,0.0
pay mother,Text,0.0
pay motorcycle,Text,0.0
payoff major,Text,0.0
pay period,Text,0.0
pay people,Text,0.0
pay penny,Text,0.0
pay peers,Text,0.0
payoff early,Text,0.0
pay peer,Text,0.0
pay payments,Text,0.0
pay payment,Text,0.0
pay paying,Text,0.0
pay payday,Text,0.0
payoff following,Text,0.0
payoff high,Text,0.0
payoff higher,Text,0.0
pleasant,Text,0.0
pay past,Text,0.0
pay order,Text,0.0
personally professionally,Text,0.0
pay original,Text,0.0
pay outright,Text,0.0
payoff lower,Text,0.0
payoff loans,Text,0.0
pay overall,Text,0.0
personally,Text,0.0
pay parts,Text,0.0
pay owe,Text,0.0
pleased,Text,0.0
pay owed,Text,0.0
pay paid,Text,0.0
pay pal,Text,0.0
pay parent,Text,0.0
pay parents,Text,0.0
payoff lending,Text,0.0
personal vehicle,Text,0.0
pay life,Text,0.0
pay lendingclub,Text,0.0
pay lenders,Text,0.0
pay lender,Text,0.0
pay legal,Text,0.0
pay left,Text,0.0
pay lawyer,Text,0.0
persons,Text,0.0
pay later,Text,0.0
pay late,Text,0.0
payoff new,Text,0.0
pay largest,Text,0.0
payoff old,Text,0.0
pay larger,Text,0.0
pay large,Text,0.0
pay minor,Text,0.0
pay initial,Text,0.0
pay installment,Text,0.0
persue,Text,0.0
pay instead,Text,0.0
pay insurance,Text,0.0
pay investor,Text,0.0
pay irs,Text,0.0
payoff outstanding,Text,0.0
pay job,Text,0.0
pay just,Text,0.0
perm,Text,0.0
plenty room,Text,0.0
plenty money,Text,0.0
pay kitchen,Text,0.0
perspective,Text,0.0
pay know,Text,0.0
pay items,Text,0.0
plenty funds,Text,0.0
pay minimun,Text,0.0
pay minimums,Text,0.0
pay minimal,Text,0.0
pay min,Text,0.0
personel,Text,0.0
pay mastercard,Text,0.0
pay master,Text,0.0
pay making,Text,0.0
pay make,Text,0.0
pay majority,Text,0.0
pay major,Text,0.0
pay macy,Text,0.0
plenty income,Text,0.0
pay lump,Text,0.0
pay like,Text,0.0
pay line,Text,0.0
pay lines,Text,0.0
pay little,Text,0.0
personnel loan,Text,0.0
pay live,Text,0.0
pay living,Text,0.0
pay ll,Text,0.0
payoff motorcycle,Text,0.0
personnal loan,Text,0.0
personnal,Text,0.0
pay long,Text,0.0
pay longer,Text,0.0
pay looking,Text,0.0
pay lot,Text,0.0
pay love,Text,0.0
pay low,Text,0.0
personnel,Text,0.0
loan change,Text,0.0
loan chase,Text,0.0
loan cheaper,Text,0.0
loan christmas,Text,0.0
loan citi,Text,0.0
loan citifinancial,Text,0.0
loan clean,Text,0.0
loan clear,Text,0.0
position like,Text,0.0
loan club,Text,0.0
loan college,Text,0.0
loan combination,Text,0.0
loan combine,Text,0.0
loan combined,Text,0.0
loan come,Text,0.0
loan comfortable,Text,0.0
loan company,Text,0.0
loan complete,Text,0.0
loan closing,Text,0.0
loan budget,Text,0.0
loan build,Text,0.0
loan building,Text,0.0
loan buy,Text,0.0
loan buying,Text,0.0
loan called,Text,0.0
loan came,Text,0.0
loan cancel,Text,0.0
loan cancelled,Text,0.0
loan chance,Text,0.0
loan capital,Text,0.0
loan card,Text,0.0
loan cards,Text,0.0
loan care,Text,0.0
loan case,Text,0.0
loan catch,Text,0.0
loan cause,Text,0.0
loan cc,Text,0.0
loan certainly,Text,0.0
loan candidate,Text,0.0
loan couple,Text,0.0
loan course,Text,0.0
loan covers,Text,0.0
loan create,Text,0.0
loan current,Text,0.0
loan cut,Text,0.0
loan date,Text,0.0
loan daughter,Text,0.0
loan completed,Text,0.0
loan debit,Text,0.0
loan debts,Text,0.0
loan december,Text,0.0
loan decent,Text,0.0
loan decided,Text,0.0
loan decrease,Text,0.0
loan default,Text,0.0
loan defaulted,Text,0.0
loan defined,Text,0.0
loan days,Text,0.0
loan completion,Text,0.0
loan concentrate,Text,0.0
loan confidence,Text,0.0
loan confident,Text,0.0
loan consider,Text,0.0
loan considerably,Text,0.0
loan consideration,Text,0.0
loan considering,Text,0.0
loan consildate,Text,0.0
loan couldn,Text,0.0
loan consistent,Text,0.0
loan consistently,Text,0.0
loan consolidated,Text,0.0
loan consolodate,Text,0.0
loan control,Text,0.0
loan convert,Text,0.0
loan cosmetic,Text,0.0
loan cosolidate,Text,0.0
loan cost,Text,0.0
loan consilidate,Text,0.0
loan agreement,Text,0.0
loan aid,Text,0.0
loan allotted,Text,0.0
loan allowing,Text,0.0
loan allows,Text,0.0
loan american,Text,0.0
loan amounts,Text,0.0
loan amp,Text,0.0
loan brother,Text,0.0
loan application,Text,0.0
loan applications,Text,0.0
loan applied,Text,0.0
loan apply,Text,0.0
loan applying,Text,0.0
loan appreciate,Text,0.0
loan appreciated,Text,0.0
loan approval,Text,0.0
loan approved,Text,0.0
loan answer,Text,0.0
loan 80,Text,0.0
loan 800,Text,0.0
loan 90,Text,0.0
loan ability,Text,0.0
loan accelerate,Text,0.0
loan accomplish,Text,0.0
loan account,Text,0.0
loan accounts,Text,0.0
loan acquire,Text,0.0
loan agreed,Text,0.0
loan add,Text,0.0
loan added,Text,0.0
loan adding,Text,0.0
loan addition,Text,0.0
loan additional,Text,0.0
loan advance,Text,0.0
loan advantage,Text,0.0
loan afford,Text,0.0
loan affordable,Text,0.0
loan actual,Text,0.0
loan basically,Text,0.0
loan becauseâ,Text,0.0
loan begin,Text,0.0
loan believe,Text,0.0
loan beneficial,Text,0.0
loan benefit,Text,0.0
loan best,Text,0.0
loan big,Text,0.0
loan approx,Text,0.0
loan bills,Text,0.0
loan bit,Text,0.0
loan boat,Text,0.0
loan bonus,Text,0.0
loan borrow,Text,0.0
loan borrowed,Text,0.0
loan borrower,Text,0.0
loan breathing,Text,0.0
loan bridge,Text,0.0
loan bike,Text,0.0
loan approximately,Text,0.0
loan asap,Text,0.0
loan ask,Text,0.0
loan asked,Text,0.0
loan asking,Text,0.0
loan assistance,Text,0.0
loan assure,Text,0.0
loan attempt,Text,0.0
loan attractive,Text,0.0
loan based,Text,0.0
loan automatic,Text,0.0
loan automatically,Text,0.0
loan automobile,Text,0.0
loan avoid,Text,0.0
loan away,Text,0.0
loan bad,Text,0.0
loan balance,Text,0.0
loan bank,Text,0.0
loan banks,Text,0.0
loan auto,Text,0.0
loan gainfully,Text,0.0
loan general,Text,0.0
loan gets,Text,0.0
loan getting,Text,0.0
loan given,Text,0.0
loan gives,Text,0.0
loan giving,Text,0.0
loan goal,Text,0.0
loan definitely,Text,0.0
loan going,Text,0.0
loan grade,Text,0.0
loan graduate,Text,0.0
loan granted,Text,0.0
loan greater,Text,0.0
loan greatly,Text,0.0
loan ground,Text,0.0
loan guaranteed,Text,0.0
loan half,Text,0.0
loan goes,Text,0.0
loan finish,Text,0.0
loan finished,Text,0.0
loan finishing,Text,0.0
loan fit,Text,0.0
loan fits,Text,0.0
loan fix,Text,0.0
loan fixed,Text,0.0
loan focus,Text,0.0
loan fold,Text,0.0
loan gain,Text,0.0
loan following,Text,0.0
loan follows,Text,0.0
loan free,Text,0.0
loan fresh,Text,0.0
loan friend,Text,0.0
loan fund,Text,0.0
loan funding,Text,0.0
loan funds,Text,0.0
loan future,Text,0.0
loan follow,Text,0.0
loan husband,Text,0.0
loan idea,Text,0.0
loan immediately,Text,0.0
loan important,Text,0.0
loan improve,Text,0.0
loan improvements,Text,0.0
loan include,Text,0.0
loan included,Text,0.0
loan happen,Text,0.0
loan increase,Text,0.0
loan information,Text,0.0
loan inground,Text,0.0
loan install,Text,0.0
loan installation,Text,0.0
loan installment,Text,0.0
loan insurance,Text,0.0
loan intend,Text,0.0
loan intention,Text,0.0
loan income,Text,0.0
loan happy,Text,0.0
loan hard,Text,0.0
loan haven,Text,0.0
loan having,Text,0.0
loan held,Text,0.0
loan hellip,Text,0.0
loan helped,Text,0.0
loan helpful,Text,0.0
loan helping,Text,0.0
loan huge,Text,0.0
loan high,Text,0.0
loan history,Text,0.0
loan hold,Text,0.0
loan home,Text,0.0
loan hopefully,Text,0.0
loan hopes,Text,0.0
loan hoping,Text,0.0
loan house,Text,0.0
loan hsbc,Text,0.0
loan helps,Text,0.0
loan don,Text,0.0
loan dont,Text,0.0
loan downpayment,Text,0.0
loan dream,Text,0.0
loan drop,Text,0.0
loan earlier,Text,0.0
loan early,Text,0.0
loan ease,Text,0.0
loan financially,Text,0.0
loan easily,Text,0.0
loan easy,Text,0.0
loan education,Text,0.0
loan effectively,Text,0.0
loan effort,Text,0.0
loan eliminating,Text,0.0
loan emergency,Text,0.0
loan employed,Text,0.0
loan employer,Text,0.0
loan easier,Text,0.0
loan delinquent,Text,0.0
loan dental,Text,0.0
loan dept,Text,0.0
loan designed,Text,0.0
loan despite,Text,0.0
loan details,Text,0.0
loan did,Text,0.0
loan didn,Text,0.0
loan difference,Text,0.0
loan dollars,Text,0.0
loan difficult,Text,0.0
loan difficulty,Text,0.0
loan direct,Text,0.0
loan directly,Text,0.0
loan disappointed,Text,0.0
loan discover,Text,0.0
loan does,Text,0.0
loan doesn,Text,0.0
loan doing,Text,0.0
loan different,Text,0.0
loan extended,Text,0.0
loan extra,Text,0.0
loan extremely,Text,0.0
loan facilitate,Text,0.0
loan fact,Text,0.0
loan family,Text,0.0
loan far,Text,0.0
loan fast,Text,0.0
loan employment,Text,0.0
loan father,Text,0.0
loan feel,Text,0.0
loan fees,Text,0.0
loan fiance,Text,0.0
loan figured,Text,0.0
loan final,Text,0.0
loan finally,Text,0.0
loan finance,Text,0.0
loan financial,Text,0.0
loan faster,Text,0.0
loan enables,Text,0.0
loan engagement,Text,0.0
loan ensure,Text,0.0
loan entire,Text,0.0
loan entirety,Text,0.0
loan equal,Text,0.0
loan equipment,Text,0.0
loan equity,Text,0.0
loan especially,Text,0.0
loan expires,Text,0.0
loan establish,Text,0.0
loan exactly,Text,0.0
loan excellent,Text,0.0
loan excited,Text,0.0
loan existing,Text,0.0
loan expand,Text,0.0
loan expect,Text,0.0
loan expedite,Text,0.0
loan experience,Text,0.0
loan essentially,Text,0.0
little bit,Text,0.0
little boost,Text,0.0
little boy,Text,0.0
little br,Text,0.0
little breathing,Text,0.0
little brother,Text,0.0
little capital,Text,0.0
little car,Text,0.0
loan 7500,Text,0.0
little credit,Text,0.0
little cushion,Text,0.0
little days,Text,0.0
little debt,Text,0.0
little debts,Text,0.0
little did,Text,0.0
little difficult,Text,0.0
little early,Text,0.0
little expenses,Text,0.0
little cash,Text,0.0
listed br,Text,0.0
listed credit,Text,0.0
listed income,Text,0.0
listed just,Text,0.0
listed loan,Text,0.0
listed quot,Text,0.0
listed year,Text,0.0
listening,Text,0.0
listing loan,Text,0.0
little bills,Text,0.0
lists,Text,0.0
literally,Text,0.0
literate,Text,0.0
literature,Text,0.0
little 000,Text,0.0
little 10,Text,0.0
little assistance,Text,0.0
little background,Text,0.0
little better,Text,0.0
listings,Text,0.0
little payments,Text,0.0
little personal,Text,0.0
little progress,Text,0.0
little push,Text,0.0
little risk,Text,0.0
little room,Text,0.0
little savings,Text,0.0
little stressful,Text,0.0
little extra,Text,0.0
little time,Text,0.0
little trouble,Text,0.0
little way,Text,0.0
little work,Text,0.0
little year,Text,0.0
little years,Text,0.0
livable,Text,0.0
live american,Text,0.0
live apartment,Text,0.0
little things,Text,0.0
little faster,Text,0.0
little financial,Text,0.0
little girl,Text,0.0
little half,Text,0.0
little head,Text,0.0
little headway,Text,0.0
little high,Text,0.0
little home,Text,0.0
little info,Text,0.0
little pay,Text,0.0
little late,Text,0.0
little left,Text,0.0
little little,Text,0.0
little lower,Text,0.0
little minimum,Text,0.0
little money,Text,0.0
little month,Text,0.0
little monthly,Text,0.0
little ones,Text,0.0
little information,Text,0.0
liked,Text,0.0
likelihood,Text,0.0
likely,Text,0.0
likely able,Text,0.0
likely loan,Text,0.0
likely paid,Text,0.0
likely pay,Text,0.0
likely paying,Text,0.0
list monthly,Text,0.0
limit,Text,0.0
limit 000,Text,0.0
limit br,Text,0.0
limit card,Text,0.0
limit cards,Text,0.0
limit credit,Text,0.0
limit loan,Text,0.0
limited,Text,0.0
limiting,Text,0.0
likes,Text,0.0
like tell,Text,0.0
like thank,Text,0.0
like thanks,Text,0.0
like time,Text,0.0
like track,Text,0.0
like transfer,Text,0.0
like try,Text,0.0
like turn,Text,0.0
like update,Text,0.0
like years,Text,0.0
like utilize,Text,0.0
like ve,Text,0.0
like way,Text,0.0
like wedding,Text,0.0
like wife,Text,0.0
like win,Text,0.0
like wipe,Text,0.0
like work,Text,0.0
like year,Text,0.0
like upgrade,Text,0.0
lingering credit,Text,0.0
link,Text,0.0
linked,Text,0.0
links,Text,0.0
liquid,Text,0.0
liquid assets,Text,0.0
liquid cash,Text,0.0
liquid savings,Text,0.0
limits,Text,0.0
liquidate credit,Text,0.0
liquidated,Text,0.0
liquidating,Text,0.0
liquidity,Text,0.0
liquidity br,Text,0.0
liquor,Text,0.0
list,Text,0.0
list br,Text,0.0
list debts,Text,0.0
liquidate,Text,0.0
limits br,Text,0.0
limits credit,Text,0.0
limits lowered,Text,0.0
limo,Text,0.0
limousine,Text,0.0
lincoln,Text,0.0
line business,Text,0.0
line debt,Text,0.0
line home,Text,0.0
lingering,Text,0.0
line loan,Text,0.0
line pay,Text,0.0
line promotion,Text,0.0
lined,Text,0.0
liner,Text,0.0
lines br,Text,0.0
lines credit,Text,0.0
lines pay,Text,0.0
linger,Text,0.0
line just,Text,0.0
load debt,Text,0.0
load pay,Text,0.0
loaded,Text,0.0
loads,Text,0.0
loan 000,Text,0.0
loan 10,Text,0.0
loan 1000,Text,0.0
loan 11,Text,0.0
live better,Text,0.0
loan 120,Text,0.0
loan 14,Text,0.0
loan 15,Text,0.0
loan 150,Text,0.0
loan 15000,Text,0.0
loan 15k,Text,0.0
loan 16,Text,0.0
loan 18,Text,0.0
loan 19,Text,0.0
loan 12,Text,0.0
ll lower,Text,0.0
ll make,Text,0.0
ll making,Text,0.0
ll moving,Text,0.0
ll need,Text,0.0
ll paid,Text,0.0
ll pay,Text,0.0
ll paying,Text,0.0
ll save,Text,0.0
load credit,Text,0.0
ll start,Text,0.0
ll trouble,Text,0.0
ll try,Text,0.0
ll use,Text,0.0
ll using,Text,0.0
ll work,Text,0.0
llc,Text,0.0
loa,Text,0.0
load br,Text,0.0
ll saving,Text,0.0
loan 35,Text,0.0
loan 36,Text,0.0
loan 40,Text,0.0
loan 400,Text,0.0
loan 4000,Text,0.0
loan 401k,Text,0.0
loan 450,Text,0.0
loan 50,Text,0.0
loan 1st,Text,0.0
loan 5000,Text,0.0
loan 550,Text,0.0
loan 60,Text,0.0
loan 600,Text,0.0
loan 6000,Text,0.0
loan 65,Text,0.0
loan 650,Text,0.0
loan 700,Text,0.0
loan 7000,Text,0.0
loan 500,Text,0.0
loan 20,Text,0.0
loan 200,Text,0.0
loan 2000,Text,0.0
loan 2004,Text,0.0
loan 2005,Text,0.0
loan 2007,Text,0.0
loan 2008,Text,0.0
loan 2009,Text,0.0
loan 2010,Text,0.0
loan 3000,Text,0.0
loan 22,Text,0.0
loan 24,Text,0.0
loan 25,Text,0.0
loan 2500,Text,0.0
loan 280,Text,0.0
loan 2nd,Text,0.0
loan 2yrs,Text,0.0
loan 30,Text,0.0
loan 300,Text,0.0
loan 21,Text,0.0
live monthly,Text,0.0
live mother,Text,0.0
live new,Text,0.0
live parents,Text,0.0
live pay,Text,0.0
live paycheck,Text,0.0
live plan,Text,0.0
live rent,Text,0.0
ll just,Text,0.0
live simply,Text,0.0
live thank,Text,0.0
live work,Text,0.0
live years,Text,0.0
lived address,Text,0.0
lived area,Text,0.0
lived credit,Text,0.0
lived current,Text,0.0
lived house,Text,0.0
live simple,Text,0.0
live cash,Text,0.0
live city,Text,0.0
live close,Text,0.0
live comfortable,Text,0.0
live comfortably,Text,0.0
live credit,Text,0.0
live debt,Text,0.0
live family,Text,0.0
live fiance,Text,0.0
live modestly,Text,0.0
live free,Text,0.0
live frugal,Text,0.0
live good,Text,0.0
live high,Text,0.0
live home,Text,0.0
live house,Text,0.0
live life,Text,0.0
live make,Text,0.0
live means,Text,0.0
live florida,Text,0.0
living means,Text,0.0
living new,Text,0.0
living nyc,Text,0.0
living parents,Text,0.0
living pay,Text,0.0
living paycheck,Text,0.0
living rent,Text,0.0
living situation,Text,0.0
lived location,Text,0.0
living working,Text,0.0
living years,Text,0.0
ll answer,Text,0.0
ll consider,Text,0.0
ll debt,Text,0.0
ll getting,Text,0.0
ll glad,Text,0.0
ll happy,Text,0.0
ll help,Text,0.0
living space,Text,0.0
lived place,Text,0.0
lived residence,Text,0.0
lived years,Text,0.0
lives,Text,0.0
lives br,Text,0.0
lives thank,Text,0.0
living area,Text,0.0
living br,Text,0.0
living comfortably,Text,0.0
living low,Text,0.0
living costs,Text,0.0
living credit,Text,0.0
living debt,Text,0.0
living expense,Text,0.0
living family,Text,0.0
living home,Text,0.0
living house,Text,0.0
living just,Text,0.0
living life,Text,0.0
living condition,Text,0.0
loans feel,Text,0.0
loans financial,Text,0.0
loans fixed,Text,0.0
loans free,Text,0.0
loans goal,Text,0.0
loans going,Text,0.0
loans good,Text,0.0
loans grants,Text,0.0
loan invest,Text,0.0
loans high,Text,0.0
loans higher,Text,0.0
loans home,Text,0.0
loans house,Text,0.0
loans improve,Text,0.0
loans including,Text,0.0
loans invest,Text,0.0
loans job,Text,0.0
loans just,Text,0.0
loans help,Text,0.0
loans consolidated,Text,0.0
loans consolidating,Text,0.0
loans consolidation,Text,0.0
loans cover,Text,0.0
loans credit,Text,0.0
loans current,Text,0.0
loans cut,Text,0.0
loans debt,Text,0.0
loans debts,Text,0.0
loans faster,Text,0.0
loans did,Text,0.0
loans didn,Text,0.0
loans different,Text,0.0
loans early,Text,0.0
loans easier,Text,0.0
loans easy,Text,0.0
loans excellent,Text,0.0
loans expenses,Text,0.0
loans family,Text,0.0
loans defaulted,Text,0.0
loans need,Text,0.0
loans needed,Text,0.0
loans new,Text,0.0
loans order,Text,0.0
loans paid,Text,0.0
loans past,Text,0.0
loans pay,Text,0.0
loans paying,Text,0.0
loans late,Text,0.0
loans people,Text,0.0
loans personal,Text,0.0
loans plan,Text,0.0
loans prosper,Text,0.0
loans purpose,Text,0.0
loans quicker,Text,0.0
loans quickly,Text,0.0
loans rate,Text,0.0
loans rates,Text,0.0
loans payments,Text,0.0
loans left,Text,0.0
loans lending,Text,0.0
loans lendingclub,Text,0.0
loans life,Text,0.0
loans like,Text,0.0
loans lines,Text,0.0
loans little,Text,0.0
loans loan,Text,0.0
loans loans,Text,0.0
loans mortgage,Text,0.0
loans low,Text,0.0
loans make,Text,0.0
loans making,Text,0.0
loans medical,Text,0.0
loans missed,Text,0.0
loans money,Text,0.0
loans month,Text,0.0
loans monthly,Text,0.0
loans months,Text,0.0
loans looking,Text,0.0
loan value,Text,0.0
loan ve,Text,0.0
loan vehicle,Text,0.0
loan vs,Text,0.0
loan want,Text,0.0
loan wanted,Text,0.0
loan wanting,Text,0.0
loan way,Text,0.0
loans consolidate,Text,0.0
loan wedding,Text,0.0
loan week,Text,0.0
loan weeks,Text,0.0
loan wells,Text,0.0
loan wife,Text,0.0
loan wil,Text,0.0
loan willing,Text,0.0
loan win,Text,0.0
loan wipe,Text,0.0
loan website,Text,0.0
loan traditional,Text,0.0
loan transfer,Text,0.0
loan tremendous,Text,0.0
loan tried,Text,0.0
loan trouble,Text,0.0
loan truck,Text,0.0
loan truly,Text,0.0
loan try,Text,0.0
loan trying,Text,0.0
loan utilized,Text,0.0
loan type,Text,0.0
loan ultimately,Text,0.0
loan unable,Text,0.0
loan understand,Text,0.0
loan unexpected,Text,0.0
loan unforeseen,Text,0.0
loan unsecured,Text,0.0
loan upfront,Text,0.0
loan upgrade,Text,0.0
loan turn,Text,0.0
loans account,Text,0.0
loans accounts,Text,0.0
loans acquired,Text,0.0
loans allow,Text,0.0
loans amp,Text,0.0
loans apr,Text,0.0
loans auto,Text,0.0
loans balance,Text,0.0
loan won,Text,0.0
loans banks,Text,0.0
loans believe,Text,0.0
loans better,Text,0.0
loans bills,Text,0.0
loans borrowed,Text,0.0
loans buy,Text,0.0
loans cc,Text,0.0
loans college,Text,0.0
loans consider,Text,0.0
loans bank,Text,0.0
loan work,Text,0.0
loan worked,Text,0.0
loan working,Text,0.0
loan works,Text,0.0
loan year,Text,0.0
loan zero,Text,0.0
loand,Text,0.0
loaned,Text,0.0
loaned money,Text,0.0
loans able,Text,0.0
loaning money,Text,0.0
loans 000,Text,0.0
loans 100,Text,0.0
loans 150,Text,0.0
loans 1500,Text,0.0
loans 200,Text,0.0
loans 250,Text,0.0
loans 500,Text,0.0
loans 800,Text,0.0
loaning,Text,0.0
longer need,Text,0.0
longer needed,Text,0.0
longer pay,Text,0.0
longer paying,Text,0.0
longer period,Text,0.0
longer term,Text,0.0
longer terms,Text,0.0
longer time,Text,0.0
loans received,Text,0.0
longer used,Text,0.0
longer using,Text,0.0
longer want,Text,0.0
longer wish,Text,0.0
longer years,Text,0.0
longest,Text,0.0
longevity,Text,0.0
longtime,Text,0.0
look better,Text,0.0
longer use,Text,0.0
long good,Text,0.0
long haul,Text,0.0
long history,Text,0.0
long island,Text,0.0
long loan,Text,0.0
long needed,Text,0.0
long overdue,Text,0.0
long pay,Text,0.0
long period,Text,0.0
longer loan,Text,0.0
long standing,Text,0.0
long story,Text,0.0
long term,Text,0.0
long want,Text,0.0
long way,Text,0.0
longer able,Text,0.0
longer afford,Text,0.0
longer br,Text,0.0
longer expected,Text,0.0
long run,Text,0.0
looking borrow,Text,0.0
looking br,Text,0.0
looking break,Text,0.0
looking bridge,Text,0.0
looking build,Text,0.0
looking buying,Text,0.0
looking capital,Text,0.0
looking care,Text,0.0
look br,Text,0.0
looking clean,Text,0.0
looking clear,Text,0.0
looking close,Text,0.0
looking combine,Text,0.0
looking completely,Text,0.0
looking consolidating,Text,0.0
looking consolidation,Text,0.0
looking consolodate,Text,0.0
looking continue,Text,0.0
looking chance,Text,0.0
look credit,Text,0.0
look foward,Text,0.0
look good,Text,0.0
look great,Text,0.0
look lending,Text,0.0
look loan,Text,0.0
look new,Text,0.0
look pay,Text,0.0
look request,Text,0.0
looking best,Text,0.0
looked like,Text,0.0
looking able,Text,0.0
looking acquire,Text,0.0
looking add,Text,0.0
looking additional,Text,0.0
looking advantage,Text,0.0
looking ahead,Text,0.0
looking alternative,Text,0.0
looking assistance,Text,0.0
looked,Text,0.0
loans trying,Text,0.0
loans use,Text,0.0
loans used,Text,0.0
loans using,Text,0.0
loans ve,Text,0.0
loans want,Text,0.0
loans way,Text,0.0
loans wife,Text,0.0
long employment,Text,0.0
loans worked,Text,0.0
loans working,Text,0.0
loans year,Text,0.0
loans years,Text,0.0
loc,Text,0.0
local area,Text,0.0
local bank,Text,0.0
local banks,Text,0.0
local business,Text,0.0
loans work,Text,0.0
loans recently,Text,0.0
loans reduce,Text,0.0
loans rent,Text,0.0
loans revolving,Text,0.0
loans save,Text,0.0
loans school,Text,0.0
loans single,Text,0.0
loans small,Text,0.0
loans smaller,Text,0.0
loans totaling,Text,0.0
loans student,Text,0.0
loans successfully,Text,0.0
loans taken,Text,0.0
loans thank,Text,0.0
loans thanks,Text,0.0
loans time,Text,0.0
loans timely,Text,0.0
loans took,Text,0.0
loans total,Text,0.0
loans stable,Text,0.0
locking,Text,0.0
lodging,Text,0.0
loft,Text,0.0
log,Text,0.0
logical,Text,0.0
logistics,Text,0.0
logo,Text,0.0
lol,Text,0.0
local businesses,Text,0.0
lon,Text,0.0
london,Text,0.0
lone,Text,0.0
long ago,Text,0.0
long awaited,Text,0.0
long br,Text,0.0
long commute,Text,0.0
long credit,Text,0.0
long distance,Text,0.0
lol br,Text,0.0
local community,Text,0.0
local county,Text,0.0
local credit,Text,0.0
local economy,Text,0.0
local food,Text,0.0
local government,Text,0.0
local hospital,Text,0.0
local market,Text,0.0
local union,Text,0.0
lockheed martin,Text,0.0
locally,Text,0.0
locate,Text,0.0
located,Text,0.0
location br,Text,0.0
location need,Text,0.0
location years,Text,0.0
locations,Text,0.0
locked away,Text,0.0
lockheed,Text,0.0
local university,Text,0.0
loan ontime,Text,0.0
loan open,Text,0.0
loan opened,Text,0.0
loan operating,Text,0.0
loan opportunity,Text,0.0
loan opposed,Text,0.0
loan option,Text,0.0
loan options,Text,0.0
loan track,Text,0.0
loan organized,Text,0.0
loan original,Text,0.0
loan originally,Text,0.0
loan originated,Text,0.0
loan outstanding,Text,0.0
loan overall,Text,0.0
loan owe,Text,0.0
loan parents,Text,0.0
loan partially,Text,0.0
loan organize,Text,0.0
loan needing,Text,0.0
loan needs,Text,0.0
loan negative,Text,0.0
loan nice,Text,0.0
loan non,Text,0.0
loan note,Text,0.0
loan november,Text,0.0
loan number,Text,0.0
loan obligation,Text,0.0
loan onemain,Text,0.0
loan obtain,Text,0.0
loan obtained,Text,0.0
loan offer,Text,0.0
loan offered,Text,0.0
loan offers,Text,0.0
loan officer,Text,0.0
loan offset,Text,0.0
loan old,Text,0.0
loan older,Text,0.0
loan obligations,Text,0.0
loan pre,Text,0.0
loan prefer,Text,0.0
loan pretty,Text,0.0
loan previous,Text,0.0
loan previously,Text,0.0
loan primarily,Text,0.0
loan primary,Text,0.0
loan prior,Text,0.0
loan past,Text,0.0
loan private,Text,0.0
loan probably,Text,0.0
loan problem,Text,0.0
loan problems,Text,0.0
loan proceeds,Text,0.0
loan promise,Text,0.0
loan promptly,Text,0.0
loan property,Text,0.0
loan prosper,Text,0.0
loan priority,Text,0.0
loan payback,Text,0.0
loan payed,Text,0.0
loan paying,Text,0.0
loan payments,Text,0.0
loan pays,Text,0.0
loan perfect,Text,0.0
loan period,Text,0.0
loan personal,Text,0.0
loan personally,Text,0.0
loan potential,Text,0.0
loan place,Text,0.0
loan plan,Text,0.0
loan planned,Text,0.0
loan planning,Text,0.0
loan plus,Text,0.0
loan point,Text,0.0
loan pool,Text,0.0
loan portion,Text,0.0
loan possible,Text,0.0
loan piece,Text,0.0
loan left,Text,0.0
loan lender,Text,0.0
loan lendingclub,Text,0.0
loan let,Text,0.0
loan life,Text,0.0
loan light,Text,0.0
loan like,Text,0.0
loan likely,Text,0.0
loan needed,Text,0.0
loan listed,Text,0.0
loan live,Text,0.0
loan ll,Text,0.0
loan local,Text,0.0
loan long,Text,0.0
loan longer,Text,0.0
loan look,Text,0.0
loan looking,Text,0.0
loan looks,Text,0.0
loan line,Text,0.0
loan investing,Text,0.0
loan investment,Text,0.0
loan investor,Text,0.0
loan investors,Text,0.0
loan issue,Text,0.0
loan issued,Text,0.0
loan issues,Text,0.0
loan january,Text,0.0
loan job,Text,0.0
loan leave,Text,0.0
loan june,Text,0.0
loan key,Text,0.0
loan kitchen,Text,0.0
loan knock,Text,0.0
loan know,Text,0.0
loan large,Text,0.0
loan larger,Text,0.0
loan late,Text,0.0
loan lc,Text,0.0
loan jump,Text,0.0
loan minimize,Text,0.0
loan minimum,Text,0.0
loan minor,Text,0.0
loan miss,Text,0.0
loan modification,Text,0.0
loan money,Text,0.0
loan month,Text,0.0
loan monthly,Text,0.0
loan lot,Text,0.0
loan mortgage,Text,0.0
loan mother,Text,0.0
loan motorcycle,Text,0.0
loan moving,Text,0.0
loan multiple,Text,0.0
loan near,Text,0.0
loan nearly,Text,0.0
loan necessary,Text,0.0
loan need,Text,0.0
loan months,Text,0.0
loan love,Text,0.0
loan low,Text,0.0
loan lowering,Text,0.0
loan lowers,Text,0.0
loan lump,Text,0.0
loan main,Text,0.0
loan mainly,Text,0.0
loan maintain,Text,0.0
loan major,Text,0.0
loan meet,Text,0.0
loan makes,Text,0.0
loan making,Text,0.0
loan manage,Text,0.0
loan manageable,Text,0.0
loan matter,Text,0.0
loan maturity,Text,0.0
loan means,Text,0.0
loan meant,Text,0.0
loan medical,Text,0.0
loan make,Text,0.0
loan site,Text,0.0
loan situation,Text,0.0
loan size,Text,0.0
loan slightly,Text,0.0
loan small,Text,0.0
loan smaller,Text,0.0
loan sole,Text,0.0
loan solely,Text,0.0
loan provide,Text,0.0
loan son,Text,0.0
loan soon,Text,0.0
loan sooner,Text,0.0
loan sort,Text,0.0
loan sought,Text,0.0
loan specifically,Text,0.0
loan speed,Text,0.0
loan spending,Text,0.0
loan spread,Text,0.0
loan solid,Text,0.0
loan school,Text,0.0
loan second,Text,0.0
loan secure,Text,0.0
loan secured,Text,0.0
loan security,Text,0.0
loan seeking,Text,0.0
loan sell,Text,0.0
loan sent,Text,0.0
loan serve,Text,0.0
loan sincerely,Text,0.0
loan sharks,Text,0.0
loan short,Text,0.0
loan shorter,Text,0.0
loan signed,Text,0.0
loan significantly,Text,0.0
loan similar,Text,0.0
loan simple,Text,0.0
loan simplify,Text,0.0
loan simply,Text,0.0
loan shark,Text,0.0
loan taking,Text,0.0
loan tax,Text,0.0
loan taxes,Text,0.0
loan term,Text,0.0
loan terms,Text,0.0
loan thing,Text,0.0
loan things,Text,0.0
loan think,Text,0.0
loan springleaf,Text,0.0
loan tie,Text,0.0
loan timely,Text,0.0
loan timeshare,Text,0.0
loan title,Text,0.0
loan today,Text,0.0
loan took,Text,0.0
loan total,Text,0.0
loan totaling,Text,0.0
loan totally,Text,0.0
loan thought,Text,0.0
loan stable,Text,0.0
loan started,Text,0.0
loan starting,Text,0.0
loan startup,Text,0.0
loan steady,Text,0.0
loan step,Text,0.0
loan stop,Text,0.0
loan strictly,Text,0.0
loan strong,Text,0.0
loan taken,Text,0.0
loan substantial,Text,0.0
loan substantially,Text,0.0
loan successful,Text,0.0
loan successfully,Text,0.0
loan summer,Text,0.0
loan supplement,Text,0.0
loan support,Text,0.0
loan sure,Text,0.0
loan surgery,Text,0.0
loan student,Text,0.0
loan reasons,Text,0.0
loan receive,Text,0.0
loan received,Text,0.0
loan recent,Text,0.0
loan recently,Text,0.0
loan recipient,Text,0.0
loan reduce,Text,0.0
loan reduced,Text,0.0
loan scheduled,Text,0.0
loan refinanced,Text,0.0
loan relatively,Text,0.0
loan reliable,Text,0.0
loan relief,Text,0.0
loan relisted,Text,0.0
loan relocation,Text,0.0
loan remaining,Text,0.0
loan remodel,Text,0.0
loan remodeling,Text,0.0
loan reducing,Text,0.0
loan provided,Text,0.0
loan provides,Text,0.0
loan purchasing,Text,0.0
loan purposes,Text,0.0
loan putting,Text,0.0
loan question,Text,0.0
loan questions,Text,0.0
loan quick,Text,0.0
loan quicker,Text,0.0
loan reasonable,Text,0.0
loan quite,Text,0.0
loan quot,Text,0.0
loan raise,Text,0.0
loan rate,Text,0.0
loan rates,Text,0.0
loan reach,Text,0.0
loan real,Text,0.0
loan really,Text,0.0
loan reason,Text,0.0
loan quickly,Text,0.0
loan retirement,Text,0.0
loan return,Text,0.0
loan revolving,Text,0.0
loan rid,Text,0.0
loan right,Text,0.0
loan risk,Text,0.0
loan road,Text,0.0
loan roll,Text,0.0
loan remove,Text,0.0
loan roughly,Text,0.0
loan rsquo,Text,0.0
loan run,Text,0.0
loan safe,Text,0.0
loan said,Text,0.0
loan sallie,Text,0.0
loan saving,Text,0.0
loan savings,Text,0.0
loan say,Text,0.0
loan roof,Text,0.0
loan renovate,Text,0.0
loan rent,Text,0.0
loan repaid,Text,0.0
loan repair,Text,0.0
loan repairs,Text,0.0
loan repay,Text,0.0
loan repayments,Text,0.0
loan replace,Text,0.0
loan replacing,Text,0.0
loan retire,Text,0.0
loan request,Text,0.0
loan requests,Text,0.0
loan require,Text,0.0
loan required,Text,0.0
loan requirements,Text,0.0
loan requires,Text,0.0
loan rest,Text,0.0
loan restructure,Text,0.0
loan result,Text,0.0
loan represents,Text,0.0
key,Text,0.0
key business,Text,0.0
keys,Text,0.0
kia,Text,0.0
kick,Text,0.0
kick start,Text,0.0
kicked,Text,0.0
kicking,Text,0.0
like stress,Text,0.0
kid,Text,0.0
kidney,Text,0.0
kids br,Text,0.0
kids college,Text,0.0
kids future,Text,0.0
kids need,Text,0.0
kids school,Text,0.0
kids years,Text,0.0
kill,Text,0.0
kicks,Text,0.0
keeping,Text,0.0
keeping budget,Text,0.0
keeping card,Text,0.0
keeping credit,Text,0.0
keeping current,Text,0.0
keeping debt,Text,0.0
keeping good,Text,0.0
keeping job,Text,0.0
keeping open,Text,0.0
kept credit,Text,0.0
keeping time,Text,0.0
keeping track,Text,0.0
keeping way,Text,0.0
keeps,Text,0.0
keeps getting,Text,0.0
keeps going,Text,0.0
kelly,Text,0.0
kelly blue,Text,0.0
kept,Text,0.0
keeping payments,Text,0.0
kiosk business,Text,0.0
kiosks,Text,0.0
kiss,Text,0.0
kit,Text,0.0
kitchen add,Text,0.0
kitchen amp,Text,0.0
kitchen appliances,Text,0.0
kitchen bath,Text,0.0
killed,Text,0.0
kitchen cabinets,Text,0.0
kitchen floor,Text,0.0
kitchen flooring,Text,0.0
kitchen house,Text,0.0
kitchen improvements,Text,0.0
kitchen living,Text,0.0
kitchen make,Text,0.0
kitchen master,Text,0.0
kitchen need,Text,0.0
kitchen bathroom,Text,0.0
killer,Text,0.0
killing,Text,0.0
killing br,Text,0.0
kind,Text,0.0
kind br,Text,0.0
kind business,Text,0.0
kind consideration,Text,0.0
kind help,Text,0.0
kind loan,Text,0.0
kiosk,Text,0.0
kind regards,Text,0.0
kind years,Text,0.0
kindergarten,Text,0.0
kindly,Text,0.0
kindly br,Text,0.0
kindness,Text,0.0
kindness br,Text,0.0
kinds,Text,0.0
kingdom,Text,0.0
kind payment,Text,0.0
just ready,Text,0.0
just realized,Text,0.0
just really,Text,0.0
just received,Text,0.0
just recently,Text,0.0
just recieved,Text,0.0
just refinanced,Text,0.0
just relocated,Text,0.0
kbb value,Text,0.0
just replace,Text,0.0
just returned,Text,0.0
just rid,Text,0.0
just right,Text,0.0
just say,Text,0.0
just seeking,Text,0.0
just short,Text,0.0
just shy,Text,0.0
just signed,Text,0.0
just renewed,Text,0.0
just needs,Text,0.0
just new,Text,0.0
just normal,Text,0.0
just note,Text,0.0
just noticed,Text,0.0
just opened,Text,0.0
just paid,Text,0.0
just passed,Text,0.0
just pay,Text,0.0
just rate,Text,0.0
just paying,Text,0.0
just payments,Text,0.0
just place,Text,0.0
just prefer,Text,0.0
just promoted,Text,0.0
just quick,Text,0.0
just quot,Text,0.0
just raised,Text,0.0
just ran,Text,0.0
just payed,Text,0.0
just wanting,Text,0.0
just way,Text,0.0
just week,Text,0.0
just wish,Text,0.0
just won,Text,0.0
just working,Text,0.0
just worry,Text,0.0
just year,Text,0.0
just simple,Text,0.0
justice,Text,0.0
justify,Text,0.0
kaiser,Text,0.0
kansas,Text,0.0
karen,Text,0.0
karma,Text,0.0
kawasaki,Text,0.0
kay,Text,0.0
kbb,Text,0.0
just years,Text,0.0
just simplify,Text,0.0
just single,Text,0.0
just small,Text,0.0
just sold,Text,0.0
just spent,Text,0.0
just started,Text,0.0
just starting,Text,0.0
just step,Text,0.0
just taking,Text,0.0
just wanted,Text,0.0
just time,Text,0.0
just took,Text,0.0
just turned,Text,0.0
just use,Text,0.0
just using,Text,0.0
just verified,Text,0.0
just wait,Text,0.0
just waiting,Text,0.0
just wanna,Text,0.0
just thought,Text,0.0
laid fired,Text,0.0
laid job,Text,0.0
laid months,Text,0.0
laid unemployed,Text,0.0
laid work,Text,0.0
laid year,Text,0.0
laid years,Text,0.0
lake,Text,0.0
kitchen new,Text,0.0
laminate,Text,0.0
land,Text,0.0
land br,Text,0.0
land build,Text,0.0
land contract,Text,0.0
land house,Text,0.0
land loan,Text,0.0
land pay,Text,0.0
land purchase,Text,0.0
lakes,Text,0.0
knows,Text,0.0
kohl,Text,0.0
kohls,Text,0.0
korea,Text,0.0
kw,Text,0.0
la,Text,0.0
lab,Text,0.0
label,Text,0.0
labor,Text,0.0
laid company,Text,0.0
labor costs,Text,0.0
labor day,Text,0.0
laboratory,Text,0.0
lack,Text,0.0
lacking,Text,0.0
ladder,Text,0.0
lady,Text,0.0
laid,Text,0.0
laid br,Text,0.0
labor br,Text,0.0
lap,Text,0.0
lapse,Text,0.0
lapses,Text,0.0
laptop,Text,0.0
laptop computer,Text,0.0
large amounts,Text,0.0
large balance,Text,0.0
large balances,Text,0.0
landed,Text,0.0
large banks,Text,0.0
large bills,Text,0.0
large car,Text,0.0
large chunk,Text,0.0
large company,Text,0.0
large corporation,Text,0.0
large corporations,Text,0.0
large expenses,Text,0.0
large family,Text,0.0
large bank,Text,0.0
landed dream,Text,0.0
landed job,Text,0.0
landing,Text,0.0
landlord,Text,0.0
landlords,Text,0.0
landscape,Text,0.0
landscape backyard,Text,0.0
landscape yard,Text,0.0
landscaped,Text,0.0
laon pay,Text,0.0
landscaping br,Text,0.0
landscaping home,Text,0.0
landscaping new,Text,0.0
landscaping pool,Text,0.0
landscaping project,Text,0.0
landscaping yard,Text,0.0
lane,Text,0.0
language,Text,0.0
laon,Text,0.0
landscaping,Text,0.0
know additional,Text,0.0
know answer,Text,0.0
know better,Text,0.0
know br,Text,0.0
know budget,Text,0.0
know business,Text,0.0
know end,Text,0.0
know exactly,Text,0.0
known company,Text,0.0
know going,Text,0.0
know good,Text,0.0
know great,Text,0.0
know hard,Text,0.0
know help,Text,0.0
know high,Text,0.0
know importance,Text,0.0
know important,Text,0.0
know information,Text,0.0
know financial,Text,0.0
kitchen remodel,Text,0.0
kitchen remodeling,Text,0.0
kitchen renovation,Text,0.0
kitchen renovations,Text,0.0
kitchen upgrade,Text,0.0
kitchen upgrades,Text,0.0
kitchen work,Text,0.0
kitchens,Text,0.0
knee,Text,0.0
know able,Text,0.0
knew,Text,0.0
knock,Text,0.0
knock credit,Text,0.0
knock debt,Text,0.0
knock wood,Text,0.0
knocked,Text,0.0
knocking,Text,0.0
knot,Text,0.0
know 36,Text,0.0
knee surgery,Text,0.0
know stable,Text,0.0
know thank,Text,0.0
know thanks,Text,0.0
know time,Text,0.0
know ve,Text,0.0
know want,Text,0.0
know won,Text,0.0
know work,Text,0.0
know investment,Text,0.0
know years,Text,0.0
knowing debt,Text,0.0
knowing loan,Text,0.0
knowing paid,Text,0.0
knowing pay,Text,0.0
knowing years,Text,0.0
knowledge,Text,0.0
knowledgeable,Text,0.0
known,Text,0.0
know worked,Text,0.0
know investors,Text,0.0
know job,Text,0.0
know just,Text,0.0
know lending,Text,0.0
know like,Text,0.0
know ll,Text,0.0
know loan,Text,0.0
know lot,Text,0.0
know make,Text,0.0
know save,Text,0.0
know money,Text,0.0
know need,Text,0.0
know paid,Text,0.0
know pay,Text,0.0
know paying,Text,0.0
know people,Text,0.0
know problem,Text,0.0
know questions,Text,0.0
know said,Text,0.0
know manage,Text,0.0
job transfer,Text,0.0
job trying,Text,0.0
job unable,Text,0.0
job unemployed,Text,0.0
job unfortunately,Text,0.0
job university,Text,0.0
job use,Text,0.0
job using,Text,0.0
just needing,Text,0.0
job wanted,Text,0.0
job way,Text,0.0
job weekends,Text,0.0
job weeks,Text,0.0
job went,Text,0.0
job wife,Text,0.0
job wish,Text,0.0
job wonderful,Text,0.0
job work,Text,0.0
job want,Text,0.0
job software,Text,0.0
job solid,Text,0.0
job soon,Text,0.0
job started,Text,0.0
job starting,Text,0.0
job status,Text,0.0
job steady,Text,0.0
job strong,Text,0.0
job successful,Text,0.0
job total,Text,0.0
job taking,Text,0.0
job teacher,Text,0.0
job teaching,Text,0.0
job tenured,Text,0.0
job thank,Text,0.0
job thanks,Text,0.0
job time,Text,0.0
job title,Text,0.0
job took,Text,0.0
job sufficient,Text,0.0
joe,Text,0.0
joe br,Text,0.0
john,Text,0.0
john deere,Text,0.0
johnson,Text,0.0
join,Text,0.0
joined,Text,0.0
joined lending,Text,0.0
job worked,Text,0.0
joint account,Text,0.0
joint income,Text,0.0
jointly,Text,0.0
joints,Text,0.0
joke,Text,0.0
jon,Text,0.0
jones,Text,0.0
jose,Text,0.0
journey,Text,0.0
joining,Text,0.0
job working,Text,0.0
job year,Text,0.0
job years,Text,0.0
job yrs,Text,0.0
jobs 20,Text,0.0
jobs able,Text,0.0
jobs br,Text,0.0
jobs employed,Text,0.0
jobs income,Text,0.0
jobs years,Text,0.0
jobs make,Text,0.0
jobs months,Text,0.0
jobs need,Text,0.0
jobs pay,Text,0.0
jobs secure,Text,0.0
jobs stable,Text,0.0
jobs time,Text,0.0
jobs work,Text,0.0
jobs working,Text,0.0
jobs just,Text,0.0
job offers,Text,0.0
job opportunities,Text,0.0
job opportunity,Text,0.0
job outlook,Text,0.0
job paid,Text,0.0
job past,Text,0.0
job paying,Text,0.0
job payments,Text,0.0
job small,Text,0.0
job people,Text,0.0
job performance,Text,0.0
job personal,Text,0.0
job physician,Text,0.0
job place,Text,0.0
job planning,Text,0.0
job plans,Text,0.0
job plus,Text,0.0
job position,Text,0.0
job pays,Text,0.0
job making,Text,0.0
job march,Text,0.0
job market,Text,0.0
job marketing,Text,0.0
job medical,Text,0.0
job military,Text,0.0
job missed,Text,0.0
job money,Text,0.0
job month,Text,0.0
job offer,Text,0.0
job months,Text,0.0
job moving,Text,0.0
job nearly,Text,0.0
job need,Text,0.0
job needed,Text,0.0
job needs,Text,0.0
job night,Text,0.0
job nyc,Text,0.0
job october,Text,0.0
job monthly,Text,0.0
job repay,Text,0.0
job repayment,Text,0.0
job requires,Text,0.0
job responsible,Text,0.0
job retail,Text,0.0
job right,Text,0.0
job rn,Text,0.0
job safe,Text,0.0
job pretty,Text,0.0
job school,Text,0.0
job search,Text,0.0
job secure,Text,0.0
job secured,Text,0.0
job security,Text,0.0
job senior,Text,0.0
job seven,Text,0.0
job situation,Text,0.0
job skills,Text,0.0
job salary,Text,0.0
job previous,Text,0.0
job prior,Text,0.0
job private,Text,0.0
job problem,Text,0.0
job problems,Text,0.0
job professional,Text,0.0
job promoted,Text,0.0
job promotion,Text,0.0
job provides,Text,0.0
job reliable,Text,0.0
job quite,Text,0.0
job quot,Text,0.0
job really,Text,0.0
job reason,Text,0.0
job receive,Text,0.0
job received,Text,0.0
job recent,Text,0.0
job recently,Text,0.0
job registered,Text,0.0
job public,Text,0.0
just don,Text,0.0
just dont,Text,0.0
just easier,Text,0.0
just easy,Text,0.0
just extended,Text,0.0
just extra,Text,0.0
just feel,Text,0.0
just fine,Text,0.0
journey br,Text,0.0
just fixed,Text,0.0
just focus,Text,0.0
just gets,Text,0.0
just getting,Text,0.0
just going,Text,0.0
just good,Text,0.0
just gotten,Text,0.0
just graduated,Text,0.0
just great,Text,0.0
just finished,Text,0.0
just celebrated,Text,0.0
just changed,Text,0.0
just checked,Text,0.0
just child,Text,0.0
just clarify,Text,0.0
just clear,Text,0.0
just closed,Text,0.0
just completed,Text,0.0
just concentrate,Text,0.0
just doing,Text,0.0
just consolidating,Text,0.0
just couple,Text,0.0
just cover,Text,0.0
just credit,Text,0.0
just day,Text,0.0
just days,Text,0.0
just debt,Text,0.0
just did,Text,0.0
just didn,Text,0.0
just consolidate,Text,0.0
just little,Text,0.0
just loan,Text,0.0
just lot,Text,0.0
just love,Text,0.0
just low,Text,0.0
just lower,Text,0.0
just major,Text,0.0
just make,Text,0.0
just happen,Text,0.0
just making,Text,0.0
just married,Text,0.0
just minimum,Text,0.0
just money,Text,0.0
just month,Text,0.0
just monthly,Text,0.0
just months,Text,0.0
just moved,Text,0.0
just needed,Text,0.0
just makes,Text,0.0
just hard,Text,0.0
just haven,Text,0.0
just having,Text,0.0
just head,Text,0.0
just help,Text,0.0
just high,Text,0.0
just hired,Text,0.0
just hoping,Text,0.0
just house,Text,0.0
just let,Text,0.0
just job,Text,0.0
just just,Text,0.0
just keeping,Text,0.0
just keeps,Text,0.0
just kept,Text,0.0
just know,Text,0.0
just landed,Text,0.0
just left,Text,0.0
just lending,Text,0.0
just incurred,Text,0.0
july 2010,Text,0.0
july 2011,Text,0.0
july 2012,Text,0.0
july br,Text,0.0
july loan,Text,0.0
july need,Text,0.0
july year,Text,0.0
jump,Text,0.0
just cash,Text,0.0
jumped,Text,0.0
jumped 20,Text,0.0
jumped 24,Text,0.0
jumped 29,Text,0.0
jumping,Text,0.0
jumpstart,Text,0.0
june,Text,0.0
june 1st,Text,0.0
june 2008,Text,0.0
jump start,Text,0.0
journey debt,Text,0.0
journey financial,Text,0.0
journeyman,Text,0.0
joy,Text,0.0
jp,Text,0.0
jp morgan,Text,0.0
jpmorgan,Text,0.0
jr,Text,0.0
judge,Text,0.0
july 2009,Text,0.0
judgements,Text,0.0
judgment,Text,0.0
judgments,Text,0.0
juggle,Text,0.0
juggling,Text,0.0
juggling credit,Text,0.0
july,Text,0.0
july 1st,Text,0.0
july 2008,Text,0.0
judgement,Text,0.0
just added,Text,0.0
just ahead,Text,0.0
just allow,Text,0.0
just approved,Text,0.0
just ask,Text,0.0
just asking,Text,0.0
just baby,Text,0.0
just balance,Text,0.0
june 2009,Text,0.0
just better,Text,0.0
just bills,Text,0.0
just bit,Text,0.0
just bought,Text,0.0
just br,Text,0.0
just built,Text,0.0
just buy,Text,0.0
just came,Text,0.0
just car,Text,0.0
just barely,Text,0.0
june 2010,Text,0.0
june 2011,Text,0.0
june 2012,Text,0.0
june br,Text,0.0
june like,Text,0.0
june year,Text,0.0
junior,Text,0.0
junior college,Text,0.0
juniper,Text,0.0
just add,Text,0.0
jus,Text,0.0
just 000,Text,0.0
just 10,Text,0.0
just 100,Text,0.0
just 15,Text,0.0
just 25,Text,0.0
just 50,Text,0.0
just 500,Text,0.0
just able,Text,0.0
junk,Text,0.0
life loan,Text,0.0
life long,Text,0.0
life lot,Text,0.0
life love,Text,0.0
life make,Text,0.0
life monthly,Text,0.0
life need,Text,0.0
life new,Text,0.0
large financial,Text,0.0
life paid,Text,0.0
life past,Text,0.0
life pay,Text,0.0
life paying,Text,0.0
life plan,Text,0.0
life quot,Text,0.0
life really,Text,0.0
life responsible,Text,0.0
life right,Text,0.0
life order,Text,0.0
life free,Text,0.0
life future,Text,0.0
life getting,Text,0.0
life goal,Text,0.0
life goals,Text,0.0
life going,Text,0.0
life good,Text,0.0
life happens,Text,0.0
life having,Text,0.0
life like,Text,0.0
life home,Text,0.0
life hope,Text,0.0
life ins,Text,0.0
life insurance,Text,0.0
life job,Text,0.0
life just,Text,0.0
life know,Text,0.0
life late,Text,0.0
life lesson,Text,0.0
life help,Text,0.0
life years,Text,0.0
lifelong,Text,0.0
lifelong dream,Text,0.0
lifestyle,Text,0.0
lifestyle br,Text,0.0
lifestyle changes,Text,0.0
lifetime,Text,0.0
lifetime br,Text,0.0
life saver,Text,0.0
lifted,Text,0.0
light fixtures,Text,0.0
lighting,Text,0.0
lightly,Text,0.0
lights,Text,0.0
like 36,Text,0.0
like able,Text,0.0
like add,Text,0.0
like additional,Text,0.0
lift,Text,0.0
life saving,Text,0.0
life savings,Text,0.0
life simpler,Text,0.0
life stable,Text,0.0
life start,Text,0.0
life stress,Text,0.0
life style,Text,0.0
life thank,Text,0.0
life thanks,Text,0.0
life year,Text,0.0
life track,Text,0.0
life trying,Text,0.0
life use,Text,0.0
life using,Text,0.0
life ve,Text,0.0
life want,Text,0.0
life way,Text,0.0
life wife,Text,0.0
life working,Text,0.0
life time,Text,0.0
letters,Text,0.0
letting,Text,0.0
letting borrow,Text,0.0
level br,Text,0.0
level job,Text,0.0
level loan,Text,0.0
level position,Text,0.0
levels,Text,0.0
life forward,Text,0.0
leveraged,Text,0.0
leveraging,Text,0.0
lexus,Text,0.0
liabilities,Text,0.0
liabilities br,Text,0.0
liabilities time,Text,0.0
liability,Text,0.0
liability insurance,Text,0.0
liberty,Text,0.0
leverage,Text,0.0
lent money,Text,0.0
les,Text,0.0
lessen,Text,0.0
lesser rate,Text,0.0
lesson learned,Text,0.0
lessons,Text,0.0
lessons learned,Text,0.0
let br,Text,0.0
let credit,Text,0.0
letter lending,Text,0.0
let help,Text,0.0
let investors,Text,0.0
let loan,Text,0.0
let make,Text,0.0
let pay,Text,0.0
let say,Text,0.0
let thank,Text,0.0
lets,Text,0.0
letter,Text,0.0
let family,Text,0.0
life changes,Text,0.0
life changing,Text,0.0
life completely,Text,0.0
life consolidating,Text,0.0
life credit,Text,0.0
life current,Text,0.0
life daughter,Text,0.0
life debt,Text,0.0
library,Text,0.0
life easy,Text,0.0
life event,Text,0.0
life events,Text,0.0
life expenses,Text,0.0
life family,Text,0.0
life feel,Text,0.0
life finally,Text,0.0
life finances,Text,0.0
life financially,Text,0.0
life don,Text,0.0
license,Text,0.0
license br,Text,0.0
licensed,Text,0.0
licensed professional,Text,0.0
licenses,Text,0.0
licensing,Text,0.0
lien,Text,0.0
liens,Text,0.0
lies,Text,0.0
life change,Text,0.0
life able,Text,0.0
life allow,Text,0.0
life alot,Text,0.0
life balance,Text,0.0
life believe,Text,0.0
life better,Text,0.0
life br,Text,0.0
life budget,Text,0.0
life car,Text,0.0
lieu,Text,0.0
like ll,Text,0.0
like losing,Text,0.0
like lot,Text,0.0
like make,Text,0.0
like making,Text,0.0
like manage,Text,0.0
like mention,Text,0.0
like minimize,Text,0.0
like advantage,Text,0.0
like monthly,Text,0.0
like need,Text,0.0
like new,Text,0.0
like nice,Text,0.0
like note,Text,0.0
like obtain,Text,0.0
like offer,Text,0.0
like open,Text,0.0
like opportunity,Text,0.0
like money,Text,0.0
like idea,Text,0.0
like improve,Text,0.0
like include,Text,0.0
like increase,Text,0.0
like information,Text,0.0
like install,Text,0.0
like instead,Text,0.0
like invest,Text,0.0
like investor,Text,0.0
like live,Text,0.0
like just,Text,0.0
like know,Text,0.0
like large,Text,0.0
like leave,Text,0.0
like lending,Text,0.0
like lendingclub,Text,0.0
like let,Text,0.0
like like,Text,0.0
like little,Text,0.0
like job,Text,0.0
like retire,Text,0.0
like return,Text,0.0
like rid,Text,0.0
like roll,Text,0.0
like said,Text,0.0
like save,Text,0.0
like say,Text,0.0
like secure,Text,0.0
like paid,Text,0.0
like send,Text,0.0
like simple,Text,0.0
like simplify,Text,0.0
like single,Text,0.0
like small,Text,0.0
like speed,Text,0.0
like stated,Text,0.0
like stay,Text,0.0
like stop,Text,0.0
like sell,Text,0.0
like past,Text,0.0
like paying,Text,0.0
like payments,Text,0.0
like payoff,Text,0.0
like people,Text,0.0
like perfect,Text,0.0
like personal,Text,0.0
like place,Text,0.0
like point,Text,0.0
like replace,Text,0.0
like purchase,Text,0.0
like quot,Text,0.0
like reach,Text,0.0
like really,Text,0.0
like receive,Text,0.0
like reduce,Text,0.0
like remodel,Text,0.0
like repair,Text,0.0
like repay,Text,0.0
like position,Text,0.0
like care,Text,0.0
like carry,Text,0.0
like cash,Text,0.0
like chance,Text,0.0
like change,Text,0.0
like clarify,Text,0.0
like clean,Text,0.0
like clear,Text,0.0
like home,Text,0.0
like complete,Text,0.0
like completely,Text,0.0
like concept,Text,0.0
like consilidate,Text,0.0
like consoldate,Text,0.0
like consolidated,Text,0.0
like consolodate,Text,0.0
like continue,Text,0.0
like control,Text,0.0
like combine,Text,0.0
like ahead,Text,0.0
like americans,Text,0.0
like apply,Text,0.0
like ask,Text,0.0
like assure,Text,0.0
like avoid,Text,0.0
like away,Text,0.0
like balance,Text,0.0
like banks,Text,0.0
like cards,Text,0.0
like believe,Text,0.0
like best,Text,0.0
like better,Text,0.0
like big,Text,0.0
like bills,Text,0.0
like bring,Text,0.0
like build,Text,0.0
like buy,Text,0.0
like car,Text,0.0
like begin,Text,0.0
like financial,Text,0.0
like finish,Text,0.0
like fix,Text,0.0
like fixed,Text,0.0
like folks,Text,0.0
like food,Text,0.0
like free,Text,0.0
like fully,Text,0.0
like convenience,Text,0.0
like future,Text,0.0
like getting,Text,0.0
like going,Text,0.0
like good,Text,0.0
like great,Text,0.0
like hard,Text,0.0
like having,Text,0.0
like helping,Text,0.0
like high,Text,0.0
like funding,Text,0.0
like convert,Text,0.0
like correct,Text,0.0
like crazy,Text,0.0
like credit,Text,0.0
like cut,Text,0.0
like day,Text,0.0
like debts,Text,0.0
like decrease,Text,0.0
like doing,Text,0.0
like finances,Text,0.0
like easy,Text,0.0
like eliminate,Text,0.0
like eventually,Text,0.0
like expand,Text,0.0
like extra,Text,0.0
like fact,Text,0.0
like family,Text,0.0
like finally,Text,0.0
like finance,Text,0.0
like easier,Text,0.0
launch new,Text,0.0
launch website,Text,0.0
launched,Text,0.0
launches,Text,0.0
launching,Text,0.0
laundry,Text,0.0
laundry room,Text,0.0
law enforcement,Text,0.0
lenses,Text,0.0
law practice,Text,0.0
lawn,Text,0.0
lawn br,Text,0.0
lawn care,Text,0.0
lawn mower,Text,0.0
laws went,Text,0.0
lawyer,Text,0.0
lawyer fees,Text,0.0
lawyers,Text,0.0
law firm,Text,0.0
late pride,Text,0.0
late rent,Text,0.0
late single,Text,0.0
late stable,Text,0.0
late student,Text,0.0
late thank,Text,0.0
late time,Text,0.0
late type,Text,0.0
late ve,Text,0.0
launch,Text,0.0
late years,Text,0.0
lately,Text,0.0
later,Text,0.0
later br,Text,0.0
later buy,Text,0.0
later year,Text,0.0
lates,Text,0.0
latest,Text,0.0
laude,Text,0.0
late work,Text,0.0
leaks,Text,0.0
leaky,Text,0.0
leaky roof,Text,0.0
lean,Text,0.0
leanding,Text,0.0
leanding club,Text,0.0
leap,Text,0.0
learned br,Text,0.0
lay,Text,0.0
learned hard,Text,0.0
learned lending,Text,0.0
learned lot,Text,0.0
learned mistakes,Text,0.0
learned past,Text,0.0
learning,Text,0.0
learning experience,Text,0.0
lease,Text,0.0
lease apartment,Text,0.0
learned credit,Text,0.0
lay offs,Text,0.0
layed,Text,0.0
laying,Text,0.0
layoffs,Text,0.0
layout,Text,0.0
lc investors,Text,0.0
lc paid,Text,0.0
ldquo,Text,0.0
lead,Text,0.0
leaking roof,Text,0.0
leadership,Text,0.0
leading,Text,0.0
leading club,Text,0.0
leading company,Text,0.0
leads,Text,0.0
leaf,Text,0.0
league,Text,0.0
leak,Text,0.0
leaking,Text,0.0
leader,Text,0.0
large unexpected,Text,0.0
largely,Text,0.0
larger 401k,Text,0.0
larger balance,Text,0.0
larger home,Text,0.0
larger loan,Text,0.0
larger minimum,Text,0.0
larger monthly,Text,0.0
late previous,Text,0.0
larger space,Text,0.0
largest,Text,0.0
las,Text,0.0
las vegas,Text,0.0
laser,Text,0.0
lasik,Text,0.0
lasting,Text,0.0
lastly,Text,0.0
lasts,Text,0.0
larger payments,Text,0.0
large global,Text,0.0
large high,Text,0.0
large hospital,Text,0.0
large loan,Text,0.0
large medical,Text,0.0
large money,Text,0.0
large monthly,Text,0.0
large national,Text,0.0
large number,Text,0.0
large technology,Text,0.0
large payment,Text,0.0
large payments,Text,0.0
large percentage,Text,0.0
large portion,Text,0.0
large purchase,Text,0.0
large rates,Text,0.0
large stable,Text,0.0
large sum,Text,0.0
large tax,Text,0.0
large pay,Text,0.0
late like,Text,0.0
late loan,Text,0.0
late loans,Text,0.0
late make,Text,0.0
late making,Text,0.0
late miss,Text,0.0
late missed,Text,0.0
late model,Text,0.0
late 2007,Text,0.0
late mortgage,Text,0.0
late obligations,Text,0.0
late paid,Text,0.0
late past,Text,0.0
late pay,Text,0.0
late paying,Text,0.0
late payment,Text,0.0
late pays,Text,0.0
late plan,Text,0.0
late monthly,Text,0.0
late 2008,Text,0.0
late account,Text,0.0
late accounts,Text,0.0
late br,Text,0.0
late car,Text,0.0
late credit,Text,0.0
late current,Text,0.0
late day,Text,0.0
late debt,Text,0.0
late life,Text,0.0
late defaulted,Text,0.0
late delinquent,Text,0.0
late fee,Text,0.0
late fees,Text,0.0
late financial,Text,0.0
late job,Text,0.0
late just,Text,0.0
late kind,Text,0.0
late late,Text,0.0
late default,Text,0.0
lenders credit,Text,0.0
lenders currently,Text,0.0
lenders feel,Text,0.0
lenders funded,Text,0.0
lenders help,Text,0.0
lenders helping,Text,0.0
lenders know,Text,0.0
lenders lending,Text,0.0
lease br,Text,0.0
lenders loan,Text,0.0
lenders make,Text,0.0
lenders need,Text,0.0
lenders pay,Text,0.0
lenders thank,Text,0.0
lenders time,Text,0.0
lenders want,Text,0.0
lending borrowing,Text,0.0
lending br,Text,0.0
lenders like,Text,0.0
leisure,Text,0.0
lend br,Text,0.0
lend money,Text,0.0
lended,Text,0.0
lender,Text,0.0
lender asked,Text,0.0
lender borrower,Text,0.0
lender br,Text,0.0
lender credit,Text,0.0
lenders asked,Text,0.0
lender instead,Text,0.0
lender lending,Text,0.0
lender like,Text,0.0
lender loan,Text,0.0
lender lower,Text,0.0
lender question,Text,0.0
lender questions,Text,0.0
lender site,Text,0.0
lender thank,Text,0.0
lender help,Text,0.0
lendingclub lender,Text,0.0
lendingclub like,Text,0.0
lendingclub loan,Text,0.0
lendingclub lower,Text,0.0
lendingclub members,Text,0.0
lendingclub monthly,Text,0.0
lendingclub paid,Text,0.0
lendingclub past,Text,0.0
lending company,Text,0.0
lendingclub thank,Text,0.0
lendingtree,Text,0.0
lendors,Text,0.0
lends,Text,0.0
lenght,Text,0.0
length employment,Text,0.0
length loan,Text,0.0
length time,Text,0.0
lengthy,Text,0.0
lendingclub pay,Text,0.0
lending concept,Text,0.0
lending funds,Text,0.0
lending group,Text,0.0
lending help,Text,0.0
lending institutions,Text,0.0
lending lending,Text,0.0
lending loan,Text,0.0
lending money,Text,0.0
lending site,Text,0.0
lendingclub late,Text,0.0
lending tree,Text,0.0
lendingclub,Text,0.0
lendingclub better,Text,0.0
lendingclub br,Text,0.0
lendingclub com,Text,0.0
lendingclub community,Text,0.0
lendingclub consolidate,Text,0.0
lendingclub help,Text,0.0
lendingclub investors,Text,0.0
lending thank,Text,0.0
leaving just,Text,0.0
leaving plenty,Text,0.0
leaving time,Text,0.0
left auto,Text,0.0
left br,Text,0.0
left car,Text,0.0
left college,Text,0.0
left company,Text,0.0
legs,Text,0.0
left current,Text,0.0
left debt,Text,0.0
left end,Text,0.0
left fully,Text,0.0
left fund,Text,0.0
left funds,Text,0.0
left going,Text,0.0
left good,Text,0.0
left help,Text,0.0
left credit,Text,0.0
lease car,Text,0.0
lease payment,Text,0.0
lease purchase,Text,0.0
leased,Text,0.0
leased car,Text,0.0
leases,Text,0.0
leasing,Text,0.0
leather,Text,0.0
leave,Text,0.0
leaving current,Text,0.0
leave br,Text,0.0
leave credit,Text,0.0
leave current,Text,0.0
leave debt,Text,0.0
leave payment,Text,0.0
leaves,Text,0.0
leaves little,Text,0.0
leaving anytime,Text,0.0
leaving credit,Text,0.0
leave absence,Text,0.0
left use,Text,0.0
left used,Text,0.0
left want,Text,0.0
left years,Text,0.0
leftover,Text,0.0
leftover money,Text,0.0
leg,Text,0.0
legacy,Text,0.0
left high,Text,0.0
legal assistant,Text,0.0
legal bills,Text,0.0
legal expenses,Text,0.0
legal fees,Text,0.0
legal issues,Text,0.0
legal services,Text,0.0
legally,Text,0.0
legislation,Text,0.0
legitimate,Text,0.0
legal,Text,0.0
left home,Text,0.0
left hope,Text,0.0
left job,Text,0.0
left like,Text,0.0
left loan,Text,0.0
left make,Text,0.0
left money,Text,0.0
left month,Text,0.0
left monthly,Text,0.0
left thanks,Text,0.0
left need,Text,0.0
left paying,Text,0.0
left payment,Text,0.0
left plan,Text,0.0
left save,Text,0.0
left savings,Text,0.0
left school,Text,0.0
left student,Text,0.0
left thank,Text,0.0
left mortgage,Text,0.0
month cards,Text,0.0
month carry,Text,0.0
month cash,Text,0.0
month cc,Text,0.0
month cell,Text,0.0
month certainly,Text,0.0
month child,Text,0.0
month combined,Text,0.0
looking credit,Text,0.0
month consider,Text,0.0
month consolidate,Text,0.0
month consolidating,Text,0.0
month consolidation,Text,0.0
month continue,Text,0.0
month couple,Text,0.0
month cover,Text,0.0
month current,Text,0.0
month day,Text,0.0
month company,Text,0.0
month amp,Text,0.0
month appreciate,Text,0.0
month approx,Text,0.0
month apr,Text,0.0
month april,Text,0.0
month auto,Text,0.0
month average,Text,0.0
month away,Text,0.0
month balance,Text,0.0
month card,Text,0.0
month bank,Text,0.0
month basis,Text,0.0
month begin,Text,0.0
month believe,Text,0.0
month better,Text,0.0
month big,Text,0.0
month budget,Text,0.0
month budgeted,Text,0.0
month business,Text,0.0
month balances,Text,0.0
month finally,Text,0.0
month finance,Text,0.0
month finish,Text,0.0
month focus,Text,0.0
month food,Text,0.0
month free,Text,0.0
month funding,Text,0.0
month funds,Text,0.0
month debts,Text,0.0
month gas,Text,0.0
month getting,Text,0.0
month goal,Text,0.0
month goes,Text,0.0
month going,Text,0.0
month good,Text,0.0
month got,Text,0.0
month great,Text,0.0
month groceries,Text,0.0
month future,Text,0.0
month decided,Text,0.0
month depending,Text,0.0
month did,Text,0.0
month different,Text,0.0
month doesn,Text,0.0
month doing,Text,0.0
month don,Text,0.0
month easier,Text,0.0
month easily,Text,0.0
month fees,Text,0.0
month emergency,Text,0.0
month employed,Text,0.0
month end,Text,0.0
month excellent,Text,0.0
month expenses,Text,0.0
month extra,Text,0.0
month family,Text,0.0
month far,Text,0.0
month feel,Text,0.0
month easy,Text,0.0
money tight,Text,0.0
money time,Text,0.0
money travel,Text,0.0
money trust,Text,0.0
money trying,Text,0.0
money tuition,Text,0.0
money unexpected,Text,0.0
money unfortunately,Text,0.0
month allows,Text,0.0
money upfront,Text,0.0
money upgrade,Text,0.0
money use,Text,0.0
money using,Text,0.0
money vacation,Text,0.0
money ve,Text,0.0
money want,Text,0.0
money way,Text,0.0
money wedding,Text,0.0
money upcoming,Text,0.0
money saving,Text,0.0
money school,Text,0.0
money secure,Text,0.0
money security,Text,0.0
money selling,Text,0.0
money set,Text,0.0
money short,Text,0.0
money soon,Text,0.0
money sooner,Text,0.0
money tied,Text,0.0
money spent,Text,0.0
money stable,Text,0.0
money start,Text,0.0
money started,Text,0.0
money support,Text,0.0
money taking,Text,0.0
money thank,Text,0.0
money thanks,Text,0.0
money things,Text,0.0
money spend,Text,0.0
month 15,Text,0.0
month 18,Text,0.0
month 200,Text,0.0
month 36,Text,0.0
month 400,Text,0.0
month 500,Text,0.0
month 600,Text,0.0
month 700,Text,0.0
money win,Text,0.0
month accounts,Text,0.0
month actually,Text,0.0
month addition,Text,0.0
month additional,Text,0.0
month afford,Text,0.0
month ago,Text,0.0
month ahead,Text,0.0
month allow,Text,0.0
month allowing,Text,0.0
month account,Text,0.0
money wise,Text,0.0
money wisely,Text,0.0
money won,Text,0.0
money work,Text,0.0
money working,Text,0.0
money year,Text,0.0
money years,Text,0.0
monies pay,Text,0.0
monies used,Text,0.0
month 100,Text,0.0
monitor credit,Text,0.0
monitoring,Text,0.0
monitors,Text,0.0
monkey,Text,0.0
monster,Text,0.0
monte,Text,0.0
monte carlo,Text,0.0
month 000,Text,0.0
month 10,Text,0.0
monitor,Text,0.0
month saving,Text,0.0
month savings,Text,0.0
month school,Text,0.0
month second,Text,0.0
month secure,Text,0.0
month security,Text,0.0
month send,Text,0.0
month service,Text,0.0
month gross,Text,0.0
month single,Text,0.0
month smaller,Text,0.0
month solid,Text,0.0
month son,Text,0.0
month spend,Text,0.0
month stable,Text,0.0
month stay,Text,0.0
month steady,Text,0.0
month student,Text,0.0
month set,Text,0.0
month reduce,Text,0.0
month reducing,Text,0.0
month regular,Text,0.0
month reliable,Text,0.0
month remainder,Text,0.0
month remaining,Text,0.0
month rent,Text,0.0
month rental,Text,0.0
month repayment,Text,0.0
month saved,Text,0.0
month rest,Text,0.0
month result,Text,0.0
month revolving,Text,0.0
month rid,Text,0.0
month right,Text,0.0
month roughly,Text,0.0
month rsquo,Text,0.0
month salary,Text,0.0
month save,Text,0.0
month responsible,Text,0.0
month wife,Text,0.0
month willing,Text,0.0
month worked,Text,0.0
month working,Text,0.0
month worry,Text,0.0
month year,Text,0.0
month years,Text,0.0
monthley,Text,0.0
month taking,Text,0.0
monthly affordable,Text,0.0
monthly allow,Text,0.0
monthly balance,Text,0.0
monthly basis,Text,0.0
monthly bonuses,Text,0.0
monthly br,Text,0.0
monthly bring,Text,0.0
monthly budgeted,Text,0.0
monthly budgeting,Text,0.0
monthly able,Text,0.0
month tax,Text,0.0
month taxes,Text,0.0
month term,Text,0.0
month thanks,Text,0.0
month thats,Text,0.0
month things,Text,0.0
month time,Text,0.0
month total,Text,0.0
month truck,Text,0.0
month way,Text,0.0
month use,Text,0.0
month used,Text,0.0
month usually,Text,0.0
month utilities,Text,0.0
month vacation,Text,0.0
month various,Text,0.0
month ve,Text,0.0
month versus,Text,0.0
month vs,Text,0.0
month try,Text,0.0
month large,Text,0.0
month late,Text,0.0
month later,Text,0.0
month lease,Text,0.0
month leaves,Text,0.0
month left,Text,0.0
month lending,Text,0.0
month little,Text,0.0
month recently,Text,0.0
month living,Text,0.0
month ll,Text,0.0
month loans,Text,0.0
month long,Text,0.0
month looking,Text,0.0
month love,Text,0.0
month low,Text,0.0
month lower,Text,0.0
month main,Text,0.0
month live,Text,0.0
month half,Text,0.0
month hard,Text,0.0
month having,Text,0.0
month help,Text,0.0
month high,Text,0.0
month higher,Text,0.0
month home,Text,0.0
month hope,Text,0.0
month hopefully,Text,0.0
month know,Text,0.0
month house,Text,0.0
month husband,Text,0.0
month includes,Text,0.0
month including,Text,0.0
month income,Text,0.0
month insurance,Text,0.0
month january,Text,0.0
month job,Text,0.0
month just,Text,0.0
month hoping,Text,0.0
month past,Text,0.0
month paying,Text,0.0
month payment,Text,0.0
month payoff,Text,0.0
month period,Text,0.0
month personal,Text,0.0
month phone,Text,0.0
month plan,Text,0.0
month make,Text,0.0
month pocket,Text,0.0
month problem,Text,0.0
month process,Text,0.0
month purchase,Text,0.0
month questions,Text,0.0
month rate,Text,0.0
month rates,Text,0.0
month really,Text,0.0
month reason,Text,0.0
month planning,Text,0.0
month makes,Text,0.0
month making,Text,0.0
month means,Text,0.0
month min,Text,0.0
month minimum,Text,0.0
month missed,Text,0.0
month money,Text,0.0
month month,Text,0.0
month monthly,Text,0.0
month owe,Text,0.0
month mortgage,Text,0.0
month multiple,Text,0.0
month need,Text,0.0
month new,Text,0.0
month note,Text,0.0
month old,Text,0.0
month option,Text,0.0
month order,Text,0.0
month outstanding,Text,0.0
month months,Text,0.0
mom,Text,0.0
mom br,Text,0.0
mom dad,Text,0.0
mom just,Text,0.0
mom needs,Text,0.0
mom trying,Text,0.0
moment,Text,0.0
moment br,Text,0.0
money saved,Text,0.0
mommy,Text,0.0
mon,Text,0.0
monday,Text,0.0
monday br,Text,0.0
monday friday,Text,0.0
monetary,Text,0.0
money 401k,Text,0.0
money able,Text,0.0
money account,Text,0.0
momentum,Text,0.0
mobile phone,Text,0.0
mobility,Text,0.0
mode,Text,0.0
mode transportation,Text,0.0
model,Text,0.0
model br,Text,0.0
modeling,Text,0.0
models,Text,0.0
moderate,Text,0.0
molding,Text,0.0
modernize,Text,0.0
modest,Text,0.0
modest home,Text,0.0
modest monthly,Text,0.0
modestly,Text,0.0
modification,Text,0.0
modifications,Text,0.0
modify,Text,0.0
mold,Text,0.0
modern,Text,0.0
money budget,Text,0.0
money budgeted,Text,0.0
money build,Text,0.0
money business,Text,0.0
money buying,Text,0.0
money car,Text,0.0
money care,Text,0.0
money case,Text,0.0
money actually,Text,0.0
money charges,Text,0.0
money christmas,Text,0.0
money close,Text,0.0
money closing,Text,0.0
money college,Text,0.0
money combine,Text,0.0
money combined,Text,0.0
money coming,Text,0.0
money company,Text,0.0
money cash,Text,0.0
money add,Text,0.0
money addition,Text,0.0
money afford,Text,0.0
money allocated,Text,0.0
money allow,Text,0.0
money applied,Text,0.0
money apply,Text,0.0
money asap,Text,0.0
money aside,Text,0.0
money borrowed,Text,0.0
money assure,Text,0.0
money away,Text,0.0
money baby,Text,0.0
money bad,Text,0.0
money bank,Text,0.0
money banks,Text,0.0
money better,Text,0.0
money bills,Text,0.0
money borrow,Text,0.0
money assist,Text,0.0
misc expenses,Text,0.0
misc home,Text,0.0
misc items,Text,0.0
misc loans,Text,0.0
misc small,Text,0.0
miscellaneous bills,Text,0.0
miscellaneous credit,Text,0.0
miscellaneous expenses,Text,0.0
mobile home,Text,0.0
misleading,Text,0.0
mismanagement,Text,0.0
miss br,Text,0.0
miss payments,Text,0.0
miss work,Text,0.0
missed car,Text,0.0
missed debt,Text,0.0
missed loan,Text,0.0
missed monthly,Text,0.0
mishaps,Text,0.0
minor repairs,Text,0.0
minor upgrades,Text,0.0
mint,Text,0.0
mint com,Text,0.0
mint condition,Text,0.0
minumum,Text,0.0
minumum payments,Text,0.0
minus,Text,0.0
minus mortgage,Text,0.0
misc debt,Text,0.0
minute expenses,Text,0.0
minutes,Text,0.0
miracle,Text,0.0
mis,Text,0.0
misc 200,Text,0.0
misc 300,Text,0.0
misc 400,Text,0.0
misc bills,Text,0.0
misc br,Text,0.0
minute,Text,0.0
mix,Text,0.0
mixed,Text,0.0
mixer,Text,0.0
mn,Text,0.0
mnth,Text,0.0
mo br,Text,0.0
mo car,Text,0.0
mo credit,Text,0.0
missed mortgage,Text,0.0
mo gas,Text,0.0
mo loan,Text,0.0
mo mortgage,Text,0.0
mo paid,Text,0.0
mo pay,Text,0.0
mo payment,Text,0.0
mo payments,Text,0.0
mo rent,Text,0.0
mobile,Text,0.0
mo food,Text,0.0
missed payments,Text,0.0
missed single,Text,0.0
missing,Text,0.0
missing payment,Text,0.0
missing payments,Text,0.0
missing single,Text,0.0
mission,Text,0.0
mission debt,Text,0.0
mississippi,Text,0.0
mistakes younger,Text,0.0
mistake br,Text,0.0
mistake using,Text,0.0
mistakenly,Text,0.0
mistakes,Text,0.0
mistakes br,Text,0.0
mistakes credit,Text,0.0
mistakes past,Text,0.0
mistakes years,Text,0.0
mistakes young,Text,0.0
misspelled,Text,0.0
money month,Text,0.0
money monthly,Text,0.0
money months,Text,0.0
money mortgage,Text,0.0
money moving,Text,0.0
money need,Text,0.0
money needed,Text,0.0
money new,Text,0.0
money complete,Text,0.0
money owe,Text,0.0
money parents,Text,0.0
money past,Text,0.0
money pay,Text,0.0
money paying,Text,0.0
money payment,Text,0.0
money payments,Text,0.0
money payoff,Text,0.0
money people,Text,0.0
money order,Text,0.0
money like,Text,0.0
money little,Text,0.0
money living,Text,0.0
money ll,Text,0.0
money loan,Text,0.0
money loaned,Text,0.0
money loans,Text,0.0
money long,Text,0.0
money looking,Text,0.0
money money,Text,0.0
money love,Text,0.0
money major,Text,0.0
money make,Text,0.0
money makeover,Text,0.0
money making,Text,0.0
money management,Text,0.0
money market,Text,0.0
money medical,Text,0.0
money missed,Text,0.0
money lot,Text,0.0
money receive,Text,0.0
money received,Text,0.0
money recently,Text,0.0
money refinance,Text,0.0
money refinancing,Text,0.0
money remodel,Text,0.0
money rent,Text,0.0
money repair,Text,0.0
money personal,Text,0.0
money repay,Text,0.0
money requested,Text,0.0
money requesting,Text,0.0
money required,Text,0.0
money retirement,Text,0.0
money rid,Text,0.0
money right,Text,0.0
money safe,Text,0.0
money save,Text,0.0
money repairs,Text,0.0
money pit,Text,0.0
money plan,Text,0.0
money plus,Text,0.0
money pocket,Text,0.0
money pockets,Text,0.0
money possible,Text,0.0
money principal,Text,0.0
money private,Text,0.0
money process,Text,0.0
money reason,Text,0.0
money purchase,Text,0.0
money putting,Text,0.0
money quickly,Text,0.0
money quot,Text,0.0
money rate,Text,0.0
money rates,Text,0.0
money ready,Text,0.0
money real,Text,0.0
money really,Text,0.0
money project,Text,0.0
money emergencies,Text,0.0
money emergency,Text,0.0
money enable,Text,0.0
money end,Text,0.0
money equipment,Text,0.0
money eventually,Text,0.0
money expand,Text,0.0
money expenses,Text,0.0
money lent,Text,0.0
money family,Text,0.0
money far,Text,0.0
money faster,Text,0.0
money feel,Text,0.0
money fees,Text,0.0
money finance,Text,0.0
money finances,Text,0.0
money financial,Text,0.0
money finish,Text,0.0
money extra,Text,0.0
money completely,Text,0.0
money consolidating,Text,0.0
money consolidation,Text,0.0
money cover,Text,0.0
money current,Text,0.0
money currently,Text,0.0
money daughter,Text,0.0
money daughters,Text,0.0
money day,Text,0.0
money eliminate,Text,0.0
money decided,Text,0.0
money didn,Text,0.0
money directly,Text,0.0
money doing,Text,0.0
money don,Text,0.0
money dont,Text,0.0
money downpayment,Text,0.0
money earn,Text,0.0
money earned,Text,0.0
money debt,Text,0.0
money improve,Text,0.0
money income,Text,0.0
money instead,Text,0.0
money interests,Text,0.0
money invest,Text,0.0
money invested,Text,0.0
money investing,Text,0.0
money investment,Text,0.0
money fix,Text,0.0
money ira,Text,0.0
money issue,Text,0.0
money job,Text,0.0
money just,Text,0.0
money kids,Text,0.0
money know,Text,0.0
money late,Text,0.0
money lender,Text,0.0
money lending,Text,0.0
money investors,Text,0.0
money fixed,Text,0.0
money free,Text,0.0
money fully,Text,0.0
money fund,Text,0.0
money gas,Text,0.0
money getting,Text,0.0
money going,Text,0.0
money good,Text,0.0
money great,Text,0.0
money immediately,Text,0.0
money having,Text,0.0
money helping,Text,0.0
money high,Text,0.0
money higher,Text,0.0
money home,Text,0.0
money hope,Text,0.0
money hopefully,Text,0.0
money house,Text,0.0
money im,Text,0.0
money hand,Text,0.0
municipality,Text,0.0
muscle,Text,0.0
muscle car,Text,0.0
music,Text,0.0
music production,Text,0.0
music videos,Text,0.0
musical,Text,0.0
musician,Text,0.0
monthly buget,Text,0.0
mustang gt,Text,0.0
mutiple,Text,0.0
mutual,Text,0.0
mutual fund,Text,0.0
mutual funds,Text,0.0
mutually,Text,0.0
mutually beneficial,Text,0.0
myfico,Text,0.0
myfico com,Text,0.0
mustang,Text,0.0
multinational,Text,0.0
multiple accounts,Text,0.0
multiple bills,Text,0.0
multiple br,Text,0.0
multiple cards,Text,0.0
multiple credit,Text,0.0
multiple creditors,Text,0.0
multiple debts,Text,0.0
multiple high,Text,0.0
municipal,Text,0.0
multiple loans,Text,0.0
multiple monthly,Text,0.0
multiple ones,Text,0.0
multiple payment,Text,0.0
multiple payments,Text,0.0
multiple rates,Text,0.0
multiple sources,Text,0.0
multiple times,Text,0.0
multiple years,Text,0.0
multiple higher,Text,0.0
naturally,Text,0.0
nature,Text,0.0
navy federal,Text,0.0
navy years,Text,0.0
nbsp,Text,0.0
nbsp br,Text,0.0
nc,Text,0.0
nd,Text,0.0
nada,Text,0.0
ne,Text,0.0
near,Text,0.0
near 20,Text,0.0
near 800,Text,0.0
near end,Text,0.0
near future,Text,0.0
near perfect,Text,0.0
near term,Text,0.0
nearby,Text,0.0
ndash,Text,0.0
nagging,Text,0.0
nail,Text,0.0
nails,Text,0.0
naive,Text,0.0
named,Text,0.0
names,Text,0.0
naples,Text,0.0
narrow,Text,0.0
nasa,Text,0.0
natural gas,Text,0.0
nation wide,Text,0.0
national average,Text,0.0
national bank,Text,0.0
national company,Text,0.0
national institutes,Text,0.0
nationally,Text,0.0
nations,Text,0.0
native,Text,0.0
natural,Text,0.0
nation,Text,0.0
moves,Text,0.0
movie,Text,0.0
movies,Text,0.0
moving apartment,Text,0.0
moving away,Text,0.0
moving br,Text,0.0
moving business,Text,0.0
moving city,Text,0.0
multi year,Text,0.0
moving company,Text,0.0
moving cost,Text,0.0
moving costs,Text,0.0
moving country,Text,0.0
moving different,Text,0.0
moving end,Text,0.0
moving expense,Text,0.0
moving expenses,Text,0.0
moving family,Text,0.0
moving closer,Text,0.0
moved ca,Text,0.0
moved california,Text,0.0
moved closer,Text,0.0
moved country,Text,0.0
moved family,Text,0.0
moved florida,Text,0.0
moved home,Text,0.0
moved house,Text,0.0
moved job,Text,0.0
movers,Text,0.0
moved need,Text,0.0
moved new,Text,0.0
moved nyc,Text,0.0
moved parents,Text,0.0
moved state,Text,0.0
moved time,Text,0.0
moved year,Text,0.0
moved years,Text,0.0
movement,Text,0.0
moved mom,Text,0.0
mower,Text,0.0
mower br,Text,0.0
mpg,Text,0.0
mr,Text,0.0
mri,Text,0.0
ms,Text,0.0
mt,Text,0.0
mtg,Text,0.0
moving forward,Text,0.0
mth br,Text,0.0
mthly,Text,0.0
mths,Text,0.0
mu,Text,0.0
multi,Text,0.0
multi billion,Text,0.0
multi family,Text,0.0
multi purpose,Text,0.0
multi unit,Text,0.0
mth,Text,0.0
moving furniture,Text,0.0
moving help,Text,0.0
moving home,Text,0.0
moving house,Text,0.0
moving job,Text,0.0
moving just,Text,0.0
moving living,Text,0.0
moving loan,Text,0.0
moving month,Text,0.0
moving truck,Text,0.0
moving nyc,Text,0.0
moving place,Text,0.0
moving relocation,Text,0.0
moving right,Text,0.0
moving san,Text,0.0
moving soon,Text,0.0
moving south,Text,0.0
moving starting,Text,0.0
moving state,Text,0.0
moving need,Text,0.0
need finish,Text,0.0
need fix,Text,0.0
need fixed,Text,0.0
need focus,Text,0.0
need free,Text,0.0
need fresh,Text,0.0
need fund,Text,0.0
need funding,Text,0.0
nearest,Text,0.0
need furniture,Text,0.0
need good,Text,0.0
need hand,Text,0.0
need helping,Text,0.0
need high,Text,0.0
need hire,Text,0.0
need home,Text,0.0
need immediate,Text,0.0
need improve,Text,0.0
need funds,Text,0.0
need cover,Text,0.0
need credit,Text,0.0
need currently,Text,0.0
need cut,Text,0.0
need debt,Text,0.0
need dental,Text,0.0
need dependable,Text,0.0
need details,Text,0.0
need drive,Text,0.0
need financing,Text,0.0
need emergency,Text,0.0
need equipment,Text,0.0
need expand,Text,0.0
need extra,Text,0.0
need family,Text,0.0
need finally,Text,0.0
need finance,Text,0.0
need financial,Text,0.0
need financially,Text,0.0
need eliminate,Text,0.0
need need,Text,0.0
need opportunity,Text,0.0
need order,Text,0.0
need paid,Text,0.0
need paying,Text,0.0
need payment,Text,0.0
need payoff,Text,0.0
need personal,Text,0.0
need increase,Text,0.0
need quick,Text,0.0
need quickly,Text,0.0
need raise,Text,0.0
need ready,Text,0.0
need reduce,Text,0.0
need reliable,Text,0.0
need relief,Text,0.0
need relocate,Text,0.0
need remodel,Text,0.0
need provide,Text,0.0
need information,Text,0.0
need install,Text,0.0
need invest,Text,0.0
need investment,Text,0.0
need investors,Text,0.0
need job,Text,0.0
need jump,Text,0.0
need just,Text,0.0
need know,Text,0.0
need money,Text,0.0
need larger,Text,0.0
need life,Text,0.0
need like,Text,0.0
need loans,Text,0.0
need lot,Text,0.0
need lump,Text,0.0
need major,Text,0.0
need medical,Text,0.0
need minor,Text,0.0
need large,Text,0.0
necessary home,Text,0.0
necessary make,Text,0.0
necessary medical,Text,0.0
necessary payments,Text,0.0
necessary repairs,Text,0.0
necessary upgrades,Text,0.0
necessities,Text,0.0
necessities br,Text,0.0
need control,Text,0.0
necessity br,Text,0.0
neck,Text,0.0
need 000,Text,0.0
need 10,Text,0.0
need 1000,Text,0.0
need 15,Text,0.0
need 20,Text,0.0
need 20k,Text,0.0
need 500,Text,0.0
necessity,Text,0.0
nearing,Text,0.0
nearing end,Text,0.0
nearly 10,Text,0.0
nearly 1000,Text,0.0
nearly 15,Text,0.0
nearly 20,Text,0.0
nearly 30,Text,0.0
nearly 400,Text,0.0
nearly debt,Text,0.0
necessary expenses,Text,0.0
nearly doubled,Text,0.0
nearly half,Text,0.0
nearly impossible,Text,0.0
nearly paid,Text,0.0
nearly years,Text,0.0
neccessary,Text,0.0
necessarily,Text,0.0
necessary br,Text,0.0
necessary equipment,Text,0.0
nearly decade,Text,0.0
need buy,Text,0.0
need capital,Text,0.0
need car,Text,0.0
need care,Text,0.0
need cash,Text,0.0
need catch,Text,0.0
need chance,Text,0.0
need change,Text,0.0
need 5k,Text,0.0
need clear,Text,0.0
need close,Text,0.0
need combine,Text,0.0
need come,Text,0.0
need complete,Text,0.0
need consolidated,Text,0.0
need consolidating,Text,0.0
need consolidation,Text,0.0
need continue,Text,0.0
need clean,Text,0.0
need able,Text,0.0
need access,Text,0.0
need add,Text,0.0
need additional,Text,0.0
need ahead,Text,0.0
need anymore,Text,0.0
need arise,Text,0.0
need asap,Text,0.0
need assistance,Text,0.0
need business,Text,0.0
need bit,Text,0.0
need boost,Text,0.0
need borrow,Text,0.0
need br,Text,0.0
need break,Text,0.0
need breathing,Text,0.0
need bridge,Text,0.0
need bring,Text,0.0
need build,Text,0.0
need better,Text,0.0
months early,Text,0.0
months emergency,Text,0.0
months employment,Text,0.0
months excellent,Text,0.0
months expenses,Text,0.0
months feel,Text,0.0
months finally,Text,0.0
months free,Text,0.0
moved br,Text,0.0
months goal,Text,0.0
months good,Text,0.0
months great,Text,0.0
months having,Text,0.0
months help,Text,0.0
months high,Text,0.0
months home,Text,0.0
months hoping,Text,0.0
months income,Text,0.0
months getting,Text,0.0
months 36,Text,0.0
months able,Text,0.0
months addition,Text,0.0
months advance,Text,0.0
months ago,Text,0.0
months ahead,Text,0.0
months away,Text,0.0
months balance,Text,0.0
months bills,Text,0.0
months don,Text,0.0
months business,Text,0.0
months car,Text,0.0
months close,Text,0.0
months company,Text,0.0
months credit,Text,0.0
months current,Text,0.0
months currently,Text,0.0
months debt,Text,0.0
months did,Text,0.0
months br,Text,0.0
months old,Text,0.0
months order,Text,0.0
months paid,Text,0.0
months pay,Text,0.0
months paying,Text,0.0
months payment,Text,0.0
months payments,Text,0.0
months plan,Text,0.0
months instead,Text,0.0
months prior,Text,0.0
months purchase,Text,0.0
months rate,Text,0.0
months really,Text,0.0
months reason,Text,0.0
months remaining,Text,0.0
months rent,Text,0.0
months salary,Text,0.0
months save,Text,0.0
months previous,Text,0.0
months intend,Text,0.0
months job,Text,0.0
months jobs,Text,0.0
months just,Text,0.0
months late,Text,0.0
months later,Text,0.0
months left,Text,0.0
months like,Text,0.0
months living,Text,0.0
months new,Text,0.0
months looking,Text,0.0
months lower,Text,0.0
months make,Text,0.0
months makes,Text,0.0
months making,Text,0.0
months money,Text,0.0
months monthly,Text,0.0
months months,Text,0.0
months need,Text,0.0
months loan,Text,0.0
monthly financial,Text,0.0
monthly fixed,Text,0.0
monthly funds,Text,0.0
monthly good,Text,0.0
monthly gross,Text,0.0
monthly half,Text,0.0
monthly help,Text,0.0
monthly home,Text,0.0
monthly utilities,Text,0.0
monthly housing,Text,0.0
monthly installment,Text,0.0
monthly installments,Text,0.0
monthly instead,Text,0.0
monthly just,Text,0.0
monthly late,Text,0.0
monthly like,Text,0.0
monthly living,Text,0.0
monthly loan,Text,0.0
monthly household,Text,0.0
monthly car,Text,0.0
monthly cards,Text,0.0
monthly cash,Text,0.0
monthly cc,Text,0.0
monthly charges,Text,0.0
monthly cost,Text,0.0
monthly costs,Text,0.0
monthly credit,Text,0.0
monthly current,Text,0.0
monthly finances,Text,0.0
monthly debt,Text,0.0
monthly debts,Text,0.0
monthly disposable,Text,0.0
monthly dues,Text,0.0
monthly exp,Text,0.0
monthly expenditures,Text,0.0
monthly expense,Text,0.0
monthly fee,Text,0.0
monthly fees,Text,0.0
monthly currently,Text,0.0
monthly payouts,Text,0.0
monthly pension,Text,0.0
monthly pmt,Text,0.0
monthly pmts,Text,0.0
monthly pymt,Text,0.0
monthly recurring,Text,0.0
monthly rent,Text,0.0
monthly repayment,Text,0.0
monthly low,Text,0.0
monthly revolving,Text,0.0
monthly salary,Text,0.0
monthly save,Text,0.0
monthly savings,Text,0.0
monthly spend,Text,0.0
monthly spending,Text,0.0
monthly thank,Text,0.0
monthly time,Text,0.0
monthly total,Text,0.0
monthly revenue,Text,0.0
monthly lower,Text,0.0
monthly make,Text,0.0
monthly min,Text,0.0
monthly minimum,Text,0.0
monthly minimums,Text,0.0
monthly money,Text,0.0
monthly monthly,Text,0.0
monthly net,Text,0.0
monthly note,Text,0.0
monthly payout,Text,0.0
monthly obligations,Text,0.0
monthly operating,Text,0.0
monthly outgoing,Text,0.0
monthly outlay,Text,0.0
monthly output,Text,0.0
monthly paid,Text,0.0
monthly pay,Text,0.0
monthly paycheck,Text,0.0
monthly paying,Text,0.0
monthly obligation,Text,0.0
mortgage student,Text,0.0
mortgage taxes,Text,0.0
mortgage time,Text,0.0
mortgage utilities,Text,0.0
mortgage utility,Text,0.0
mortgage vehicle,Text,0.0
mortgage want,Text,0.0
mortgage years,Text,0.0
months saving,Text,0.0
mos br,Text,0.0
mother,Text,0.0
mother bills,Text,0.0
mother br,Text,0.0
mother children,Text,0.0
mother father,Text,0.0
mother home,Text,0.0
mother house,Text,0.0
mother law,Text,0.0
mortgages br,Text,0.0
mortgage living,Text,0.0
mortgage loan,Text,0.0
mortgage loans,Text,0.0
mortgage lower,Text,0.0
mortgage month,Text,0.0
mortgage monthly,Text,0.0
mortgage mortgage,Text,0.0
mortgage note,Text,0.0
mortgage paid,Text,0.0
mortgage save,Text,0.0
mortgage paying,Text,0.0
mortgage payments,Text,0.0
mortgage primary,Text,0.0
mortgage property,Text,0.0
mortgage rate,Text,0.0
mortgage rates,Text,0.0
mortgage refinance,Text,0.0
mortgage rent,Text,0.0
mortgage rental,Text,0.0
mortgage pay,Text,0.0
motorcycle ebay,Text,0.0
motorcycle good,Text,0.0
motorcycle loan,Text,0.0
motorcycle payment,Text,0.0
motorcycle plan,Text,0.0
motorcycle purchase,Text,0.0
motorcycle save,Text,0.0
motorcycle used,Text,0.0
mother live,Text,0.0
motorcyle,Text,0.0
motorhome,Text,0.0
motors,Text,0.0
mountain,Text,0.0
mountain debt,Text,0.0
mountains,Text,0.0
mounting,Text,0.0
mouth,Text,0.0
moved apartment,Text,0.0
motorcycles,Text,0.0
mother lives,Text,0.0
mother medical,Text,0.0
mother passed,Text,0.0
mother pay,Text,0.0
mother recently,Text,0.0
mother sick,Text,0.0
mother trying,Text,0.0
mothers,Text,0.0
mothly,Text,0.0
motorcycle credit,Text,0.0
motion,Text,0.0
motivated,Text,0.0
motivated debt,Text,0.0
motivated pay,Text,0.0
motivation,Text,0.0
motor,Text,0.0
motor br,Text,0.0
motor company,Text,0.0
motor home,Text,0.0
mothly payment,Text,0.0
months years,Text,0.0
monthy,Text,0.0
monthy bills,Text,0.0
monthy budget,Text,0.0
monthy payment,Text,0.0
monthy payments,Text,0.0
montly,Text,0.0
montly bills,Text,0.0
mortgage like,Text,0.0
montly expenses,Text,0.0
montly income,Text,0.0
montly payment,Text,0.0
montly payments,Text,0.0
mony,Text,0.0
moon,Text,0.0
moral,Text,0.0
morals,Text,0.0
morgage,Text,0.0
montly budget,Text,0.0
months sooner,Text,0.0
months stable,Text,0.0
months start,Text,0.0
months steady,Text,0.0
months thank,Text,0.0
months thanks,Text,0.0
months time,Text,0.0
months trying,Text,0.0
months unemployment,Text,0.0
months year,Text,0.0
months used,Text,0.0
months using,Text,0.0
months ve,Text,0.0
months vs,Text,0.0
months want,Text,0.0
months way,Text,0.0
months wife,Text,0.0
months working,Text,0.0
months worth,Text,0.0
months use,Text,0.0
mortgage bills,Text,0.0
mortgage car,Text,0.0
mortgage companies,Text,0.0
mortgage company,Text,0.0
mortgage credit,Text,0.0
mortgage current,Text,0.0
mortgage currently,Text,0.0
mortgage debt,Text,0.0
morgan,Text,0.0
mortgage equity,Text,0.0
mortgage escrow,Text,0.0
mortgage expenses,Text,0.0
mortgage free,Text,0.0
mortgage house,Text,0.0
mortgage insurance,Text,0.0
mortgage just,Text,0.0
mortgage late,Text,0.0
mortgage lending,Text,0.0
mortgage debts,Text,0.0
morgan chase,Text,0.0
morning,Text,0.0
morning br,Text,0.0
mort,Text,0.0
mortagage,Text,0.0
mortage,Text,0.0
mortage br,Text,0.0
mortage car,Text,0.0
mortage payment,Text,0.0
mortgage bank,Text,0.0
mortgage 1200,Text,0.0
mortgage 500,Text,0.0
mortgage 600,Text,0.0
mortgage 800,Text,0.0
mortgage 900,Text,0.0
mortgage able,Text,0.0
mortgage amp,Text,0.0
mortgage auto,Text,0.0
mortgage balance,Text,0.0
mortar,Text,0.0
make 45,Text,0.0
make 50,Text,0.0
make 500,Text,0.0
make 50k,Text,0.0
make 600,Text,0.0
make 75,Text,0.0
make 90,Text,0.0
make additional,Text,0.0
minor repair,Text,0.0
make alot,Text,0.0
make approximately,Text,0.0
make average,Text,0.0
make best,Text,0.0
make better,Text,0.0
make big,Text,0.0
make bigger,Text,0.0
make bills,Text,0.0
make br,Text,0.0
make affordable,Text,0.0
major repairs,Text,0.0
major surgery,Text,0.0
major university,Text,0.0
major work,Text,0.0
majoring,Text,0.0
majority,Text,0.0
majority costs,Text,0.0
majority credit,Text,0.0
majority debt,Text,0.0
make 40,Text,0.0
majority funds,Text,0.0
majority loan,Text,0.0
majority money,Text,0.0
make 000,Text,0.0
make 10,Text,0.0
make 100,Text,0.0
make 1000,Text,0.0
make 2000,Text,0.0
make 25,Text,0.0
majority expenses,Text,0.0
make dream,Text,0.0
make dreams,Text,0.0
make easy,Text,0.0
make effort,Text,0.0
make energy,Text,0.0
make excellent,Text,0.0
make extra,Text,0.0
make extremely,Text,0.0
make budget,Text,0.0
make feel,Text,0.0
make final,Text,0.0
make finances,Text,0.0
make financial,Text,0.0
make fixed,Text,0.0
make fresh,Text,0.0
make goal,Text,0.0
make great,Text,0.0
make greater,Text,0.0
make faster,Text,0.0
make business,Text,0.0
make career,Text,0.0
make cash,Text,0.0
make change,Text,0.0
make changes,Text,0.0
make clean,Text,0.0
make comfortable,Text,0.0
make commitment,Text,0.0
make convenient,Text,0.0
make double,Text,0.0
make credit,Text,0.0
make current,Text,0.0
make day,Text,0.0
make debt,Text,0.0
make decent,Text,0.0
make decision,Text,0.0
make dent,Text,0.0
make difference,Text,0.0
make difficult,Text,0.0
make cover,Text,0.0
main reason,Text,0.0
main reasons,Text,0.0
main source,Text,0.0
mainly,Text,0.0
mainly credit,Text,0.0
mainly pay,Text,0.0
mainly used,Text,0.0
maint,Text,0.0
major repair,Text,0.0
maintain br,Text,0.0
maintain budget,Text,0.0
maintain credit,Text,0.0
maintain current,Text,0.0
maintain excellent,Text,0.0
maintain good,Text,0.0
maintain high,Text,0.0
maintain house,Text,0.0
maintain monthly,Text,0.0
maintain,Text,0.0
machinery,Text,0.0
machines,Text,0.0
macy visa,Text,0.0
macys,Text,0.0
madison,Text,0.0
magazine,Text,0.0
magazines,Text,0.0
magic,Text,0.0
maid,Text,0.0
main purpose,Text,0.0
mail br,Text,0.0
mail lending,Text,0.0
mailed,Text,0.0
mailing,Text,0.0
mailings,Text,0.0
main credit,Text,0.0
main financial,Text,0.0
main focus,Text,0.0
main goal,Text,0.0
mail,Text,0.0
major corporation,Text,0.0
major credit,Text,0.0
major debt,Text,0.0
major debts,Text,0.0
major dental,Text,0.0
major expense,Text,0.0
major expenses,Text,0.0
major financial,Text,0.0
maintain payments,Text,0.0
major health,Text,0.0
major home,Text,0.0
major improvements,Text,0.0
major insurance,Text,0.0
major life,Text,0.0
major medical,Text,0.0
major monthly,Text,0.0
major portion,Text,0.0
major purchases,Text,0.0
major goal,Text,0.0
maintain stable,Text,0.0
maintain steady,Text,0.0
maintained,Text,0.0
maintained excellent,Text,0.0
maintained good,Text,0.0
maintained time,Text,0.0
maintaing,Text,0.0
maintaining,Text,0.0
maintaining excellent,Text,0.0
major car,Text,0.0
maintains,Text,0.0
maintenance br,Text,0.0
maintenance company,Text,0.0
maintenance costs,Text,0.0
maintenance items,Text,0.0
maintenance repairs,Text,0.0
major appliances,Text,0.0
major banks,Text,0.0
major bills,Text,0.0
maintaining good,Text,0.0
makes,Text,0.0
makes approximately,Text,0.0
makes better,Text,0.0
makes difficult,Text,0.0
makes easier,Text,0.0
makes easy,Text,0.0
makes feel,Text,0.0
makes financial,Text,0.0
make happen,Text,0.0
makes great,Text,0.0
makes hard,Text,0.0
makes job,Text,0.0
makes life,Text,0.0
makes lot,Text,0.0
makes money,Text,0.0
makes payments,Text,0.0
makes perfect,Text,0.0
makes possible,Text,0.0
makes good,Text,0.0
make special,Text,0.0
make steady,Text,0.0
make substantial,Text,0.0
make sure,Text,0.0
make thank,Text,0.0
make things,Text,0.0
make time,Text,0.0
make timely,Text,0.0
make times,Text,0.0
makers,Text,0.0
make updates,Text,0.0
make upgrades,Text,0.0
make want,Text,0.0
make way,Text,0.0
make wedding,Text,0.0
make work,Text,0.0
make year,Text,0.0
makeover,Text,0.0
maker,Text,0.0
make transition,Text,0.0
making effort,Text,0.0
making ends,Text,0.0
making extra,Text,0.0
making fresh,Text,0.0
making good,Text,0.0
making great,Text,0.0
making happen,Text,0.0
making hard,Text,0.0
makes sense,Text,0.0
making head,Text,0.0
making headway,Text,0.0
making high,Text,0.0
making higher,Text,0.0
making home,Text,0.0
making huge,Text,0.0
making impossible,Text,0.0
making improvements,Text,0.0
making investment,Text,0.0
making harder,Text,0.0
makes sure,Text,0.0
making 400,Text,0.0
making better,Text,0.0
making big,Text,0.0
making br,Text,0.0
making cards,Text,0.0
making changes,Text,0.0
making credit,Text,0.0
making current,Text,0.0
making easy,Text,0.0
making decent,Text,0.0
making decision,Text,0.0
making dent,Text,0.0
making difference,Text,0.0
making different,Text,0.0
making difficult,Text,0.0
making double,Text,0.0
making dream,Text,0.0
making easier,Text,0.0
making debt,Text,0.0
make living,Text,0.0
make loan,Text,0.0
make long,Text,0.0
make look,Text,0.0
make lot,Text,0.0
make low,Text,0.0
make lower,Text,0.0
make lump,Text,0.0
make sound,Text,0.0
make manageable,Text,0.0
make managing,Text,0.0
make min,Text,0.0
make minimal,Text,0.0
make minimum,Text,0.0
make minor,Text,0.0
make mistake,Text,0.0
make mistakes,Text,0.0
make money,Text,0.0
make make,Text,0.0
make hard,Text,0.0
make head,Text,0.0
make headway,Text,0.0
make high,Text,0.0
make higher,Text,0.0
make house,Text,0.0
make huge,Text,0.0
make impact,Text,0.0
make important,Text,0.0
make lives,Text,0.0
make improvements,Text,0.0
make income,Text,0.0
make instead,Text,0.0
make investment,Text,0.0
make large,Text,0.0
make larger,Text,0.0
make late,Text,0.0
make little,Text,0.0
make livable,Text,0.0
make impossible,Text,0.0
make reasonable,Text,0.0
make regular,Text,0.0
make repairs,Text,0.0
make repayment,Text,0.0
make required,Text,0.0
make rest,Text,0.0
make right,Text,0.0
make room,Text,0.0
make month,Text,0.0
make sense,Text,0.0
make separate,Text,0.0
make significant,Text,0.0
make simple,Text,0.0
make single,Text,0.0
make small,Text,0.0
make smaller,Text,0.0
make smart,Text,0.0
make solid,Text,0.0
make safe,Text,0.0
make mortgage,Text,0.0
make multiple,Text,0.0
make necessary,Text,0.0
make new,Text,0.0
make nice,Text,0.0
make pay,Text,0.0
make paying,Text,0.0
make plenty,Text,0.0
make point,Text,0.0
make reality,Text,0.0
make possible,Text,0.0
make pretty,Text,0.0
make priority,Text,0.0
make process,Text,0.0
make profit,Text,0.0
make progress,Text,0.0
make purchase,Text,0.0
make purchases,Text,0.0
make real,Text,0.0
make positive,Text,0.0
lose money,Text,0.0
lose weight,Text,0.0
losing,Text,0.0
losing job,Text,0.0
losing money,Text,0.0
loss,Text,0.0
loss br,Text,0.0
loss income,Text,0.0
machine business,Text,0.0
loss surgery,Text,0.0
losses,Text,0.0
lost,Text,0.0
lost income,Text,0.0
lost job,Text,0.0
lost jobs,Text,0.0
lost time,Text,0.0
lot better,Text,0.0
lot bills,Text,0.0
loss selling,Text,0.0
looking use,Text,0.0
looking used,Text,0.0
looking way,Text,0.0
looking ways,Text,0.0
looking work,Text,0.0
looking year,Text,0.0
looking years,Text,0.0
looks,Text,0.0
looks good,Text,0.0
lose job,Text,0.0
looming,Text,0.0
loop,Text,0.0
loose,Text,0.0
loose ends,Text,0.0
lord,Text,0.0
los,Text,0.0
los angeles,Text,0.0
lose,Text,0.0
lose br,Text,0.0
looks like,Text,0.0
lot research,Text,0.0
lot revolving,Text,0.0
lot sense,Text,0.0
lot thank,Text,0.0
lot time,Text,0.0
lot ve,Text,0.0
lot work,Text,0.0
lot years,Text,0.0
lot cash,Text,0.0
lots credit,Text,0.0
lots money,Text,0.0
lots overtime,Text,0.0
louis,Text,0.0
louisiana,Text,0.0
love able,Text,0.0
love answer,Text,0.0
love br,Text,0.0
love buy,Text,0.0
lots,Text,0.0
lot credit,Text,0.0
lot debt,Text,0.0
lot easier,Text,0.0
lot expenses,Text,0.0
lot experience,Text,0.0
lot faster,Text,0.0
lot help,Text,0.0
lot high,Text,0.0
lot land,Text,0.0
lot rent,Text,0.0
lot lower,Text,0.0
lot medical,Text,0.0
lot money,Text,0.0
lot overtime,Text,0.0
lot pay,Text,0.0
lot people,Text,0.0
lot pride,Text,0.0
lot questions,Text,0.0
lot quicker,Text,0.0
lot longer,Text,0.0
looking future,Text,0.0
looking good,Text,0.0
looking great,Text,0.0
looking help,Text,0.0
looking home,Text,0.0
looking house,Text,0.0
looking improve,Text,0.0
looking increase,Text,0.0
looking upgrade,Text,0.0
looking investors,Text,0.0
looking job,Text,0.0
looking just,Text,0.0
looking lending,Text,0.0
looking listing,Text,0.0
looking little,Text,0.0
looking long,Text,0.0
looking low,Text,0.0
looking make,Text,0.0
looking invest,Text,0.0
looking cut,Text,0.0
looking debt,Text,0.0
looking decrease,Text,0.0
looking easy,Text,0.0
looking eliminate,Text,0.0
looking end,Text,0.0
looking expand,Text,0.0
looking extra,Text,0.0
looking finally,Text,0.0
looking funds,Text,0.0
looking financing,Text,0.0
looking finish,Text,0.0
looking fixed,Text,0.0
looking forward,Text,0.0
looking foward,Text,0.0
looking free,Text,0.0
looking fresh,Text,0.0
looking fund,Text,0.0
looking funding,Text,0.0
looking finance,Text,0.0
looking replace,Text,0.0
looking request,Text,0.0
looking restructure,Text,0.0
looking rid,Text,0.0
looking roll,Text,0.0
looking save,Text,0.0
looking second,Text,0.0
looking secure,Text,0.0
looking married,Text,0.0
looking short,Text,0.0
looking simplify,Text,0.0
looking simply,Text,0.0
looking small,Text,0.0
looking start,Text,0.0
looking streamline,Text,0.0
looking term,Text,0.0
looking time,Text,0.0
looking update,Text,0.0
looking sell,Text,0.0
looking money,Text,0.0
looking monthly,Text,0.0
looking new,Text,0.0
looking obtain,Text,0.0
looking open,Text,0.0
looking opportunity,Text,0.0
looking paying,Text,0.0
looking payment,Text,0.0
looking payoff,Text,0.0
looking repay,Text,0.0
looking purchase,Text,0.0
looking purchasing,Text,0.0
looking quick,Text,0.0
looking quot,Text,0.0
looking reasonable,Text,0.0
looking receive,Text,0.0
looking reduce,Text,0.0
looking refinance,Text,0.0
looking remodel,Text,0.0
looking personal,Text,0.0
lower pay,Text,0.0
lower paying,Text,0.0
lower payment,Text,0.0
lower payments,Text,0.0
lower percentage,Text,0.0
lower personal,Text,0.0
lower rates,Text,0.0
lower revolving,Text,0.0
love chance,Text,0.0
lower single,Text,0.0
lower thank,Text,0.0
lower time,Text,0.0
lower total,Text,0.0
lowered credit,Text,0.0
lowered limits,Text,0.0
lowering,Text,0.0
lowering apr,Text,0.0
lowering balances,Text,0.0
lower save,Text,0.0
lower finance,Text,0.0
lower fixed,Text,0.0
lower help,Text,0.0
lower higher,Text,0.0
lower income,Text,0.0
lower interests,Text,0.0
lower interst,Text,0.0
lower lending,Text,0.0
lower like,Text,0.0
lower paid,Text,0.0
lower loans,Text,0.0
lower lower,Text,0.0
lower make,Text,0.0
lower manageable,Text,0.0
lower minimum,Text,0.0
lower money,Text,0.0
lower month,Text,0.0
lower montly,Text,0.0
lower mortgage,Text,0.0
lower loan,Text,0.0
ltv,Text,0.0
luck,Text,0.0
luckily,Text,0.0
lucky,Text,0.0
lucrative,Text,0.0
lucrative job,Text,0.0
lumber,Text,0.0
lump credit,Text,0.0
lowering credit,Text,0.0
lunch,Text,0.0
luxury,Text,0.0
lx,Text,0.0
lynch,Text,0.0
ma,Text,0.0
mac,Text,0.0
macbook,Text,0.0
machine,Text,0.0
machine br,Text,0.0
lump sum,Text,0.0
lowering current,Text,0.0
lowering debt,Text,0.0
lowering monthly,Text,0.0
lowering overall,Text,0.0
lowering payment,Text,0.0
lowering payments,Text,0.0
lowering rate,Text,0.0
lowering rates,Text,0.0
lowers,Text,0.0
lt,Text,0.0
lowes,Text,0.0
lowes br,Text,0.0
lowest,Text,0.0
lowest rate,Text,0.0
lowest rates,Text,0.0
loyal,Text,0.0
loyal customer,Text,0.0
loyalty,Text,0.0
lsu,Text,0.0
lowers monthly,Text,0.0
love thank,Text,0.0
love want,Text,0.0
love work,Text,0.0
love working,Text,0.0
loved,Text,0.0
loved ones,Text,0.0
lovely,Text,0.0
loves,Text,0.0
lower dti,Text,0.0
low apr,Text,0.0
low balance,Text,0.0
low balances,Text,0.0
low br,Text,0.0
low compared,Text,0.0
low cost,Text,0.0
low credit,Text,0.0
low debt,Text,0.0
low dti,Text,0.0
loving,Text,0.0
love concept,Text,0.0
love consolidate,Text,0.0
love debt,Text,0.0
love doing,Text,0.0
love great,Text,0.0
love help,Text,0.0
love house,Text,0.0
love idea,Text,0.0
love job,Text,0.0
love start,Text,0.0
love lending,Text,0.0
love life,Text,0.0
love loan,Text,0.0
love lower,Text,0.0
love make,Text,0.0
love new,Text,0.0
love opportunity,Text,0.0
love plan,Text,0.0
love rid,Text,0.0
love just,Text,0.0
low risk,Text,0.0
low thank,Text,0.0
lowe,Text,0.0
lower account,Text,0.0
lower amp,Text,0.0
lower apr,Text,0.0
lower average,Text,0.0
lower balance,Text,0.0
low end,Text,0.0
lower better,Text,0.0
lower bills,Text,0.0
lower car,Text,0.0
lower cards,Text,0.0
lower combined,Text,0.0
lower cost,Text,0.0
lower current,Text,0.0
lower currently,Text,0.0
lower debt,Text,0.0
lower balances,Text,0.0
low expenses,Text,0.0
low fixed,Text,0.0
low high,Text,0.0
low income,Text,0.0
low intrest,Text,0.0
low introductory,Text,0.0
low limit,Text,0.0
low living,Text,0.0
low loan,Text,0.0
low rent,Text,0.0
low miles,Text,0.0
low mortgage,Text,0.0
low overhead,Text,0.0
low pay,Text,0.0
low paying,Text,0.0
low payments,Text,0.0
low price,Text,0.0
low rate,Text,0.0
low rates,Text,0.0
low mileage,Text,0.0
member credit,Text,0.0
member family,Text,0.0
member like,Text,0.0
member loan,Text,0.0
member looking,Text,0.0
member medical,Text,0.0
member need,Text,0.0
member pay,Text,0.0
making just,Text,0.0
member year,Text,0.0
member years,Text,0.0
members br,Text,0.0
members help,Text,0.0
membership,Text,0.0
memberships,Text,0.0
memorable,Text,0.0
memorial,Text,0.0
memorial day,Text,0.0
member support,Text,0.0
meet financial,Text,0.0
meet goal,Text,0.0
meet goals,Text,0.0
meet loan,Text,0.0
meet monthly,Text,0.0
meet needs,Text,0.0
meet obligation,Text,0.0
meet obligations,Text,0.0
meet payments,Text,0.0
member br,Text,0.0
meeting financial,Text,0.0
meeting goal,Text,0.0
meeting monthly,Text,0.0
meeting obligations,Text,0.0
meeting payment,Text,0.0
meetings,Text,0.0
meets,Text,0.0
meltdown,Text,0.0
member 10,Text,0.0
meeting,Text,0.0
mercy,Text,0.0
mere,Text,0.0
merged,Text,0.0
merit,Text,0.0
merit increases,Text,0.0
merrick,Text,0.0
merrick bank,Text,0.0
merrill,Text,0.0
memories,Text,0.0
merry christmas,Text,0.0
mess,Text,0.0
mess br,Text,0.0
mess credit,Text,0.0
message,Text,0.0
messages,Text,0.0
messed,Text,0.0
met,Text,0.0
metal,Text,0.0
merrill lynch,Text,0.0
memory,Text,0.0
men,Text,0.0
mental,Text,0.0
mental health,Text,0.0
mentality,Text,0.0
mentally,Text,0.0
mention,Text,0.0
mentioned,Text,0.0
mentioned loan,Text,0.0
mercury,Text,0.0
mentioning,Text,0.0
mentor,Text,0.0
menu,Text,0.0
mercedes,Text,0.0
mercedes benz,Text,0.0
merchandise,Text,0.0
merchandising,Text,0.0
merchant,Text,0.0
merchants,Text,0.0
mentioned previously,Text,0.0
mechanics,Text,0.0
med,Text,0.0
med bills,Text,0.0
media,Text,0.0
media company,Text,0.0
median,Text,0.0
medicaid,Text,0.0
medical attention,Text,0.0
medium term,Text,0.0
medical billing,Text,0.0
medical br,Text,0.0
medical car,Text,0.0
medical care,Text,0.0
medical center,Text,0.0
medical condition,Text,0.0
medical cost,Text,0.0
medical costs,Text,0.0
medical credit,Text,0.0
medical auto,Text,0.0
means pay,Text,0.0
means paying,Text,0.0
means responsible,Text,0.0
means stable,Text,0.0
means thank,Text,0.0
means transportation,Text,0.0
means world,Text,0.0
meant,Text,0.0
meant consolidate,Text,0.0
mechanically,Text,0.0
meantime,Text,0.0
meantime like,Text,0.0
measure,Text,0.0
measures,Text,0.0
meat,Text,0.0
mechanic,Text,0.0
mechanical,Text,0.0
mechanical engineer,Text,0.0
mechanical engineering,Text,0.0
meant say,Text,0.0
medical procedure,Text,0.0
medical procedures,Text,0.0
medical professional,Text,0.0
medical purposes,Text,0.0
medical reasons,Text,0.0
medical record,Text,0.0
medical related,Text,0.0
medical school,Text,0.0
medical debt,Text,0.0
medical treatment,Text,0.0
medical treatments,Text,0.0
medically,Text,0.0
medicare,Text,0.0
medication,Text,0.0
medications,Text,0.0
medicine,Text,0.0
medium,Text,0.0
medium sized,Text,0.0
medical surgery,Text,0.0
medical debts,Text,0.0
medical dental,Text,0.0
medical device,Text,0.0
medical emergency,Text,0.0
medical equipment,Text,0.0
medical expense,Text,0.0
medical field,Text,0.0
medical funeral,Text,0.0
medical group,Text,0.0
medical problems,Text,0.0
medical issue,Text,0.0
medical leave,Text,0.0
medical loan,Text,0.0
medical loans,Text,0.0
medical needs,Text,0.0
medical office,Text,0.0
medical payment,Text,0.0
medical payments,Text,0.0
medical practice,Text,0.0
medical insurance,Text,0.0
minimally,Text,0.0
minimize monthly,Text,0.0
minimize payments,Text,0.0
minimizing,Text,0.0
minimum 000,Text,0.0
minimum able,Text,0.0
minimum amounts,Text,0.0
minimum balance,Text,0.0
metal roof,Text,0.0
minimum bills,Text,0.0
minimum br,Text,0.0
minimum card,Text,0.0
minimum cards,Text,0.0
minimum credit,Text,0.0
minimum debt,Text,0.0
minimum getting,Text,0.0
minimum goal,Text,0.0
minimum high,Text,0.0
minimum balances,Text,0.0
min payments,Text,0.0
min pmt,Text,0.0
mind br,Text,0.0
mind having,Text,0.0
mind know,Text,0.0
mind knowing,Text,0.0
mind paying,Text,0.0
mind thank,Text,0.0
minded,Text,0.0
minimal payments,Text,0.0
minds,Text,0.0
mini,Text,0.0
mini vacation,Text,0.0
minimal br,Text,0.0
minimal credit,Text,0.0
minimal debt,Text,0.0
minimal expenses,Text,0.0
minimal monthly,Text,0.0
minimal payment,Text,0.0
minded person,Text,0.0
minimums want,Text,0.0
minimums years,Text,0.0
minimun,Text,0.0
minimun payments,Text,0.0
mining,Text,0.0
mininum,Text,0.0
ministry,Text,0.0
minium,Text,0.0
minimum job,Text,0.0
minivan,Text,0.0
minneapolis,Text,0.0
minnesota,Text,0.0
minor bills,Text,0.0
minor credit,Text,0.0
minor expenses,Text,0.0
minor home,Text,0.0
minor improvements,Text,0.0
minor medical,Text,0.0
minium payments,Text,0.0
minimum just,Text,0.0
minimum late,Text,0.0
minimum like,Text,0.0
minimum loan,Text,0.0
minimum make,Text,0.0
minimum month,Text,0.0
minimum monthly,Text,0.0
minimum order,Text,0.0
minimum pay,Text,0.0
minimums month,Text,0.0
minimum plus,Text,0.0
minimum quot,Text,0.0
minimum required,Text,0.0
minimum requirement,Text,0.0
minimum time,Text,0.0
minimum years,Text,0.0
minimums,Text,0.0
minimums br,Text,0.0
minimums credit,Text,0.0
minimum paying,Text,0.0
mid 20,Text,0.0
mid 700,Text,0.0
mid april,Text,0.0
mid high,Text,0.0
mid level,Text,0.0
mid sized,Text,0.0
mid year,Text,0.0
middle,Text,0.0
min payment,Text,0.0
middle man,Text,0.0
middle school,Text,0.0
middle year,Text,0.0
midst,Text,0.0
midwest,Text,0.0
mike,Text,0.0
mike br,Text,0.0
mil,Text,0.0
mile,Text,0.0
middle class,Text,0.0
meter,Text,0.0
method,Text,0.0
method br,Text,0.0
methods,Text,0.0
meticulous,Text,0.0
metro,Text,0.0
metro area,Text,0.0
metropolitan,Text,0.0
metropolitan area,Text,0.0
mid,Text,0.0
mfg,Text,0.0
mgmt,Text,0.0
mi,Text,0.0
miami,Text,0.0
michael,Text,0.0
michelle,Text,0.0
michigan,Text,0.0
micro,Text,0.0
microsoft,Text,0.0
mexico,Text,0.0
military officer,Text,0.0
military retirement,Text,0.0
military service,Text,0.0
military stable,Text,0.0
military star,Text,0.0
military veteran,Text,0.0
military years,Text,0.0
milk,Text,0.0
mile radius,Text,0.0
millions,Text,0.0
milwaukee,Text,0.0
mimimum,Text,0.0
min,Text,0.0
min br,Text,0.0
min credit,Text,0.0
min month,Text,0.0
min monthly,Text,0.0
min pay,Text,0.0
million dollars,Text,0.0
mileage,Text,0.0
mileage br,Text,0.0
miles away,Text,0.0
miles br,Text,0.0
miles car,Text,0.0
miles day,Text,0.0
miles excellent,Text,0.0
miles good,Text,0.0
miles great,Text,0.0
military member,Text,0.0
miles way,Text,0.0
miles work,Text,0.0
miles year,Text,0.0
milestone,Text,0.0
milestones,Text,0.0
military br,Text,0.0
military career,Text,0.0
military family,Text,0.0
military just,Text,0.0
miles round,Text,0.0
managerial position,Text,0.0
managers,Text,0.0
manages,Text,0.0
managing,Text,0.0
managing credit,Text,0.0
managing debt,Text,0.0
managing finances,Text,0.0
managing money,Text,0.0
means need,Text,0.0
managment,Text,0.0
mandated,Text,0.0
mandatory,Text,0.0
manhattan,Text,0.0
manner credit,Text,0.0
manner loan,Text,0.0
manner make,Text,0.0
manner responsible,Text,0.0
manner thank,Text,0.0
managing multiple,Text,0.0
management br,Text,0.0
management company,Text,0.0
management consulting,Text,0.0
management experience,Text,0.0
management job,Text,0.0
management level,Text,0.0
management position,Text,0.0
management professional,Text,0.0
management role,Text,0.0
managerial,Text,0.0
management years,Text,0.0
manager br,Text,0.0
manager company,Text,0.0
manager large,Text,0.0
manager local,Text,0.0
manager position,Text,0.0
manager stable,Text,0.0
manager working,Text,0.0
manager years,Text,0.0
management team,Text,0.0
margin,Text,0.0
margin br,Text,0.0
marginal,Text,0.0
margins,Text,0.0
marine,Text,0.0
marine corps,Text,0.0
marines,Text,0.0
mark br,Text,0.0
manner thanks,Text,0.0
market account,Text,0.0
market area,Text,0.0
market br,Text,0.0
market business,Text,0.0
market conditions,Text,0.0
market crash,Text,0.0
market crashed,Text,0.0
market demand,Text,0.0
market good,Text,0.0
marked,Text,0.0
manner want,Text,0.0
manufacture,Text,0.0
manufactured,Text,0.0
manufactured home,Text,0.0
manufacturer,Text,0.0
manufacturers,Text,0.0
manufactures,Text,0.0
manufacturing,Text,0.0
manufacturing company,Text,0.0
march year,Text,0.0
mar,Text,0.0
marble,Text,0.0
march 2008,Text,0.0
march 2009,Text,0.0
march 2010,Text,0.0
march 2011,Text,0.0
march 2012,Text,0.0
march 2013,Text,0.0
march br,Text,0.0
map,Text,0.0
making purchase,Text,0.0
making purchases,Text,0.0
making real,Text,0.0
making regular,Text,0.0
making request,Text,0.0
making required,Text,0.0
making safe,Text,0.0
making single,Text,0.0
management,Text,0.0
making small,Text,0.0
making smaller,Text,0.0
making smart,Text,0.0
making steady,Text,0.0
making substantial,Text,0.0
making sure,Text,0.0
making time,Text,0.0
making timely,Text,0.0
making years,Text,0.0
making slow,Text,0.0
making large,Text,0.0
making late,Text,0.0
making life,Text,0.0
making little,Text,0.0
making look,Text,0.0
making low,Text,0.0
making lower,Text,0.0
making major,Text,0.0
making min,Text,0.0
making progress,Text,0.0
making minimum,Text,0.0
making money,Text,0.0
making month,Text,0.0
making multiple,Text,0.0
making nearly,Text,0.0
making needed,Text,0.0
making new,Text,0.0
making pay,Text,0.0
making possible,Text,0.0
making minimal,Text,0.0
manage pay,Text,0.0
manage payment,Text,0.0
manage payments,Text,0.0
manage single,Text,0.0
manageable br,Text,0.0
manageable debt,Text,0.0
manageable fixed,Text,0.0
manageable loan,Text,0.0
male,Text,0.0
manageable pay,Text,0.0
manageable payments,Text,0.0
manageable rate,Text,0.0
manageable thank,Text,0.0
manageble,Text,0.0
managed,Text,0.0
managed credit,Text,0.0
managed pay,Text,0.0
managed services,Text,0.0
manageable lower,Text,0.0
mall,Text,0.0
man,Text,0.0
managable br,Text,0.0
managable monthly,Text,0.0
managable payment,Text,0.0
manage,Text,0.0
manage account,Text,0.0
manage bills,Text,0.0
manage br,Text,0.0
manage multiple,Text,0.0
manage credit,Text,0.0
manage current,Text,0.0
manage debt,Text,0.0
manage easier,Text,0.0
manage finances,Text,0.0
manage funds,Text,0.0
manage loan,Text,0.0
manage money,Text,0.0
manage monthly,Text,0.0
manage budget,Text,0.0
maternity,Text,0.0
maternity leave,Text,0.0
math,Text,0.0
mathematics,Text,0.0
mats,Text,0.0
matt,Text,0.0
matter,Text,0.0
matter br,Text,0.0
market loan,Text,0.0
matter pay,Text,0.0
matters,Text,0.0
matters br,Text,0.0
matthew,Text,0.0
mattress,Text,0.0
mature,Text,0.0
mature responsible,Text,0.0
maturity,Text,0.0
maturity br,Text,0.0
matter fact,Text,0.0
master bathroom,Text,0.0
master bedroom,Text,0.0
master degree,Text,0.0
master degrees,Text,0.0
master program,Text,0.0
master suite,Text,0.0
mastercard balance,Text,0.0
mastercard br,Text,0.0
masters,Text,0.0
materials supplies,Text,0.0
masters program,Text,0.0
match,Text,0.0
matched,Text,0.0
matches,Text,0.0
mate,Text,0.0
material,Text,0.0
materials,Text,0.0
materials br,Text,0.0
materials labor,Text,0.0
masters degree,Text,0.0
md,Text,0.0
mdash,Text,0.0
meager,Text,0.0
meals,Text,0.0
mean lot,Text,0.0
mean time,Text,0.0
mean world,Text,0.0
meaning,Text,0.0
maturity date,Text,0.0
means,Text,0.0
means able,Text,0.0
means alot,Text,0.0
means br,Text,0.0
means consolidate,Text,0.0
means family,Text,0.0
means job,Text,0.0
means lot,Text,0.0
means make,Text,0.0
meaningful,Text,0.0
max,Text,0.0
max credit,Text,0.0
maxed,Text,0.0
maxed credit,Text,0.0
maximize,Text,0.0
maximizing,Text,0.0
maximum,Text,0.0
maximum years,Text,0.0
maxing,Text,0.0
mc,Text,0.0
maybe able,Text,0.0
maybe day,Text,0.0
mazda,Text,0.0
mba,Text,0.0
mba degree,Text,0.0
mba finance,Text,0.0
mba graduate,Text,0.0
mba program,Text,0.0
mbna,Text,0.0
maybe,Text,0.0
marketing efforts,Text,0.0
marketing expenses,Text,0.0
marketing firm,Text,0.0
marketing manager,Text,0.0
marketing materials,Text,0.0
marketing plan,Text,0.0
marketing strategy,Text,0.0
marketplace,Text,0.0
massive,Text,0.0
marks,Text,0.0
marks credit,Text,0.0
marks late,Text,0.0
marriage,Text,0.0
marriage br,Text,0.0
marriage debt,Text,0.0
married april,Text,0.0
married august,Text,0.0
married bought,Text,0.0
markets,Text,0.0
market need,Text,0.0
market place,Text,0.0
market price,Text,0.0
market research,Text,0.0
market right,Text,0.0
market sale,Text,0.0
market sell,Text,0.0
market share,Text,0.0
market time,Text,0.0
marketing costs,Text,0.0
market years,Text,0.0
marketable,Text,0.0
marketing,Text,0.0
marketing advertising,Text,0.0
marketing br,Text,0.0
marketing business,Text,0.0
marketing campaign,Text,0.0
marketing campaigns,Text,0.0
marketing company,Text,0.0
market value,Text,0.0
married summer,Text,0.0
married want,Text,0.0
married wife,Text,0.0
married year,Text,0.0
married years,Text,0.0
marriott,Text,0.0
marry,Text,0.0
marrying,Text,0.0
married br,Text,0.0
martial arts,Text,0.0
martin,Text,0.0
mary,Text,0.0
maryland,Text,0.0
mas,Text,0.0
masonry,Text,0.0
mass,Text,0.0
massachusetts,Text,0.0
massage,Text,0.0
martial,Text,0.0
married child,Text,0.0
married children,Text,0.0
married couple,Text,0.0
married december,Text,0.0
married having,Text,0.0
married husband,Text,0.0
married july,Text,0.0
married june,Text,0.0
married life,Text,0.0
married start,Text,0.0
married looking,Text,0.0
married man,Text,0.0
married month,Text,0.0
married months,Text,0.0
married november,Text,0.0
married october,Text,0.0
married pay,Text,0.0
married september,Text,0.0
married soon,Text,0.0
married like,Text,0.0
times years,Text,0.0
timetable,Text,0.0
timing,Text,0.0
timing belt,Text,0.0
tiny,Text,0.0
tips,Text,0.0
tire,Text,0.0
tired credit,Text,0.0
job management,Text,0.0
tired giving,Text,0.0
tired having,Text,0.0
tired high,Text,0.0
tired living,Text,0.0
tired making,Text,0.0
tired trying,Text,0.0
tires brakes,Text,0.0
tithe,Text,0.0
title br,Text,0.0
tired debt,Text,0.0
timely monthly,Text,0.0
timely payment,Text,0.0
timely payments,Text,0.0
timely repayment,Text,0.0
times br,Text,0.0
times just,Text,0.0
times late,Text,0.0
times like,Text,0.0
times loan,Text,0.0
times year,Text,0.0
times monthly,Text,0.0
times need,Text,0.0
times paid,Text,0.0
times past,Text,0.0
times pay,Text,0.0
times paying,Text,0.0
times thank,Text,0.0
times tough,Text,0.0
times week,Text,0.0
times minimum,Text,0.0
ton money,Text,0.0
took,Text,0.0
took 10,Text,0.0
took advantage,Text,0.0
took care,Text,0.0
took chance,Text,0.0
took credit,Text,0.0
took debt,Text,0.0
title car,Text,0.0
took hit,Text,0.0
took huge,Text,0.0
took job,Text,0.0
took large,Text,0.0
took lending,Text,0.0
took loan,Text,0.0
took loans,Text,0.0
took long,Text,0.0
took lot,Text,0.0
took high,Text,0.0
title hand,Text,0.0
title loan,Text,0.0
titles,Text,0.0
tks,Text,0.0
tks br,Text,0.0
tlc,Text,0.0
today br,Text,0.0
today economy,Text,0.0
today market,Text,0.0
ton,Text,0.0
todays,Text,0.0
todays economy,Text,0.0
toilet,Text,0.0
toilets,Text,0.0
toll,Text,0.0
tolls,Text,0.0
tom,Text,0.0
tomorrow,Text,0.0
tomorrow br,Text,0.0
today need,Text,0.0
time started,Text,0.0
time starting,Text,0.0
time state,Text,0.0
time status,Text,0.0
time stay,Text,0.0
time steady,Text,0.0
time step,Text,0.0
time student,Text,0.0
timely matter,Text,0.0
time summer,Text,0.0
time support,Text,0.0
time taken,Text,0.0
time takes,Text,0.0
time taking,Text,0.0
time teacher,Text,0.0
time teaching,Text,0.0
time thank,Text,0.0
time think,Text,0.0
time successfully,Text,0.0
time salary,Text,0.0
time saving,Text,0.0
time say,Text,0.0
time school,Text,0.0
time second,Text,0.0
time secure,Text,0.0
time senior,Text,0.0
time sensitive,Text,0.0
time set,Text,0.0
time start,Text,0.0
time single,Text,0.0
time small,Text,0.0
time son,Text,0.0
time soon,Text,0.0
time sooner,Text,0.0
time span,Text,0.0
time spend,Text,0.0
time spent,Text,0.0
time staff,Text,0.0
time share,Text,0.0
time want,Text,0.0
time wanted,Text,0.0
time way,Text,0.0
time wedding,Text,0.0
time wife,Text,0.0
time wish,Text,0.0
time work,Text,0.0
time worked,Text,0.0
time worker,Text,0.0
time thought,Text,0.0
time year,Text,0.0
time years,Text,0.0
timeframe,Text,0.0
timeframe br,Text,0.0
timeline,Text,0.0
timeline br,Text,0.0
timely basis,Text,0.0
timely br,Text,0.0
timely fashion,Text,0.0
time working,Text,0.0
time tired,Text,0.0
time took,Text,0.0
time total,Text,0.0
time track,Text,0.0
time travel,Text,0.0
time truly,Text,0.0
time try,Text,0.0
time trying,Text,0.0
time unable,Text,0.0
time view,Text,0.0
time unemployed,Text,0.0
time unfortunately,Text,0.0
time upgrade,Text,0.0
time use,Text,0.0
time used,Text,0.0
time user,Text,0.0
time using,Text,0.0
time usually,Text,0.0
time ve,Text,0.0
time understand,Text,0.0
toy,Text,0.0
toyota,Text,0.0
toyota camry,Text,0.0
toyota corolla,Text,0.0
toyota prius,Text,0.0
toyota tacoma,Text,0.0
toys,Text,0.0
toâ,Text,0.0
took money,Text,0.0
track better,Text,0.0
track bills,Text,0.0
track br,Text,0.0
track credit,Text,0.0
track debt,Text,0.0
track expenses,Text,0.0
track finances,Text,0.0
track financially,Text,0.0
track job,Text,0.0
track able,Text,0.0
tough economy,Text,0.0
tough pay,Text,0.0
tough situation,Text,0.0
tough time,Text,0.0
tough times,Text,0.0
tough years,Text,0.0
tougher,Text,0.0
tour,Text,0.0
tour iraq,Text,0.0
toxic,Text,0.0
tourism,Text,0.0
tours,Text,0.0
tow,Text,0.0
town,Text,0.0
town br,Text,0.0
town house,Text,0.0
townhome,Text,0.0
townhouse,Text,0.0
towns,Text,0.0
touring,Text,0.0
tractor,Text,0.0
trade,Text,0.0
trade lines,Text,0.0
trade shows,Text,0.0
traded,Text,0.0
traded company,Text,0.0
trademark,Text,0.0
trader,Text,0.0
trades,Text,0.0
track loan,Text,0.0
traditional bank,Text,0.0
traditional banks,Text,0.0
traditional financing,Text,0.0
traditional lending,Text,0.0
traditional loan,Text,0.0
traditional mortgage,Text,0.0
traffic,Text,0.0
traffic area,Text,0.0
traffic controller,Text,0.0
traditional,Text,0.0
track make,Text,0.0
track money,Text,0.0
track monthly,Text,0.0
track pay,Text,0.0
track paying,Text,0.0
track payment,Text,0.0
track payments,Text,0.0
track progress,Text,0.0
track record,Text,0.0
traction,Text,0.0
track saving,Text,0.0
track spending,Text,0.0
track start,Text,0.0
track thank,Text,0.0
track thanks,Text,0.0
track want,Text,0.0
tracked,Text,0.0
tracker,Text,0.0
tracking,Text,0.0
track save,Text,0.0
total 11,Text,0.0
total 13,Text,0.0
total 15,Text,0.0
total 20,Text,0.0
total 400,Text,0.0
total 500,Text,0.0
total 600,Text,0.0
total 700,Text,0.0
tough economic,Text,0.0
total annual,Text,0.0
total approx,Text,0.0
total approximately,Text,0.0
total balances,Text,0.0
total bills,Text,0.0
total cards,Text,0.0
total cc,Text,0.0
total combined,Text,0.0
total cost,Text,0.0
total accounts,Text,0.0
took months,Text,0.0
took new,Text,0.0
took pay,Text,0.0
took personal,Text,0.0
took position,Text,0.0
took savings,Text,0.0
took small,Text,0.0
took time,Text,0.0
took year,Text,0.0
total 000,Text,0.0
tool,Text,0.0
tool box,Text,0.0
tools,Text,0.0
tools br,Text,0.0
tools work,Text,0.0
topay,Text,0.0
tops kitchen,Text,0.0
tore,Text,0.0
torn,Text,0.0
took years,Text,0.0
total project,Text,0.0
total revolving,Text,0.0
total savings,Text,0.0
total years,Text,0.0
totaled,Text,0.0
totaling 000,Text,0.0
totaling approximately,Text,0.0
totalled,Text,0.0
totalling,Text,0.0
total credit,Text,0.0
totally debt,Text,0.0
totally paid,Text,0.0
totally pay,Text,0.0
totals,Text,0.0
touch,Text,0.0
touched,Text,0.0
touches,Text,0.0
touching,Text,0.0
tough,Text,0.0
totally,Text,0.0
total current,Text,0.0
total debt,Text,0.0
total debts,Text,0.0
total expenses,Text,0.0
total household,Text,0.0
total income,Text,0.0
total loan,Text,0.0
total min,Text,0.0
total money,Text,0.0
total price,Text,0.0
total monthly,Text,0.0
total mortgage,Text,0.0
total outstanding,Text,0.0
total owe,Text,0.0
total paid,Text,0.0
total pay,Text,0.0
total paying,Text,0.0
total payment,Text,0.0
total payments,Text,0.0
total month,Text,0.0
time buy,Text,0.0
time buyer,Text,0.0
time car,Text,0.0
time care,Text,0.0
time career,Text,0.0
time cash,Text,0.0
time change,Text,0.0
time check,Text,0.0
time salaried,Text,0.0
time clean,Text,0.0
time close,Text,0.0
time college,Text,0.0
time come,Text,0.0
time comes,Text,0.0
time committed,Text,0.0
time company,Text,0.0
time completely,Text,0.0
time consider,Text,0.0
time checked,Text,0.0
time assistance,Text,0.0
time assure,Text,0.0
time attend,Text,0.0
time attention,Text,0.0
time automatic,Text,0.0
time away,Text,0.0
time bad,Text,0.0
time balances,Text,0.0
time bank,Text,0.0
time business,Text,0.0
time basis,Text,0.0
time believe,Text,0.0
time best,Text,0.0
time better,Text,0.0
time bills,Text,0.0
time borrower,Text,0.0
time budget,Text,0.0
time build,Text,0.0
time building,Text,0.0
time banks,Text,0.0
time don,Text,0.0
time dont,Text,0.0
time earlier,Text,0.0
time early,Text,0.0
time earn,Text,0.0
time easier,Text,0.0
time effort,Text,0.0
time eliminate,Text,0.0
time emergency,Text,0.0
time consideration,Text,0.0
time employee,Text,0.0
time employees,Text,0.0
time employer,Text,0.0
time employment,Text,0.0
time end,Text,0.0
time enjoy,Text,0.0
time essence,Text,0.0
time established,Text,0.0
time everytime,Text,0.0
time employed,Text,0.0
time considering,Text,0.0
time consistently,Text,0.0
time consuming,Text,0.0
time continue,Text,0.0
time costs,Text,0.0
time credit,Text,0.0
time current,Text,0.0
time customer,Text,0.0
time date,Text,0.0
time doing,Text,0.0
time day,Text,0.0
time debt,Text,0.0
time debts,Text,0.0
time decided,Text,0.0
time defaulted,Text,0.0
time delinquencies,Text,0.0
time delinquent,Text,0.0
time dependable,Text,0.0
time did,Text,0.0
time daughter,Text,0.0
thrilled,Text,0.0
thrive,Text,0.0
thriving,Text,0.0
throught,Text,0.0
throw,Text,0.0
throw away,Text,0.0
throwing,Text,0.0
throwing away,Text,0.0
time asking,Text,0.0
thrown,Text,0.0
thumb,Text,0.0
thursday,Text,0.0
thx,Text,0.0
thx br,Text,0.0
ticket,Text,0.0
ticket items,Text,0.0
tickets,Text,0.0
tide,Text,0.0
throwing money,Text,0.0
thought great,Text,0.0
thought having,Text,0.0
thought just,Text,0.0
thought lending,Text,0.0
thought loan,Text,0.0
thought possible,Text,0.0
thought try,Text,0.0
thought use,Text,0.0
thoughts,Text,0.0
thrift savings,Text,0.0
thousand dollars,Text,0.0
thousands,Text,0.0
thousands br,Text,0.0
thousands dollars,Text,0.0
threat,Text,0.0
threatening,Text,0.0
threshold,Text,0.0
threw,Text,0.0
thrift,Text,0.0
thousand,Text,0.0
time 40,Text,0.0
time able,Text,0.0
time absolutely,Text,0.0
time accounts,Text,0.0
time accrued,Text,0.0
time accumulated,Text,0.0
time addition,Text,0.0
time advance,Text,0.0
time afford,Text,0.0
tidy,Text,0.0
time agreed,Text,0.0
time ahead,Text,0.0
time allotted,Text,0.0
time allow,Text,0.0
time allowed,Text,0.0
time amp,Text,0.0
time applying,Text,0.0
time appreciate,Text,0.0
time ask,Text,0.0
time ago,Text,0.0
tie,Text,0.0
tie knot,Text,0.0
tier,Text,0.0
ties,Text,0.0
tight,Text,0.0
tight budget,Text,0.0
tighten,Text,0.0
tightened,Text,0.0
tighter,Text,0.0
time 30,Text,0.0
tile floor,Text,0.0
tiled,Text,0.0
tiles,Text,0.0
tiling,Text,0.0
tim,Text,0.0
time 10,Text,0.0
time 100,Text,0.0
time 18,Text,0.0
time 20,Text,0.0
til,Text,0.0
time negative,Text,0.0
time new,Text,0.0
time normally,Text,0.0
time opportunity,Text,0.0
time order,Text,0.0
time outstanding,Text,0.0
time past,Text,0.0
time payed,Text,0.0
time excellent,Text,0.0
time payment,Text,0.0
time payoff,Text,0.0
time perfect,Text,0.0
time permanent,Text,0.0
time personal,Text,0.0
time plan,Text,0.0
time planning,Text,0.0
time plus,Text,0.0
time position,Text,0.0
time payer,Text,0.0
time lower,Text,0.0
time maintain,Text,0.0
time make,Text,0.0
time makes,Text,0.0
time making,Text,0.0
time manager,Text,0.0
time maybe,Text,0.0
time medical,Text,0.0
time military,Text,0.0
time needed,Text,0.0
time miss,Text,0.0
time missed,Text,0.0
time money,Text,0.0
time month,Text,0.0
time months,Text,0.0
time mortgage,Text,0.0
time mother,Text,0.0
time moving,Text,0.0
time need,Text,0.0
time minimum,Text,0.0
time reason,Text,0.0
time receive,Text,0.0
time recent,Text,0.0
time recently,Text,0.0
time reduce,Text,0.0
time registered,Text,0.0
time reliable,Text,0.0
time rent,Text,0.0
time repay,Text,0.0
time possible,Text,0.0
time requesting,Text,0.0
time required,Text,0.0
time responsible,Text,0.0
time rest,Text,0.0
time review,Text,0.0
time reviewing,Text,0.0
time right,Text,0.0
time rn,Text,0.0
time running,Text,0.0
time repayment,Text,0.0
time present,Text,0.0
time pride,Text,0.0
time prior,Text,0.0
time priority,Text,0.0
time problem,Text,0.0
time problems,Text,0.0
time process,Text,0.0
time professional,Text,0.0
time promoted,Text,0.0
time really,Text,0.0
time purchased,Text,0.0
time questions,Text,0.0
time quot,Text,0.0
time rate,Text,0.0
time rates,Text,0.0
time read,Text,0.0
time reading,Text,0.0
time ready,Text,0.0
time real,Text,0.0
time purchase,Text,0.0
time girlfriend,Text,0.0
time goal,Text,0.0
time goes,Text,0.0
time going,Text,0.0
time government,Text,0.0
time graduate,Text,0.0
time great,Text,0.0
time greatly,Text,0.0
time low,Text,0.0
time happy,Text,0.0
time hard,Text,0.0
time haven,Text,0.0
time having,Text,0.0
time help,Text,0.0
time helping,Text,0.0
time high,Text,0.0
time history,Text,0.0
time home,Text,0.0
time half,Text,0.0
time expect,Text,0.0
time expenses,Text,0.0
time experience,Text,0.0
time extra,Text,0.0
time extremely,Text,0.0
time fact,Text,0.0
time fail,Text,0.0
time family,Text,0.0
time federal,Text,0.0
time future,Text,0.0
time financial,Text,0.0
time financially,Text,0.0
time finish,Text,0.0
time firefighter,Text,0.0
time frame,Text,0.0
time free,Text,0.0
time fully,Text,0.0
time funding,Text,0.0
time funds,Text,0.0
time finally,Text,0.0
time laid,Text,0.0
time larger,Text,0.0
time late,Text,0.0
time lates,Text,0.0
time left,Text,0.0
time lending,Text,0.0
time lendingclub,Text,0.0
time let,Text,0.0
time life,Text,0.0
time homebuyer,Text,0.0
time line,Text,0.0
time live,Text,0.0
time ll,Text,0.0
time local,Text,0.0
time long,Text,0.0
time look,Text,0.0
time looking,Text,0.0
time lost,Text,0.0
time love,Text,0.0
time limit,Text,0.0
time homeowner,Text,0.0
time hopefully,Text,0.0
time hoping,Text,0.0
time hours,Text,0.0
time husband,Text,0.0
time im,Text,0.0
time important,Text,0.0
time improve,Text,0.0
time including,Text,0.0
time know,Text,0.0
time instead,Text,0.0
time intend,Text,0.0
time invest,Text,0.0
time investment,Text,0.0
time issue,Text,0.0
time ive,Text,0.0
time jobs,Text,0.0
time just,Text,0.0
time keeping,Text,0.0
time income,Text,0.0
unemployed br,Text,0.0
unemployed job,Text,0.0
unemployed months,Text,0.0
unemployed pay,Text,0.0
unemployed year,Text,0.0
unemployed years,Text,0.0
unemployment br,Text,0.0
unemployment years,Text,0.0
tragedy,Text,0.0
unexpected cost,Text,0.0
unexpected costs,Text,0.0
unexpected dental,Text,0.0
unexpected emergencies,Text,0.0
unexpected emergency,Text,0.0
unexpected events,Text,0.0
unexpected expense,Text,0.0
unexpected expenses,Text,0.0
unexpected family,Text,0.0
unexpected car,Text,0.0
underground,Text,0.0
underneath,Text,0.0
underneath credit,Text,0.0
understand,Text,0.0
understand br,Text,0.0
understand credit,Text,0.0
understand good,Text,0.0
understand importance,Text,0.0
understand need,Text,0.0
unemployed,Text,0.0
understanding,Text,0.0
understanding br,Text,0.0
understands,Text,0.0
understood,Text,0.0
undertake,Text,0.0
underwater,Text,0.0
underway,Text,0.0
underwriter,Text,0.0
underwriting,Text,0.0
understand value,Text,0.0
unforseen expenses,Text,0.0
unforseen medical,Text,0.0
unfortunate circumstances,Text,0.0
unfortunately credit,Text,0.0
unfortunately debt,Text,0.0
unfortunately don,Text,0.0
unfortunately high,Text,0.0
unfortunately rates,Text,0.0
unexpected financial,Text,0.0
unfortunately time,Text,0.0
unfortunately unable,Text,0.0
unfortunately use,Text,0.0
unfortunately used,Text,0.0
unfortunatley,Text,0.0
unhappy,Text,0.0
unified,Text,0.0
uniform,Text,0.0
uniforms,Text,0.0
unfortunately rely,Text,0.0
unexpected home,Text,0.0
unexpected hospital,Text,0.0
unexpected large,Text,0.0
unexpected legal,Text,0.0
unexpected life,Text,0.0
unexpected major,Text,0.0
unexpected personal,Text,0.0
unexpected repairs,Text,0.0
unexpected tax,Text,0.0
unforseen circumstances,Text,0.0
unexpectedly,Text,0.0
unfair,Text,0.0
unfairly,Text,0.0
unfinished,Text,0.0
unfinished basement,Text,0.0
unforeseen,Text,0.0
unforeseen circumstances,Text,0.0
unforeseen expenses,Text,0.0
unforeseen medical,Text,0.0
unexpected vehicle,Text,0.0
type payment,Text,0.0
type person,Text,0.0
type service,Text,0.0
type work,Text,0.0
typed,Text,0.0
types,Text,0.0
types credit,Text,0.0
types loans,Text,0.0
undergraduate student,Text,0.0
typing,Text,0.0
typo,Text,0.0
typo br,Text,0.0
typos,Text,0.0
uc,Text,0.0
uc berkeley,Text,0.0
ucla,Text,0.0
ugly,Text,0.0
uk,Text,0.0
typical,Text,0.0
twenties,Text,0.0
twice,Text,0.0
twice br,Text,0.0
twice minimum,Text,0.0
twice month,Text,0.0
twice months,Text,0.0
twice year,Text,0.0
twice years,Text,0.0
twin,Text,0.0
type loan,Text,0.0
tx,Text,0.0
ty,Text,0.0
ty br,Text,0.0
type,Text,0.0
type br,Text,0.0
type credit,Text,0.0
type debt,Text,0.0
type financial,Text,0.0
type lending,Text,0.0
twins,Text,0.0
unbelievable,Text,0.0
unblemished,Text,0.0
uncertain,Text,0.0
uncertain economy,Text,0.0
uncertainty,Text,0.0
uncle,Text,0.0
uncle sam,Text,0.0
uncomfortable,Text,0.0
uncovered,Text,0.0
ultimately,Text,0.0
undergo,Text,0.0
undergoing,Text,0.0
undergone,Text,0.0
undergrad,Text,0.0
undergrad degree,Text,0.0
undergraduate,Text,0.0
undergraduate degree,Text,0.0
undergraduate education,Text,0.0
undergraduate graduate,Text,0.0
underemployed,Text,0.0
ultimately debt,Text,0.0
ultimately pay,Text,0.0
ultimately want,Text,0.0
ultra,Text,0.0
umbrella,Text,0.0
unable,Text,0.0
unable cover,Text,0.0
unable job,Text,0.0
unable make,Text,0.0
unaware,Text,0.0
unable refinance,Text,0.0
unable save,Text,0.0
unable secure,Text,0.0
unable sell,Text,0.0
unable work,Text,0.0
unacceptable,Text,0.0
unanticipated,Text,0.0
unavailable,Text,0.0
unavoidable,Text,0.0
unable pay,Text,0.0
upgrades br,Text,0.0
upgrades home,Text,0.0
upgrades house,Text,0.0
upgrades rental,Text,0.0
upgrading kitchen,Text,0.0
uphill,Text,0.0
uphold,Text,0.0
upkeep,Text,0.0
uninsured,Text,0.0
upper,Text,0.0
upper 700,Text,0.0
upper management,Text,0.0
ups,Text,0.0
ups downs,Text,0.0
upscale,Text,0.0
upset,Text,0.0
upside,Text,0.0
upstairs,Text,0.0
upped,Text,0.0
update just,Text,0.0
update kitchen,Text,0.0
update monthly,Text,0.0
updated,Text,0.0
updates br,Text,0.0
updates home,Text,0.0
updating bathroom,Text,0.0
updating home,Text,0.0
updating kitchen,Text,0.0
upgrades,Text,0.0
upfront cash,Text,0.0
upfront costs,Text,0.0
upgrade bathroom,Text,0.0
upgrade br,Text,0.0
upgrade equipment,Text,0.0
upgrade house,Text,0.0
upgrade kitchen,Text,0.0
upgrade new,Text,0.0
upgraded,Text,0.0
upfront,Text,0.0
use 000,Text,0.0
use 100,Text,0.0
use 401k,Text,0.0
use additional,Text,0.0
use anymore,Text,0.0
use approximately,Text,0.0
use available,Text,0.0
use balance,Text,0.0
use br,Text,0.0
upstanding,Text,0.0
use buy,Text,0.0
use car,Text,0.0
use card,Text,0.0
use cards,Text,0.0
use cash,Text,0.0
use cc,Text,0.0
use collateral,Text,0.0
use college,Text,0.0
use company,Text,0.0
use business,Text,0.0
upstate,Text,0.0
upstate ny,Text,0.0
upswing,Text,0.0
upto,Text,0.0
upward,Text,0.0
upwards,Text,0.0
urban,Text,0.0
urge,Text,0.0
urgency,Text,0.0
usda,Text,0.0
urgent need,Text,0.0
usa,Text,0.0
usa br,Text,0.0
usaa,Text,0.0
usaa credit,Text,0.0
usable,Text,0.0
usaf,Text,0.0
usbank,Text,0.0
usd,Text,0.0
urgent,Text,0.0
units br,Text,0.0
univ,Text,0.0
universal,Text,0.0
universal card,Text,0.0
universities,Text,0.0
university california,Text,0.0
university degree,Text,0.0
university job,Text,0.0
update house,Text,0.0
university need,Text,0.0
university pittsburgh,Text,0.0
university student,Text,0.0
university texas,Text,0.0
university work,Text,0.0
university years,Text,0.0
unknown,Text,0.0
unless,Text,0.0
unless emergency,Text,0.0
university michigan,Text,0.0
union 000,Text,0.0
union br,Text,0.0
union credit,Text,0.0
union job,Text,0.0
union loan,Text,0.0
union member,Text,0.0
union visa,Text,0.0
unionized,Text,0.0
unique,Text,0.0
units,Text,0.0
unique situation,Text,0.0
unit apartment,Text,0.0
unit br,Text,0.0
unit home,Text,0.0
unit new,Text,0.0
unit rental,Text,0.0
unit went,Text,0.0
united,Text,0.0
united states,Text,0.0
unique opportunity,Text,0.0
unstable,Text,0.0
unsuccessful,Text,0.0
unsure,Text,0.0
untill,Text,0.0
untouched,Text,0.0
unused,Text,0.0
unwanted,Text,0.0
unwanted debt,Text,0.0
unwilling,Text,0.0
unlike,Text,0.0
unwise,Text,0.0
unwisely,Text,0.0
upcoming,Text,0.0
upcoming expenses,Text,0.0
upcoming medical,Text,0.0
upcoming wedding,Text,0.0
upcoming winter,Text,0.0
update br,Text,0.0
update home,Text,0.0
unwilling work,Text,0.0
unlikely,Text,0.0
unlikely event,Text,0.0
unlimited,Text,0.0
unmanageable,Text,0.0
unpaid,Text,0.0
unplanned,Text,0.0
unplanned expenses,Text,0.0
unreasonable,Text,0.0
unreasonably,Text,0.0
unseen,Text,0.0
unsafe,Text,0.0
unsecure,Text,0.0
unsecured,Text,0.0
unsecured credit,Text,0.0
unsecured debt,Text,0.0
unsecured debts,Text,0.0
unsecured loan,Text,0.0
unsecured loans,Text,0.0
unsecured personal,Text,0.0
unreasonably high,Text,0.0
tried negotiate,Text,0.0
tried pay,Text,0.0
tried work,Text,0.0
tries,Text,0.0
trike,Text,0.0
trim,Text,0.0
tring,Text,0.0
trip,Text,0.0
tv internet,Text,0.0
trip europe,Text,0.0
triple,Text,0.0
tripled,Text,0.0
tripling,Text,0.0
trips,Text,0.0
trips br,Text,0.0
triumph,Text,0.0
trouble,Text,0.0
trouble br,Text,0.0
trip br,Text,0.0
treat,Text,0.0
treated,Text,0.0
treating,Text,0.0
treatment,Text,0.0
treatment br,Text,0.0
treatments,Text,0.0
treats,Text,0.0
tree,Text,0.0
tree br,Text,0.0
triathlon,Text,0.0
tree removal,Text,0.0
trees,Text,0.0
tremendous,Text,0.0
tremendous growth,Text,0.0
tremendous help,Text,0.0
tremendously,Text,0.0
tremendously br,Text,0.0
trends,Text,0.0
trial,Text,0.0
tree loan,Text,0.0
truck trailer,Text,0.0
truck truck,Text,0.0
truck use,Text,0.0
truck work,Text,0.0
trucking,Text,0.0
trucking business,Text,0.0
trucking company,Text,0.0
trucking industry,Text,0.0
trucks,Text,0.0
trouble credit,Text,0.0
true thanks,Text,0.0
truely,Text,0.0
truly appreciated,Text,0.0
truly believe,Text,0.0
truly debt,Text,0.0
truly grateful,Text,0.0
truly help,Text,0.0
truly want,Text,0.0
trust,Text,0.0
true thank,Text,0.0
trouble getting,Text,0.0
trouble making,Text,0.0
trouble paying,Text,0.0
trouble repaying,Text,0.0
troubled,Text,0.0
troubles,Text,0.0
troubles paying,Text,0.0
truck br,Text,0.0
truck business,Text,0.0
truck purchase,Text,0.0
truck credit,Text,0.0
truck driver,Text,0.0
truck gets,Text,0.0
truck good,Text,0.0
truck lease,Text,0.0
truck loan,Text,0.0
truck need,Text,0.0
truck paid,Text,0.0
truck payment,Text,0.0
truck car,Text,0.0
transfer game,Text,0.0
transfer high,Text,0.0
transfer offer,Text,0.0
transfer offers,Text,0.0
transfer rate,Text,0.0
transferable,Text,0.0
transfered,Text,0.0
transfering,Text,0.0
treasury,Text,0.0
transferring,Text,0.0
transferring balances,Text,0.0
transfers,Text,0.0
transform,Text,0.0
transit,Text,0.0
transition,Text,0.0
transition br,Text,0.0
transition new,Text,0.0
transitional,Text,0.0
transferred,Text,0.0
trailer,Text,0.0
trailer br,Text,0.0
trailers,Text,0.0
trailor,Text,0.0
train,Text,0.0
trained,Text,0.0
trainer,Text,0.0
training,Text,0.0
training br,Text,0.0
transfer debt,Text,0.0
trans,Text,0.0
trans union,Text,0.0
transaction,Text,0.0
transaction br,Text,0.0
transactions,Text,0.0
transcript,Text,0.0
transfer balances,Text,0.0
transfer br,Text,0.0
transfer credit,Text,0.0
training new,Text,0.0
transunion score,Text,0.0
trap,Text,0.0
trapped,Text,0.0
trash,Text,0.0
travel br,Text,0.0
travel costs,Text,0.0
travel expenses,Text,0.0
travel loan,Text,0.0
travel lodging,Text,0.0
transitioned,Text,0.0
traveled,Text,0.0
traveling,Text,0.0
traveling br,Text,0.0
traveling expenses,Text,0.0
travelling,Text,0.0
travels,Text,0.0
treading,Text,0.0
treading water,Text,0.0
treadmill,Text,0.0
travel trailer,Text,0.0
transitioning,Text,0.0
transmission,Text,0.0
transmission car,Text,0.0
transmission went,Text,0.0
transparent,Text,0.0
transplant,Text,0.0
transport,Text,0.0
transportation,Text,0.0
transportation 100,Text,0.0
transunion credit,Text,0.0
transportation br,Text,0.0
transportation company,Text,0.0
transportation costs,Text,0.0
transportation industry,Text,0.0
transportation school,Text,0.0
transportation utilities,Text,0.0
transportation work,Text,0.0
transporting,Text,0.0
transunion,Text,0.0
transportation 80,Text,0.0
trying simplify,Text,0.0
trying start,Text,0.0
trying survive,Text,0.0
trying things,Text,0.0
trying time,Text,0.0
trying track,Text,0.0
trying turn,Text,0.0
trying way,Text,0.0
trust br,Text,0.0
trying year,Text,0.0
trying years,Text,0.0
ts,Text,0.0
tsp,Text,0.0
tsp loan,Text,0.0
tu,Text,0.0
tub,Text,0.0
tub br,Text,0.0
tub purchase,Text,0.0
trying work,Text,0.0
trying open,Text,0.0
trying paid,Text,0.0
trying payment,Text,0.0
trying payoff,Text,0.0
trying plan,Text,0.0
trying purchase,Text,0.0
trying raise,Text,0.0
trying rebuild,Text,0.0
trying recover,Text,0.0
trying sell,Text,0.0
trying refinance,Text,0.0
trying repair,Text,0.0
trying repay,Text,0.0
trying replace,Text,0.0
trying responsible,Text,0.0
trying right,Text,0.0
trying save,Text,0.0
trying school,Text,0.0
trying secure,Text,0.0
trying reduce,Text,0.0
turn key,Text,0.0
turn life,Text,0.0
turn pay,Text,0.0
turn save,Text,0.0
turn things,Text,0.0
turned,Text,0.0
turned credit,Text,0.0
turned lending,Text,0.0
turning,Text,0.0
tub spa,Text,0.0
turning point,Text,0.0
turnkey,Text,0.0
turns,Text,0.0
tution,Text,0.0
tutor,Text,0.0
tutoring,Text,0.0
tutoring business,Text,0.0
tv,Text,0.0
tv br,Text,0.0
turning lending,Text,0.0
tucson,Text,0.0
tuesday,Text,0.0
tuition books,Text,0.0
tuition br,Text,0.0
tuition college,Text,0.0
tuition credit,Text,0.0
tuition expenses,Text,0.0
tuition fees,Text,0.0
tuition paid,Text,0.0
turn help,Text,0.0
tuition school,Text,0.0
tuition year,Text,0.0
tune,Text,0.0
tunnel br,Text,0.0
tunnel quot,Text,0.0
turn,Text,0.0
turn allow,Text,0.0
turn credit,Text,0.0
turn financial,Text,0.0
tuition payments,Text,0.0
try live,Text,0.0
try loan,Text,0.0
try lower,Text,0.0
try make,Text,0.0
try new,Text,0.0
try paid,Text,0.0
try save,Text,0.0
try sell,Text,0.0
trying obtain,Text,0.0
try stay,Text,0.0
try use,Text,0.0
tryin,Text,0.0
trying ahead,Text,0.0
trying avoid,Text,0.0
trying baby,Text,0.0
trying best,Text,0.0
trying better,Text,0.0
trying bills,Text,0.0
try site,Text,0.0
trust fund,Text,0.0
trust funding,Text,0.0
trust make,Text,0.0
trust thank,Text,0.0
trust worthy,Text,0.0
trusted,Text,0.0
trusting,Text,0.0
trustworthy,Text,0.0
trustworthy borrower,Text,0.0
try lending,Text,0.0
trustworthy person,Text,0.0
try ahead,Text,0.0
try answer,Text,0.0
try best,Text,0.0
try better,Text,0.0
try consolidate,Text,0.0
try credit,Text,0.0
try debt,Text,0.0
try help,Text,0.0
trustworthy dependable,Text,0.0
trying finances,Text,0.0
trying finish,Text,0.0
trying fix,Text,0.0
trying free,Text,0.0
trying fund,Text,0.0
trying good,Text,0.0
trying handle,Text,0.0
trying help,Text,0.0
trying high,Text,0.0
trying borrow,Text,0.0
trying improve,Text,0.0
trying lending,Text,0.0
trying life,Text,0.0
trying little,Text,0.0
trying live,Text,0.0
trying loan,Text,0.0
trying money,Text,0.0
trying monthly,Text,0.0
trying new,Text,0.0
trying home,Text,0.0
trying br,Text,0.0
trying build,Text,0.0
trying buy,Text,0.0
trying car,Text,0.0
trying care,Text,0.0
trying catch,Text,0.0
trying caught,Text,0.0
trying clean,Text,0.0
trying clear,Text,0.0
trying feet,Text,0.0
trying combine,Text,0.0
trying consolodate,Text,0.0
trying credit,Text,0.0
trying cut,Text,0.0
trying debt,Text,0.0
trying debts,Text,0.0
trying dig,Text,0.0
trying eliminate,Text,0.0
trying family,Text,0.0
trying close,Text,0.0
strong desire,Text,0.0
strong employment,Text,0.0
strong financial,Text,0.0
strong growing,Text,0.0
strong history,Text,0.0
strong income,Text,0.0
strong job,Text,0.0
strong payment,Text,0.0
thought good,Text,0.0
strong work,Text,0.0
stronger,Text,0.0
stronger credit,Text,0.0
stronger financial,Text,0.0
strongly,Text,0.0
strongly believe,Text,0.0
struck,Text,0.0
structural,Text,0.0
structural engineer,Text,0.0
strong stable,Text,0.0
strict,Text,0.0
strict budget,Text,0.0
strict monthly,Text,0.0
strictly,Text,0.0
strictly debt,Text,0.0
strictly pay,Text,0.0
strictly used,Text,0.0
strides,Text,0.0
strike,Text,0.0
strong credit,Text,0.0
strip,Text,0.0
strive,Text,0.0
strive pay,Text,0.0
strived,Text,0.0
striving,Text,0.0
stroke,Text,0.0
strong br,Text,0.0
strong cash,Text,0.0
strong company,Text,0.0
string,Text,0.0
student expenses,Text,0.0
student looking,Text,0.0
student need,Text,0.0
student studying,Text,0.0
student time,Text,0.0
student trying,Text,0.0
student university,Text,0.0
student work,Text,0.0
structure,Text,0.0
student works,Text,0.0
student years,Text,0.0
students,Text,0.0
students br,Text,0.0
students loans,Text,0.0
studied,Text,0.0
studies,Text,0.0
studio,Text,0.0
studio apartment,Text,0.0
student working,Text,0.0
structure br,Text,0.0
structured,Text,0.0
structured loan,Text,0.0
structured payment,Text,0.0
structured payments,Text,0.0
structured plan,Text,0.0
struggle,Text,0.0
struggled,Text,0.0
struggles,Text,0.0
student credit,Text,0.0
struggling credit,Text,0.0
struggling make,Text,0.0
struggling pay,Text,0.0
struts,Text,0.0
stub,Text,0.0
stubs,Text,0.0
stucco,Text,0.0
stuck high,Text,0.0
student br,Text,0.0
struggling,Text,0.0
store manager,Text,0.0
store years,Text,0.0
stored,Text,0.0
storefront,Text,0.0
stores,Text,0.0
stores br,Text,0.0
stories,Text,0.0
storm br,Text,0.0
stretching,Text,0.0
storm sandy,Text,0.0
story loan,Text,0.0
story short,Text,0.0
stove,Text,0.0
straight,Text,0.0
straight forward,Text,0.0
straighten,Text,0.0
straightforward,Text,0.0
strain,Text,0.0
storm damage,Text,0.0
stone,Text,0.0
stop,Text,0.0
stop doing,Text,0.0
stop giving,Text,0.0
stop living,Text,0.0
stop paying,Text,0.0
stop shop,Text,0.0
stop using,Text,0.0
stop wasting,Text,0.0
store located,Text,0.0
stopped using,Text,0.0
stopping,Text,0.0
storage,Text,0.0
storage br,Text,0.0
storage building,Text,0.0
storage unit,Text,0.0
store br,Text,0.0
store card,Text,0.0
store just,Text,0.0
stopped,Text,0.0
strength,Text,0.0
strengthen,Text,0.0
strengthen credit,Text,0.0
stress able,Text,0.0
stress br,Text,0.0
stress debt,Text,0.0
stress free,Text,0.0
stress having,Text,0.0
stress life,Text,0.0
strain finances,Text,0.0
stress relief,Text,0.0
stress thank,Text,0.0
stressed,Text,0.0
stresses,Text,0.0
stressful,Text,0.0
stressful br,Text,0.0
stressing,Text,0.0
stretch,Text,0.0
stretched,Text,0.0
stress paying,Text,0.0
strange,Text,0.0
stranger,Text,0.0
strapped,Text,0.0
strategic,Text,0.0
strategically,Text,0.0
strategies,Text,0.0
strategy,Text,0.0
stream,Text,0.0
stream income,Text,0.0
streets,Text,0.0
streamline,Text,0.0
streamline debt,Text,0.0
streamline finances,Text,0.0
streamline monthly,Text,0.0
streamline payments,Text,0.0
streamlined,Text,0.0
streams,Text,0.0
street,Text,0.0
street br,Text,0.0
stream line,Text,0.0
sum payment,Text,0.0
summary br,Text,0.0
summer,Text,0.0
summer 2011,Text,0.0
summer br,Text,0.0
summer camp,Text,0.0
summer help,Text,0.0
summer like,Text,0.0
studio br,Text,0.0
summer months,Text,0.0
summer school,Text,0.0
summer time,Text,0.0
summer vacation,Text,0.0
summers,Text,0.0
sump,Text,0.0
sump pump,Text,0.0
sums,Text,0.0
sun,Text,0.0
summer loan,Text,0.0
sufficient income,Text,0.0
sufficient pay,Text,0.0
suggest,Text,0.0
suggested,Text,0.0
suggestions,Text,0.0
suggests,Text,0.0
suit,Text,0.0
suitable,Text,0.0
suite,Text,0.0
sum pay,Text,0.0
suits,Text,0.0
sum,Text,0.0
sum br,Text,0.0
sum cash,Text,0.0
sum credit,Text,0.0
sum loan,Text,0.0
sum money,Text,0.0
sum month,Text,0.0
sum monthly,Text,0.0
suited,Text,0.0
supplies equipment,Text,0.0
supply,Text,0.0
supply chain,Text,0.0
supply store,Text,0.0
supplying,Text,0.0
support appreciated,Text,0.0
support br,Text,0.0
support business,Text,0.0
support family,Text,0.0
sunday,Text,0.0
support funding,Text,0.0
support greatly,Text,0.0
support help,Text,0.0
support helping,Text,0.0
support lendingclub,Text,0.0
support loan,Text,0.0
support marketing,Text,0.0
support monthly,Text,0.0
support new,Text,0.0
support far,Text,0.0
sunny,Text,0.0
sunroom,Text,0.0
super high,Text,0.0
superb,Text,0.0
superintendent,Text,0.0
superior,Text,0.0
supervisor,Text,0.0
supervisors,Text,0.0
supervisory,Text,0.0
supplies br,Text,0.0
supplement,Text,0.0
supplement cash,Text,0.0
supplement income,Text,0.0
supplemental,Text,0.0
supplemental income,Text,0.0
supplements,Text,0.0
supplied,Text,0.0
supplier,Text,0.0
suppliers,Text,0.0
supervisory position,Text,0.0
submit,Text,0.0
submit questions,Text,0.0
submitted,Text,0.0
submitted br,Text,0.0
submitting,Text,0.0
subscribe,Text,0.0
subscription,Text,0.0
subscriptions,Text,0.0
sufficient credit,Text,0.0
subsequently,Text,0.0
subsidiary,Text,0.0
subsidized,Text,0.0
substantial credit,Text,0.0
substantial debt,Text,0.0
substantial payment,Text,0.0
substantial raise,Text,0.0
substantial savings,Text,0.0
substantially higher,Text,0.0
subsequent,Text,0.0
studio space,Text,0.0
studios,Text,0.0
study,Text,0.0
study abroad,Text,0.0
studying,Text,0.0
studying abroad,Text,0.0
stuff,Text,0.0
stuff br,Text,0.0
stuff like,Text,0.0
submission,Text,0.0
stupid,Text,0.0
stupid credit,Text,0.0
stupidly,Text,0.0
style,Text,0.0
stylist,Text,0.0
stylists,Text,0.0
sub,Text,0.0
subaru,Text,0.0
subject,Text,0.0
stumbled,Text,0.0
successful year,Text,0.0
successful years,Text,0.0
successfully br,Text,0.0
successfully completed,Text,0.0
successfully paid,Text,0.0
successfully pay,Text,0.0
successfully paying,Text,0.0
sucessful,Text,0.0
sucessfully,Text,0.0
substantially lower,Text,0.0
sucked,Text,0.0
sudden,Text,0.0
suddenly,Text,0.0
suffer,Text,0.0
suffered,Text,0.0
suffering,Text,0.0
sufficient,Text,0.0
sufficient cash,Text,0.0
sufficient cover,Text,0.0
sucessfully paid,Text,0.0
substantially minimum,Text,0.0
substitute,Text,0.0
substitute teacher,Text,0.0
suburban,Text,0.0
succeed,Text,0.0
succeed br,Text,0.0
succesful,Text,0.0
succesfully,Text,0.0
success,Text,0.0
successful small,Text,0.0
success business,Text,0.0
successful br,Text,0.0
successful business,Text,0.0
successful company,Text,0.0
successful far,Text,0.0
successful financial,Text,0.0
successful loan,Text,0.0
successful past,Text,0.0
successful restaurant,Text,0.0
success br,Text,0.0
start lives,Text,0.0
start loan,Text,0.0
start looking,Text,0.0
start make,Text,0.0
start making,Text,0.0
start marketing,Text,0.0
start marriage,Text,0.0
start money,Text,0.0
stolen,Text,0.0
start need,Text,0.0
start path,Text,0.0
start pay,Text,0.0
start paying,Text,0.0
start plan,Text,0.0
start planning,Text,0.0
start process,Text,0.0
start project,Text,0.0
start putting,Text,0.0
start moving,Text,0.0
start credit,Text,0.0
start date,Text,0.0
start debt,Text,0.0
start emergency,Text,0.0
start expenses,Text,0.0
start family,Text,0.0
start fees,Text,0.0
start financial,Text,0.0
start financially,Text,0.0
start like,Text,0.0
start funds,Text,0.0
start future,Text,0.0
start getting,Text,0.0
start good,Text,0.0
start help,Text,0.0
start home,Text,0.0
start job,Text,0.0
start lending,Text,0.0
start life,Text,0.0
start fresh,Text,0.0
started college,Text,0.0
started company,Text,0.0
started credit,Text,0.0
started funding,Text,0.0
started getting,Text,0.0
started home,Text,0.0
started job,Text,0.0
started leaking,Text,0.0
started like,Text,0.0
start quot,Text,0.0
started months,Text,0.0
started new,Text,0.0
started paying,Text,0.0
started right,Text,0.0
started small,Text,0.0
started time,Text,0.0
started using,Text,0.0
started work,Text,0.0
started year,Text,0.0
started looking,Text,0.0
start real,Text,0.0
start right,Text,0.0
start save,Text,0.0
start savings,Text,0.0
start saying,Text,0.0
start school,Text,0.0
start selling,Text,0.0
start small,Text,0.0
start taking,Text,0.0
started career,Text,0.0
start thanks,Text,0.0
start thinking,Text,0.0
start trucking,Text,0.0
start using,Text,0.0
start work,Text,0.0
start working,Text,0.0
start year,Text,0.0
started br,Text,0.0
started building,Text,0.0
start thank,Text,0.0
stack,Text,0.0
staff,Text,0.0
staff accountant,Text,0.0
staff br,Text,0.0
staff member,Text,0.0
staff sergeant,Text,0.0
staffed,Text,0.0
staffing,Text,0.0
start costs,Text,0.0
stage life,Text,0.0
stages,Text,0.0
stagnant,Text,0.0
stainless,Text,0.0
stainless steel,Text,0.0
stairs,Text,0.0
stake,Text,0.0
stand,Text,0.0
stand word,Text,0.0
stage,Text,0.0
stable salaried,Text,0.0
stable salary,Text,0.0
stable secure,Text,0.0
stable senior,Text,0.0
stable solid,Text,0.0
stable source,Text,0.0
stable steady,Text,0.0
stable thank,Text,0.0
stable thanks,Text,0.0
stably employed,Text,0.0
stable ve,Text,0.0
stable want,Text,0.0
stable wife,Text,0.0
stable work,Text,0.0
stable worked,Text,0.0
stable working,Text,0.0
stable year,Text,0.0
stable years,Text,0.0
stably,Text,0.0
stable union,Text,0.0
standpoint,Text,0.0
stands,Text,0.0
stanford,Text,0.0
stanford university,Text,0.0
star,Text,0.0
star card,Text,0.0
start 2012,Text,0.0
start 2013,Text,0.0
start able,Text,0.0
standard,Text,0.0
start br,Text,0.0
start building,Text,0.0
start capital,Text,0.0
start career,Text,0.0
start clean,Text,0.0
start coming,Text,0.0
start company,Text,0.0
start consolidate,Text,0.0
start cost,Text,0.0
start anew,Text,0.0
standard monthly,Text,0.0
standards,Text,0.0
standards br,Text,0.0
standing company,Text,0.0
standing credit,Text,0.0
standing creditors,Text,0.0
standing debt,Text,0.0
standing good,Text,0.0
standing just,Text,0.0
standings,Text,0.0
standing lending,Text,0.0
standing like,Text,0.0
standing loan,Text,0.0
standing missed,Text,0.0
standing monthly,Text,0.0
standing paid,Text,0.0
standing pay,Text,0.0
standing paying,Text,0.0
standing thank,Text,0.0
standing late,Text,0.0
steady monthly,Text,0.0
steady pay,Text,0.0
steady paycheck,Text,0.0
steady paying,Text,0.0
steady payment,Text,0.0
steady payments,Text,0.0
steady position,Text,0.0
steady reliable,Text,0.0
started years,Text,0.0
steady secure,Text,0.0
steady stable,Text,0.0
steady stream,Text,0.0
steady time,Text,0.0
steady work,Text,0.0
steakhouse,Text,0.0
stealing,Text,0.0
steam,Text,0.0
steel,Text,0.0
steady salary,Text,0.0
stayed,Text,0.0
stayed current,Text,0.0
staying,Text,0.0
staying current,Text,0.0
stays,Text,0.0
stays home,Text,0.0
stead,Text,0.0
steadily growing,Text,0.0
steadily increasing,Text,0.0
steady jobs,Text,0.0
steadily years,Text,0.0
steady,Text,0.0
steady br,Text,0.0
steady career,Text,0.0
steady employment,Text,0.0
steady good,Text,0.0
steady growth,Text,0.0
steady income,Text,0.0
steady job,Text,0.0
steadily paying,Text,0.0
stepping,Text,0.0
sterling,Text,0.0
steve,Text,0.0
steward,Text,0.0
stick,Text,0.0
stick budget,Text,0.0
stick monthly,Text,0.0
sticking,Text,0.0
stimulus,Text,0.0
steep,Text,0.0
stint,Text,0.0
stipend,Text,0.0
stock,Text,0.0
stock market,Text,0.0
stock options,Text,0.0
stock price,Text,0.0
stock purchase,Text,0.0
stocks,Text,0.0
stocks bonds,Text,0.0
stingray,Text,0.0
stellar,Text,0.0
stellar credit,Text,0.0
stemmed,Text,0.0
stemming,Text,0.0
stems,Text,0.0
step,Text,0.0
step br,Text,0.0
step career,Text,0.0
step closer,Text,0.0
step right,Text,0.0
step debt,Text,0.0
step financial,Text,0.0
step forward,Text,0.0
step getting,Text,0.0
step goal,Text,0.0
step help,Text,0.0
step life,Text,0.0
step plan,Text,0.0
step process,Text,0.0
step daughter,Text,0.0
startup,Text,0.0
startup business,Text,0.0
startup company,Text,0.0
startup costs,Text,0.0
state agency,Text,0.0
state br,Text,0.0
state california,Text,0.0
state economy,Text,0.0
stay years,Text,0.0
state farm,Text,0.0
state federal,Text,0.0
state florida,Text,0.0
state government,Text,0.0
state income,Text,0.0
state job,Text,0.0
state loan,Text,0.0
state new,Text,0.0
state retirement,Text,0.0
state employee,Text,0.0
starter,Text,0.0
starting august,Text,0.0
starting br,Text,0.0
starting business,Text,0.0
starting career,Text,0.0
starting college,Text,0.0
starting fall,Text,0.0
starting family,Text,0.0
starting january,Text,0.0
starts,Text,0.0
starting life,Text,0.0
starting make,Text,0.0
starting month,Text,0.0
starting new,Text,0.0
starting online,Text,0.0
starting point,Text,0.0
starting second,Text,0.0
starting small,Text,0.0
starting time,Text,0.0
starting job,Text,0.0
stations,Text,0.0
status loan,Text,0.0
status stable,Text,0.0
stay,Text,0.0
stay afloat,Text,0.0
stay ahead,Text,0.0
stay away,Text,0.0
stay br,Text,0.0
stay budget,Text,0.0
state tax,Text,0.0
stay current,Text,0.0
stay debt,Text,0.0
stay home,Text,0.0
stay house,Text,0.0
stay long,Text,0.0
stay monthly,Text,0.0
stay track,Text,0.0
stay water,Text,0.0
stay way,Text,0.0
stay company,Text,0.0
state taxes,Text,0.0
state texas,Text,0.0
state university,Text,0.0
state worker,Text,0.0
state years,Text,0.0
stated,Text,0.0
stated br,Text,0.0
stated loan,Text,0.0
stated previously,Text,0.0
stationed,Text,0.0
statements,Text,0.0
states,Text,0.0
states air,Text,0.0
states army,Text,0.0
states br,Text,0.0
states marine,Text,0.0
states navy,Text,0.0
stating,Text,0.0
station,Text,0.0
statement,Text,0.0
thank generous,Text,0.0
thank getting,Text,0.0
thank giving,Text,0.0
thank going,Text,0.0
thank good,Text,0.0
thank goodness,Text,0.0
thank great,Text,0.0
thank greatly,Text,0.0
support parents,Text,0.0
thank happy,Text,0.0
thank having,Text,0.0
thank heart,Text,0.0
thank help,Text,0.0
thank helped,Text,0.0
thank hope,Text,0.0
thank invest,Text,0.0
thank invested,Text,0.0
thank investers,Text,0.0
thank guys,Text,0.0
thank checking,Text,0.0
thank confidence,Text,0.0
thank considerations,Text,0.0
thank contributed,Text,0.0
thank contributing,Text,0.0
thank contribution,Text,0.0
thank contributions,Text,0.0
thank current,Text,0.0
thank decided,Text,0.0
thank generosity,Text,0.0
thank everybody,Text,0.0
thank faith,Text,0.0
thank far,Text,0.0
thank feel,Text,0.0
thank fund,Text,0.0
thank funded,Text,0.0
thank funding,Text,0.0
thank funds,Text,0.0
thank future,Text,0.0
thank email,Text,0.0
thank quot,Text,0.0
thank reading,Text,0.0
thank really,Text,0.0
thank reviewing,Text,0.0
thank sincerely,Text,0.0
thank support,Text,0.0
thank supported,Text,0.0
thank supporting,Text,0.0
thank taken,Text,0.0
thank investing,Text,0.0
thank thank,Text,0.0
thank time,Text,0.0
thank truly,Text,0.0
thank trust,Text,0.0
thank trusting,Text,0.0
thank understanding,Text,0.0
thank ve,Text,0.0
thank viewing,Text,0.0
thank willing,Text,0.0
thank taking,Text,0.0
thank investment,Text,0.0
thank investments,Text,0.0
thank investors,Text,0.0
thank kind,Text,0.0
thank kindly,Text,0.0
thank know,Text,0.0
thank lenders,Text,0.0
thank lending,Text,0.0
thank lendingclub,Text,0.0
thank questions,Text,0.0
thank look,Text,0.0
thank looking,Text,0.0
thank making,Text,0.0
thank new,Text,0.0
thank offer,Text,0.0
thank people,Text,0.0
thank plan,Text,0.0
thank potential,Text,0.0
thank question,Text,0.0
thank let,Text,0.0
term paid,Text,0.0
term pay,Text,0.0
term paying,Text,0.0
term payment,Text,0.0
term payments,Text,0.0
term payoff,Text,0.0
term personal,Text,0.0
term plan,Text,0.0
thank borrower,Text,0.0
term rate,Text,0.0
term relationship,Text,0.0
term revolving,Text,0.0
term savings,Text,0.0
term stable,Text,0.0
term thank,Text,0.0
term thanks,Text,0.0
term year,Text,0.0
term years,Text,0.0
term position,Text,0.0
term credit,Text,0.0
term debt,Text,0.0
term debts,Text,0.0
term disability,Text,0.0
term employment,Text,0.0
term financial,Text,0.0
term goal,Text,0.0
term goals,Text,0.0
term help,Text,0.0
term months,Text,0.0
term investment,Text,0.0
term investments,Text,0.0
term job,Text,0.0
term just,Text,0.0
term loans,Text,0.0
term long,Text,0.0
term lower,Text,0.0
term make,Text,0.0
term monthly,Text,0.0
term high,Text,0.0
test,Text,0.0
test br,Text,0.0
testament,Text,0.0
testing,Text,0.0
tests,Text,0.0
texas br,Text,0.0
text,Text,0.0
tha,Text,0.0
thailand,Text,0.0
terminal,Text,0.0
thank advance,Text,0.0
thank ahead,Text,0.0
thank allowing,Text,0.0
thank appreciate,Text,0.0
thank approving,Text,0.0
thank assistance,Text,0.0
thank assisting,Text,0.0
thank attention,Text,0.0
thank believing,Text,0.0
thank able,Text,0.0
terminally,Text,0.0
terminally ill,Text,0.0
termination,Text,0.0
termite,Text,0.0
terms agreement,Text,0.0
terms allow,Text,0.0
terms br,Text,0.0
terms conditions,Text,0.0
terms credit,Text,0.0
territory,Text,0.0
terms loan,Text,0.0
terms pay,Text,0.0
terms rates,Text,0.0
terms repayment,Text,0.0
terms set,Text,0.0
terms thank,Text,0.0
terrain,Text,0.0
terrible,Text,0.0
terrific,Text,0.0
terms lending,Text,0.0
things just,Text,0.0
things life,Text,0.0
things little,Text,0.0
things loan,Text,0.0
things looking,Text,0.0
things lot,Text,0.0
things monthly,Text,0.0
things need,Text,0.0
thank wonderful,Text,0.0
things new,Text,0.0
things order,Text,0.0
things paid,Text,0.0
things pay,Text,0.0
things really,Text,0.0
things right,Text,0.0
things simple,Text,0.0
things simpler,Text,0.0
things stable,Text,0.0
things needed,Text,0.0
thing like,Text,0.0
thing paid,Text,0.0
thing pay,Text,0.0
thing try,Text,0.0
things better,Text,0.0
things bit,Text,0.0
things br,Text,0.0
things car,Text,0.0
things cash,Text,0.0
things house,Text,0.0
things credit,Text,0.0
things don,Text,0.0
things easier,Text,0.0
things family,Text,0.0
things faster,Text,0.0
things going,Text,0.0
things happen,Text,0.0
things help,Text,0.0
things home,Text,0.0
things control,Text,0.0
think way,Text,0.0
think wonderful,Text,0.0
thinking,Text,0.0
thinking investing,Text,0.0
thinks,Text,0.0
thirds,Text,0.0
thirteen,Text,0.0
thirteen years,Text,0.0
thirties,Text,0.0
things tight,Text,0.0
thirty years,Text,0.0
thnak,Text,0.0
thorough,Text,0.0
thoroughly,Text,0.0
thought able,Text,0.0
thought best,Text,0.0
thought better,Text,0.0
thought easier,Text,0.0
thought getting,Text,0.0
thirty,Text,0.0
things time,Text,0.0
things track,Text,0.0
things want,Text,0.0
things work,Text,0.0
think best,Text,0.0
think br,Text,0.0
think credit,Text,0.0
think getting,Text,0.0
think good,Text,0.0
think time,Text,0.0
think having,Text,0.0
think help,Text,0.0
think important,Text,0.0
think lending,Text,0.0
think ll,Text,0.0
think loan,Text,0.0
think makes,Text,0.0
think pay,Text,0.0
think right,Text,0.0
think great,Text,0.0
thanks funded,Text,0.0
thanks giving,Text,0.0
thanks god,Text,0.0
thanks great,Text,0.0
thanks happy,Text,0.0
thanks help,Text,0.0
thanks helped,Text,0.0
thanks helping,Text,0.0
thing just,Text,0.0
thanks invest,Text,0.0
thanks invested,Text,0.0
thanks investment,Text,0.0
thanks investments,Text,0.0
thanks investors,Text,0.0
thanks lenders,Text,0.0
thanks lending,Text,0.0
thanks lendingclub,Text,0.0
thanks listening,Text,0.0
thanks hope,Text,0.0
thankful br,Text,0.0
thankful help,Text,0.0
thankful investors,Text,0.0
thankful lending,Text,0.0
thankful loan,Text,0.0
thankfully,Text,0.0
thanking,Text,0.0
thanking advance,Text,0.0
thanking investors,Text,0.0
thanks fund,Text,0.0
thanks alot,Text,0.0
thanks appreciate,Text,0.0
thanks assistance,Text,0.0
thanks borrower,Text,0.0
thanks checking,Text,0.0
thanks contributed,Text,0.0
thanks current,Text,0.0
thanks everybody,Text,0.0
thanks far,Text,0.0
thanks advance,Text,0.0
thanx br,Text,0.0
thats,Text,0.0
theater,Text,0.0
theatre,Text,0.0
theft,Text,0.0
theirs,Text,0.0
theme,Text,0.0
therapeutic,Text,0.0
therapist,Text,0.0
thanks loan,Text,0.0
therapy br,Text,0.0
therefor,Text,0.0
theres,Text,0.0
thermal,Text,0.0
theses,Text,0.0
thier,Text,0.0
thing br,Text,0.0
thing credit,Text,0.0
thing holding,Text,0.0
therapy,Text,0.0
thanks looking,Text,0.0
thanks lot,Text,0.0
thanks making,Text,0.0
thanks opportunity,Text,0.0
thanks people,Text,0.0
thanks question,Text,0.0
thanks questions,Text,0.0
thanks quick,Text,0.0
thanks reading,Text,0.0
thanx,Text,0.0
thanks support,Text,0.0
thanks taking,Text,0.0
thanks time,Text,0.0
thanks trust,Text,0.0
thanks viewing,Text,0.0
thanksgiving,Text,0.0
thanksgiving christmas,Text,0.0
thankyou,Text,0.0
thankyou br,Text,0.0
thanks reviewing,Text,0.0
taken account,Text,0.0
taken advantage,Text,0.0
taken bank,Text,0.0
taken br,Text,0.0
taken care,Text,0.0
taken credit,Text,0.0
taken debt,Text,0.0
taken directly,Text,0.0
term cash,Text,0.0
taken loan,Text,0.0
taken loans,Text,0.0
taken long,Text,0.0
taken pay,Text,0.0
taken second,Text,0.0
taken steps,Text,0.0
taken time,Text,0.0
taken toll,Text,0.0
taken years,Text,0.0
taken lending,Text,0.0
switching,Text,0.0
switching jobs,Text,0.0
swoop,Text,0.0
systematically,Text,0.0
systems,Text,0.0
systems administrator,Text,0.0
systems analyst,Text,0.0
systems br,Text,0.0
systems engineer,Text,0.0
taken,Text,0.0
tables,Text,0.0
tackle,Text,0.0
tackle debt,Text,0.0
tacoma,Text,0.0
tactic,Text,0.0
tag,Text,0.0
tags,Text,0.0
tahoe,Text,0.0
taiwan,Text,0.0
table,Text,0.0
taking new,Text,0.0
taking opportunity,Text,0.0
taking personal,Text,0.0
taking place,Text,0.0
taking responsibility,Text,0.0
taking step,Text,0.0
taking steps,Text,0.0
taking student,Text,0.0
taking time,Text,0.0
takes,Text,0.0
taking year,Text,0.0
talent,Text,0.0
talented,Text,0.0
talents,Text,0.0
talk,Text,0.0
talked,Text,0.0
talking,Text,0.0
tampa,Text,0.0
tangible,Text,0.0
taking vacation,Text,0.0
takes care,Text,0.0
takes time,Text,0.0
takes years,Text,0.0
taking action,Text,0.0
taking advantage,Text,0.0
taking br,Text,0.0
taking care,Text,0.0
taking cash,Text,0.0
taking chance,Text,0.0
taking money,Text,0.0
taking classes,Text,0.0
taking control,Text,0.0
taking credit,Text,0.0
taking debt,Text,0.0
taking home,Text,0.0
taking long,Text,0.0
taking longer,Text,0.0
taking look,Text,0.0
taking loss,Text,0.0
taking charge,Text,0.0
sure make,Text,0.0
sure money,Text,0.0
sure paid,Text,0.0
sure pay,Text,0.0
sure payments,Text,0.0
sure thing,Text,0.0
sure understand,Text,0.0
sure won,Text,0.0
switched jobs,Text,0.0
surely,Text,0.0
surely help,Text,0.0
surface,Text,0.0
surgeon,Text,0.0
surgery br,Text,0.0
surgery correct,Text,0.0
surgery covered,Text,0.0
surgery insurance,Text,0.0
surgery like,Text,0.0
sure works,Text,0.0
support payment,Text,0.0
support payments,Text,0.0
support son,Text,0.0
support thank,Text,0.0
supported,Text,0.0
supporting,Text,0.0
supporting loan,Text,0.0
supportive,Text,0.0
suppose,Text,0.0
sure loan,Text,0.0
sure bills,Text,0.0
sure br,Text,0.0
sure credit,Text,0.0
sure debt,Text,0.0
sure don,Text,0.0
sure going,Text,0.0
sure good,Text,0.0
sure help,Text,0.0
sure investment,Text,0.0
supposed,Text,0.0
sustainability,Text,0.0
sustainable,Text,0.0
sustained,Text,0.0
suv,Text,0.0
suze,Text,0.0
suzuki,Text,0.0
swamped,Text,0.0
swap,Text,0.0
sweat,Text,0.0
surgery loan,Text,0.0
sweet,Text,0.0
sweetheart,Text,0.0
swiftly,Text,0.0
swim,Text,0.0
swimming,Text,0.0
swimming pool,Text,0.0
swing,Text,0.0
switch,Text,0.0
switched,Text,0.0
sweat equity,Text,0.0
surgery money,Text,0.0
surgery need,Text,0.0
surgical,Text,0.0
surgical procedure,Text,0.0
surplus,Text,0.0
surprise,Text,0.0
surprise wife,Text,0.0
surprised,Text,0.0
surprises,Text,0.0
sustain,Text,0.0
surrounded,Text,0.0
surrounding,Text,0.0
surrounding area,Text,0.0
survey,Text,0.0
survive,Text,0.0
survive br,Text,0.0
survived,Text,0.0
surviving,Text,0.0
survivor,Text,0.0
surprisingly,Text,0.0
technically,Text,0.0
technician,Text,0.0
techniques,Text,0.0
technologies,Text,0.0
technologist,Text,0.0
technology,Text,0.0
technology br,Text,0.0
technology business,Text,0.0
tank,Text,0.0
technology field,Text,0.0
technology industry,Text,0.0
teen,Text,0.0
teenage,Text,0.0
teenager,Text,0.0
teenagers,Text,0.0
teens,Text,0.0
teeth,Text,0.0
teeth removed,Text,0.0
technology company,Text,0.0
teaches,Text,0.0
teaching,Text,0.0
teaching job,Text,0.0
teaching position,Text,0.0
teaching years,Text,0.0
team,Text,0.0
team br,Text,0.0
team leader,Text,0.0
teams,Text,0.0
technical support,Text,0.0
tearing,Text,0.0
teaser,Text,0.0
teaser rate,Text,0.0
teaser rates,Text,0.0
tech,Text,0.0
tech company,Text,0.0
tech industry,Text,0.0
tech job,Text,0.0
technical,Text,0.0
tear,Text,0.0
tends,Text,0.0
tennessee,Text,0.0
tennis,Text,0.0
tens,Text,0.0
tenure,Text,0.0
tenure br,Text,0.0
tenure job,Text,0.0
tenure track,Text,0.0
tenure years,Text,0.0
telecom,Text,0.0
tenured position,Text,0.0
tenured teacher,Text,0.0
term 36,Text,0.0
term 60,Text,0.0
term agreement,Text,0.0
term allow,Text,0.0
term br,Text,0.0
term business,Text,0.0
term career,Text,0.0
tenured,Text,0.0
telecommunications,Text,0.0
telephone,Text,0.0
television,Text,0.0
tell credit,Text,0.0
tell friends,Text,0.0
tell story,Text,0.0
telling,Text,0.0
tells,Text,0.0
temp,Text,0.0
tend pay,Text,0.0
temporarily,Text,0.0
temporary,Text,0.0
temporary loan,Text,0.0
temptation,Text,0.0
tempted,Text,0.0
tempted use,Text,0.0
tenant,Text,0.0
tenants,Text,0.0
tend,Text,0.0
temperatures,Text,0.0
tax credits,Text,0.0
tax debt,Text,0.0
tax free,Text,0.0
tax income,Text,0.0
tax insurance,Text,0.0
tax liability,Text,0.0
tax money,Text,0.0
tax monthly,Text,0.0
teachers,Text,0.0
tax payment,Text,0.0
tax payments,Text,0.0
tax penalties,Text,0.0
tax preparation,Text,0.0
tax purposes,Text,0.0
tax rebate,Text,0.0
tax refund,Text,0.0
tax refunds,Text,0.0
tax return,Text,0.0
tax owed,Text,0.0
tanked,Text,0.0
tanks,Text,0.0
tanning,Text,0.0
tanning salon,Text,0.0
tap,Text,0.0
tape,Text,0.0
tapping,Text,0.0
target,Text,0.0
target market,Text,0.0
tax credit,Text,0.0
targeted,Text,0.0
targeting,Text,0.0
tarnish,Text,0.0
tarp,Text,0.0
task,Text,0.0
tasks,Text,0.0
taste,Text,0.0
taught,Text,0.0
tax br,Text,0.0
target visa,Text,0.0
taxes make,Text,0.0
taxes month,Text,0.0
taxes monthly,Text,0.0
taxes owe,Text,0.0
taxes pay,Text,0.0
taxes property,Text,0.0
taxes utilities,Text,0.0
taxes year,Text,0.0
taxi,Text,0.0
tax returns,Text,0.0
td,Text,0.0
teach,Text,0.0
teacher,Text,0.0
teacher br,Text,0.0
teacher just,Text,0.0
teacher steady,Text,0.0
teacher teaching,Text,0.0
teacher working,Text,0.0
teacher years,Text,0.0
taylor,Text,0.0
tax season,Text,0.0
tax time,Text,0.0
tax year,Text,0.0
taxable,Text,0.0
taxed,Text,0.0
taxes 2010,Text,0.0
taxes 2011,Text,0.0
taxes 401k,Text,0.0
taxes 500,Text,0.0
taxes loan,Text,0.0
taxes car,Text,0.0
taxes coming,Text,0.0
taxes consolidate,Text,0.0
taxes credit,Text,0.0
taxes fees,Text,0.0
taxes good,Text,0.0
taxes home,Text,0.0
taxes insurance,Text,0.0
taxes irs,Text,0.0
taxes amp,Text,0.0
working financial,Text,0.0
working firm,Text,0.0
working fulltime,Text,0.0
working getting,Text,0.0
working going,Text,0.0
working good,Text,0.0
working government,Text,0.0
working great,Text,0.0
use consolidation,Text,0.0
working health,Text,0.0
working healthcare,Text,0.0
working high,Text,0.0
working home,Text,0.0
working honest,Text,0.0
working hospital,Text,0.0
working hours,Text,0.0
working house,Text,0.0
working improve,Text,0.0
working hard,Text,0.0
working career,Text,0.0
working city,Text,0.0
working computer,Text,0.0
working consolidate,Text,0.0
working consolidating,Text,0.0
working couple,Text,0.0
working credit,Text,0.0
working current,Text,0.0
working debt,Text,0.0
working field,Text,0.0
working dependable,Text,0.0
working diligently,Text,0.0
working eliminate,Text,0.0
working eliminating,Text,0.0
working employee,Text,0.0
working employer,Text,0.0
working environment,Text,0.0
working family,Text,0.0
working federal,Text,0.0
working department,Text,0.0
working mom,Text,0.0
working months,Text,0.0
working mother,Text,0.0
working new,Text,0.0
working non,Text,0.0
working nurse,Text,0.0
working order,Text,0.0
working overtime,Text,0.0
working individual,Text,0.0
working pay,Text,0.0
working paying,Text,0.0
working people,Text,0.0
working person,Text,0.0
working place,Text,0.0
working position,Text,0.0
working present,Text,0.0
working profession,Text,0.0
working professional,Text,0.0
working past,Text,0.0
working industry,Text,0.0
working information,Text,0.0
working international,Text,0.0
working job,Text,0.0
working jobs,Text,0.0
working just,Text,0.0
working large,Text,0.0
working largest,Text,0.0
working law,Text,0.0
working medical,Text,0.0
working life,Text,0.0
working loan,Text,0.0
working local,Text,0.0
working location,Text,0.0
working long,Text,0.0
working major,Text,0.0
working making,Text,0.0
working master,Text,0.0
working masters,Text,0.0
working lending,Text,0.0
work year,Text,0.0
worked 10,Text,0.0
worked 13,Text,0.0
worked 15,Text,0.0
worked 30,Text,0.0
worked bank,Text,0.0
worked banking,Text,0.0
worked budget,Text,0.0
working capital,Text,0.0
worked company,Text,0.0
worked county,Text,0.0
worked current,Text,0.0
worked employer,Text,0.0
worked federal,Text,0.0
worked field,Text,0.0
worked financial,Text,0.0
worked great,Text,0.0
worked hard,Text,0.0
worked college,Text,0.0
work thanks,Text,0.0
work time,Text,0.0
work town,Text,0.0
work truck,Text,0.0
work trying,Text,0.0
work united,Text,0.0
work university,Text,0.0
work use,Text,0.0
work utility,Text,0.0
work world,Text,0.0
work ve,Text,0.0
work vehicle,Text,0.0
work want,Text,0.0
work way,Text,0.0
work week,Text,0.0
work weeks,Text,0.0
work wife,Text,0.0
work work,Text,0.0
work working,Text,0.0
work van,Text,0.0
worker pay,Text,0.0
worker stable,Text,0.0
workers,Text,0.0
workforce,Text,0.0
working 10,Text,0.0
working 11,Text,0.0
working 12,Text,0.0
working 15,Text,0.0
working 17,Text,0.0
worked hospital,Text,0.0
working 50,Text,0.0
working able,Text,0.0
working american,Text,0.0
working bank,Text,0.0
working big,Text,0.0
working br,Text,0.0
working budget,Text,0.0
working building,Text,0.0
working business,Text,0.0
working 20,Text,0.0
worked industry,Text,0.0
worked jobs,Text,0.0
worked large,Text,0.0
worked past,Text,0.0
worked place,Text,0.0
worked position,Text,0.0
worked present,Text,0.0
worked previous,Text,0.0
worked really,Text,0.0
worker make,Text,0.0
worked stable,Text,0.0
worked time,Text,0.0
worked way,Text,0.0
worked year,Text,0.0
worked years,Text,0.0
worker,Text,0.0
worker br,Text,0.0
worker good,Text,0.0
worker job,Text,0.0
worked school,Text,0.0
yamaha,Text,0.0
yard,Text,0.0
yard br,Text,0.0
yards,Text,0.0
yay,Text,0.0
yay br,Text,0.0
yeah,Text,0.0
year 10,Text,0.0
working real,Text,0.0
year 200,Text,0.0
year 2000,Text,0.0
year 2009,Text,0.0
year 2010,Text,0.0
year 2011,Text,0.0
year 2013,Text,0.0
year 401k,Text,0.0
year 50,Text,0.0
year able,Text,0.0
year 20,Text,0.0
wrapped,Text,0.0
wrapping,Text,0.0
wreck,Text,0.0
wrecked,Text,0.0
writer,Text,0.0
writers,Text,0.0
writing,Text,0.0
written,Text,0.0
wrong br,Text,0.0
yall,Text,0.0
wtih,Text,0.0
www,Text,0.0
www lendingclub,Text,0.0
wyndham,Text,0.0
wyoming,Text,0.0
xmas,Text,0.0
ya,Text,0.0
yahoo,Text,0.0
yale,Text,0.0
wrote,Text,0.0
year consolidating,Text,0.0
year credit,Text,0.0
year current,Text,0.0
year currently,Text,0.0
year date,Text,0.0
year debt,Text,0.0
year decided,Text,0.0
year degree,Text,0.0
year despite,Text,0.0
year addition,Text,0.0
year doing,Text,0.0
year don,Text,0.0
year earlier,Text,0.0
year early,Text,0.0
year employed,Text,0.0
year employee,Text,0.0
year employment,Text,0.0
year end,Text,0.0
year excellent,Text,0.0
year did,Text,0.0
year ago,Text,0.0
year allow,Text,0.0
year anniversary,Text,0.0
year anticipate,Text,0.0
year bad,Text,0.0
year beginning,Text,0.0
year better,Text,0.0
year bonus,Text,0.0
year bought,Text,0.0
year company,Text,0.0
year break,Text,0.0
year budget,Text,0.0
year business,Text,0.0
year buy,Text,0.0
year car,Text,0.0
year career,Text,0.0
year cash,Text,0.0
year college,Text,0.0
year come,Text,0.0
year br,Text,0.0
working years,Text,0.0
workload,Text,0.0
workout,Text,0.0
workplace,Text,0.0
works br,Text,0.0
works great,Text,0.0
works hard,Text,0.0
works like,Text,0.0
wrap,Text,0.0
workshop,Text,0.0
workshops,Text,0.0
world,Text,0.0
world br,Text,0.0
world today,Text,0.0
world want,Text,0.0
world wide,Text,0.0
worldwide,Text,0.0
worn,Text,0.0
works time,Text,0.0
working reduce,Text,0.0
working reliable,Text,0.0
working responsible,Text,0.0
working rn,Text,0.0
working saving,Text,0.0
working school,Text,0.0
working second,Text,0.0
working single,Text,0.0
working small,Text,0.0
working year,Text,0.0
working stable,Text,0.0
working starting,Text,0.0
working state,Text,0.0
working steadily,Text,0.0
working student,Text,0.0
working teacher,Text,0.0
working time,Text,0.0
working trying,Text,0.0
working way,Text,0.0
working software,Text,0.0
worth pay,Text,0.0
worth work,Text,0.0
worthiness,Text,0.0
worthiness br,Text,0.0
worthiness thank,Text,0.0
worthwhile,Text,0.0
worthy,Text,0.0
worthy borrower,Text,0.0
worthy br,Text,0.0
worried,Text,0.0
woul,Text,0.0
wouldn,Text,0.0
wouldn able,Text,0.0
wouldn need,Text,0.0
wouldnt,Text,0.0
wound,Text,0.0
wow,Text,0.0
wow thanks,Text,0.0
wrangler,Text,0.0
worthy investment,Text,0.0
worries,Text,0.0
worry br,Text,0.0
worry free,Text,0.0
worry getting,Text,0.0
worry high,Text,0.0
worry loan,Text,0.0
worry making,Text,0.0
worry missing,Text,0.0
worry monthly,Text,0.0
worth owe,Text,0.0
worrying,Text,0.0
worse,Text,0.0
worse br,Text,0.0
worsened,Text,0.0
worst,Text,0.0
worst case,Text,0.0
worth 200,Text,0.0
worth br,Text,0.0
worth credit,Text,0.0
worry paying,Text,0.0
wished,Text,0.0
wishes,Text,0.0
wishes br,Text,0.0
wishing,Text,0.0
wishing consolidate,Text,0.0
wit,Text,0.0
witch,Text,0.0
withdraw,Text,0.0
work thank,Text,0.0
withdrawing,Text,0.0
withdrawl,Text,0.0
withdrawn,Text,0.0
withdrawn bank,Text,0.0
withdrew,Text,0.0
withing,Text,0.0
wk,Text,0.0
wll,Text,0.0
woes,Text,0.0
withdrawals,Text,0.0
wireless,Text,0.0
wiring,Text,0.0
wisconsin,Text,0.0
wisdom,Text,0.0
wisdom teeth,Text,0.0
wise,Text,0.0
wise investment,Text,0.0
wisely br,Text,0.0
wiser,Text,0.0
wish use,Text,0.0
wish borrow,Text,0.0
wish buy,Text,0.0
wish consolodate,Text,0.0
wish debt,Text,0.0
wish known,Text,0.0
wish loan,Text,0.0
wish purchase,Text,0.0
wish reduce,Text,0.0
wish rid,Text,0.0
wisest,Text,0.0
wonderful,Text,0.0
wonderful br,Text,0.0
wonderful day,Text,0.0
wonderful family,Text,0.0
wonderful job,Text,0.0
wonderful opportunity,Text,0.0
wonderful stable,Text,0.0
wonderful way,Text,0.0
wondering,Text,0.0
wold,Text,0.0
wont let,Text,0.0
wont sorry,Text,0.0
wood burning,Text,0.0
wood floor,Text,0.0
wood flooring,Text,0.0
wooden,Text,0.0
woods,Text,0.0
word br,Text,0.0
word mouth,Text,0.0
wont,Text,0.0
woman,Text,0.0
woman dreams,Text,0.0
women,Text,0.0
won able,Text,0.0
won change,Text,0.0
won cover,Text,0.0
won disappointed,Text,0.0
won happen,Text,0.0
won help,Text,0.0
wonder,Text,0.0
won let,Text,0.0
won lower,Text,0.0
won need,Text,0.0
won paid,Text,0.0
won pay,Text,0.0
won problem,Text,0.0
won regret,Text,0.0
won sorry,Text,0.0
won work,Text,0.0
won issue,Text,0.0
wife working,Text,0.0
wife year,Text,0.0
wife years,Text,0.0
wifes,Text,0.0
wifes credit,Text,0.0
wiggle,Text,0.0
wiggle room,Text,0.0
wih,Text,0.0
wire,Text,0.0
wil help,Text,0.0
wil used,Text,0.0
wild,Text,0.0
william,Text,0.0
willing able,Text,0.0
willing accept,Text,0.0
willing answer,Text,0.0
willing chance,Text,0.0
willing fund,Text,0.0
wil,Text,0.0
wife school,Text,0.0
wife secure,Text,0.0
wife son,Text,0.0
wife stable,Text,0.0
wife start,Text,0.0
wife starting,Text,0.0
wife stay,Text,0.0
wife steady,Text,0.0
wife taking,Text,0.0
wife worked,Text,0.0
wife time,Text,0.0
wife trying,Text,0.0
wife using,Text,0.0
wife want,Text,0.0
wife wanted,Text,0.0
wife wanting,Text,0.0
wife wants,Text,0.0
wife wedding,Text,0.0
wife work,Text,0.0
wife teacher,Text,0.0
windows doors,Text,0.0
windows energy,Text,0.0
windows home,Text,0.0
windows house,Text,0.0
windows installed,Text,0.0
windows new,Text,0.0
windows siding,Text,0.0
windshield,Text,0.0
wine,Text,0.0
willing help,Text,0.0
winter br,Text,0.0
winter coming,Text,0.0
winter months,Text,0.0
winters,Text,0.0
wipe credit,Text,0.0
wipe debt,Text,0.0
wiped,Text,0.0
wiped savings,Text,0.0
wiping,Text,0.0
winning,Text,0.0
willing invest,Text,0.0
willing lend,Text,0.0
willing negotiate,Text,0.0
willing offer,Text,0.0
willing pay,Text,0.0
willing provide,Text,0.0
willing work,Text,0.0
willingly,Text,0.0
willingness,Text,0.0
windows br,Text,0.0
win,Text,0.0
win br,Text,0.0
win parties,Text,0.0
win situation,Text,0.0
win thanks,Text,0.0
win win,Text,0.0
wind,Text,0.0
window treatments,Text,0.0
windows,Text,0.0
willl,Text,0.0
work loan,Text,0.0
work local,Text,0.0
work long,Text,0.0
work looking,Text,0.0
work lot,Text,0.0
work major,Text,0.0
work make,Text,0.0
work making,Text,0.0
words,Text,0.0
work miles,Text,0.0
work money,Text,0.0
work month,Text,0.0
work months,Text,0.0
work moving,Text,0.0
work necessary,Text,0.0
work need,Text,0.0
work needed,Text,0.0
work needs,Text,0.0
work medical,Text,0.0
work hours,Text,0.0
work house,Text,0.0
work independent,Text,0.0
work instead,Text,0.0
work insurance,Text,0.0
work job,Text,0.0
work jobs,Text,0.0
work just,Text,0.0
work known,Text,0.0
work load,Text,0.0
work largest,Text,0.0
work late,Text,0.0
work law,Text,0.0
work life,Text,0.0
work like,Text,0.0
work lined,Text,0.0
work little,Text,0.0
work live,Text,0.0
work living,Text,0.0
work large,Text,0.0
work sales,Text,0.0
work save,Text,0.0
work saving,Text,0.0
work schedule,Text,0.0
work school,Text,0.0
work second,Text,0.0
work secure,Text,0.0
work senior,Text,0.0
work short,Text,0.0
work new,Text,0.0
work small,Text,0.0
work software,Text,0.0
work solid,Text,0.0
work stable,Text,0.0
work state,Text,0.0
work steady,Text,0.0
work strong,Text,0.0
work successful,Text,0.0
work summer,Text,0.0
work situation,Text,0.0
work non,Text,0.0
work oil,Text,0.0
work overtime,Text,0.0
work paid,Text,0.0
work past,Text,0.0
work pay,Text,0.0
work paying,Text,0.0
work payment,Text,0.0
work pays,Text,0.0
work reliable,Text,0.0
work place,Text,0.0
work plan,Text,0.0
work position,Text,0.0
work private,Text,0.0
work public,Text,0.0
work rate,Text,0.0
work really,Text,0.0
work recently,Text,0.0
work related,Text,0.0
work personal,Text,0.0
work budget,Text,0.0
work business,Text,0.0
work busy,Text,0.0
work buying,Text,0.0
work car,Text,0.0
work care,Text,0.0
work city,Text,0.0
work coming,Text,0.0
work hospital,Text,0.0
work computer,Text,0.0
work continues,Text,0.0
work covered,Text,0.0
work credit,Text,0.0
work current,Text,0.0
work currently,Text,0.0
work day,Text,0.0
work days,Text,0.0
work debt,Text,0.0
work commute,Text,0.0
words express,Text,0.0
work 10,Text,0.0
work 15,Text,0.0
work 20,Text,0.0
work 30,Text,0.0
work 40,Text,0.0
work 50,Text,0.0
work 60,Text,0.0
work able,Text,0.0
work bring,Text,0.0
work additional,Text,0.0
work amp,Text,0.0
work area,Text,0.0
work army,Text,0.0
work bank,Text,0.0
work best,Text,0.0
work better,Text,0.0
work big,Text,0.0
work bills,Text,0.0
work accounting,Text,0.0
work financially,Text,0.0
work force,Text,0.0
work fortune,Text,0.0
work fulltime,Text,0.0
work garage,Text,0.0
work getting,Text,0.0
work goal,Text,0.0
work going,Text,0.0
work good,Text,0.0
work defense,Text,0.0
work growing,Text,0.0
work hard,Text,0.0
work harder,Text,0.0
work having,Text,0.0
work health,Text,0.0
work healthcare,Text,0.0
work help,Text,0.0
work high,Text,0.0
work home,Text,0.0
work government,Text,0.0
work department,Text,0.0
work dept,Text,0.0
work did,Text,0.0
work doing,Text,0.0
work don,Text,0.0
work end,Text,0.0
work enjoy,Text,0.0
work environment,Text,0.0
work ethic,Text,0.0
work financial,Text,0.0
work everyday,Text,0.0
work excellent,Text,0.0
work expenses,Text,0.0
work extra,Text,0.0
work extremely,Text,0.0
work family,Text,0.0
work feel,Text,0.0
work field,Text,0.0
work finance,Text,0.0
work ethics,Text,0.0
years partner,Text,0.0
years past,Text,0.0
years paying,Text,0.0
years payment,Text,0.0
years payments,Text,0.0
years payoff,Text,0.0
years perfect,Text,0.0
years period,Text,0.0
year expenses,Text,0.0
years place,Text,0.0
years planned,Text,0.0
years planning,Text,0.0
years plans,Text,0.0
years plus,Text,0.0
years point,Text,0.0
years position,Text,0.0
years possible,Text,0.0
years possibly,Text,0.0
years personally,Text,0.0
years months,Text,0.0
years moved,Text,0.0
years moving,Text,0.0
years multiple,Text,0.0
years need,Text,0.0
years needed,Text,0.0
years new,Text,0.0
years nice,Text,0.0
years nov,Text,0.0
years parents,Text,0.0
years offered,Text,0.0
years old,Text,0.0
years opposed,Text,0.0
years order,Text,0.0
years organization,Text,0.0
years outstanding,Text,0.0
years owned,Text,0.0
years owner,Text,0.0
years paid,Text,0.0
years october,Text,0.0
years purchased,Text,0.0
years purpose,Text,0.0
years questions,Text,0.0
years quot,Text,0.0
years rate,Text,0.0
years rates,Text,0.0
years reach,Text,0.0
years ready,Text,0.0
years prefer,Text,0.0
years really,Text,0.0
years reason,Text,0.0
years receive,Text,0.0
years received,Text,0.0
years receiving,Text,0.0
years recent,Text,0.0
years recently,Text,0.0
years recieve,Text,0.0
years reliable,Text,0.0
years real,Text,0.0
years present,Text,0.0
years pretty,Text,0.0
years previously,Text,0.0
years pride,Text,0.0
years prior,Text,0.0
years private,Text,0.0
years probably,Text,0.0
years problem,Text,0.0
years problems,Text,0.0
years purchase,Text,0.0
years product,Text,0.0
years profession,Text,0.0
years professional,Text,0.0
years promoted,Text,0.0
years promotion,Text,0.0
years proven,Text,0.0
years provide,Text,0.0
years providing,Text,0.0
years public,Text,0.0
years process,Text,0.0
years issue,Text,0.0
years issues,Text,0.0
years ive,Text,0.0
years january,Text,0.0
years jobs,Text,0.0
years joining,Text,0.0
years july,Text,0.0
years keeping,Text,0.0
years monthly,Text,0.0
years kids,Text,0.0
years laid,Text,0.0
years large,Text,0.0
years late,Text,0.0
years later,Text,0.0
years learned,Text,0.0
years left,Text,0.0
years lending,Text,0.0
years let,Text,0.0
years kept,Text,0.0
years hoping,Text,0.0
years hospital,Text,0.0
years house,Text,0.0
years huge,Text,0.0
years husband,Text,0.0
years im,Text,0.0
years improve,Text,0.0
years including,Text,0.0
years income,Text,0.0
years investor,Text,0.0
years increased,Text,0.0
years increasing,Text,0.0
years industry,Text,0.0
years instead,Text,0.0
years intend,Text,0.0
years intention,Text,0.0
years invest,Text,0.0
years invested,Text,0.0
years investment,Text,0.0
years increase,Text,0.0
years makes,Text,0.0
years making,Text,0.0
years managed,Text,0.0
years management,Text,0.0
years manager,Text,0.0
years managing,Text,0.0
years march,Text,0.0
years marriage,Text,0.0
years married,Text,0.0
years life,Text,0.0
years maybe,Text,0.0
years means,Text,0.0
years medical,Text,0.0
years minimum,Text,0.0
years miss,Text,0.0
years missed,Text,0.0
years missing,Text,0.0
years money,Text,0.0
years month,Text,0.0
years max,Text,0.0
years like,Text,0.0
years line,Text,0.0
years listed,Text,0.0
years little,Text,0.0
years live,Text,0.0
years lived,Text,0.0
years living,Text,0.0
years long,Text,0.0
years longer,Text,0.0
years make,Text,0.0
years looking,Text,0.0
years lost,Text,0.0
years lot,Text,0.0
years love,Text,0.0
years low,Text,0.0
years lower,Text,0.0
years luckily,Text,0.0
years maintained,Text,0.0
years major,Text,0.0
years look,Text,0.0
yoga,Text,0.0
yogurt,Text,0.0
york,Text,0.0
york br,Text,0.0
york city,Text,0.0
york state,Text,0.0
young,Text,0.0
young adult,Text,0.0
years rely,Text,0.0
young children,Text,0.0
young college,Text,0.0
young couple,Text,0.0
young family,Text,0.0
young man,Text,0.0
young people,Text,0.0
young professional,Text,0.0
young woman,Text,0.0
younger,Text,0.0
young age,Text,0.0
years wanted,Text,0.0
years wanting,Text,0.0
years way,Text,0.0
years wife,Text,0.0
years wish,Text,0.0
years won,Text,0.0
years wonderful,Text,0.0
years work,Text,0.0
years working,Text,0.0
yo,Text,0.0
years years,Text,0.0
years young,Text,0.0
years zero,Text,0.0
yellow,Text,0.0
yes,Text,0.0
yes br,Text,0.0
yield,Text,0.0
yielding,Text,0.0
yikes,Text,0.0
years year,Text,0.0
yrs late,Text,0.0
yrs monthly,Text,0.0
yrs old,Text,0.0
yrs paid,Text,0.0
yrs pay,Text,0.0
yrs plan,Text,0.0
yrs stable,Text,0.0
yrs want,Text,0.0
yrs work,Text,0.0
younger brother,Text,0.0
zero balance,Text,0.0
zero balances,Text,0.0
zero credit,Text,0.0
zero delinquencies,Text,0.0
zero late,Text,0.0
zero percent,Text,0.0
zero risk,Text,0.0
zillow,Text,0.0
zillow com,Text,0.0
yukon,Text,0.0
younger years,Text,0.0
youngest,Text,0.0
youngest daughter,Text,0.0
youngest son,Text,0.0
youth,Text,0.0
youthful,Text,0.0
yr br,Text,0.0
yr loan,Text,0.0
yr old,Text,0.0
yrs just,Text,0.0
yrs ago,Text,0.0
yrs amp,Text,0.0
yrs company,Text,0.0
yrs credit,Text,0.0
yrs current,Text,0.0
yrs debt,Text,0.0
yrs good,Text,0.0
yrs home,Text,0.0
yrs job,Text,0.0
yr term,Text,0.0
years school,Text,0.0
years second,Text,0.0
years secure,Text,0.0
years seen,Text,0.0
years self,Text,0.0
years selling,Text,0.0
years seniority,Text,0.0
years served,Text,0.0
years vs,Text,0.0
years shows,Text,0.0
years simply,Text,0.0
years single,Text,0.0
years slowly,Text,0.0
years small,Text,0.0
years solid,Text,0.0
years son,Text,0.0
years sooner,Text,0.0
years spent,Text,0.0
years service,Text,0.0
years remain,Text,0.0
years rent,Text,0.0
years repay,Text,0.0
years repayment,Text,0.0
years requested,Text,0.0
years requesting,Text,0.0
years responsible,Text,0.0
years rest,Text,0.0
years retire,Text,0.0
years say,Text,0.0
years right,Text,0.0
years risk,Text,0.0
years road,Text,0.0
years rsquo,Text,0.0
years running,Text,0.0
years salary,Text,0.0
years sales,Text,0.0
years save,Text,0.0
years saving,Text,0.0
years retirement,Text,0.0
years things,Text,0.0
years think,Text,0.0
years thought,Text,0.0
years tired,Text,0.0
years took,Text,0.0
years total,Text,0.0
years tried,Text,0.0
years truck,Text,0.0
years try,Text,0.0
years spouse,Text,0.0
years unable,Text,0.0
years understand,Text,0.0
years unemployed,Text,0.0
years unfortunately,Text,0.0
years use,Text,0.0
years used,Text,0.0
years using,Text,0.0
years various,Text,0.0
years versus,Text,0.0
years trying,Text,0.0
years stable,Text,0.0
years started,Text,0.0
years starting,Text,0.0
years stated,Text,0.0
years stay,Text,0.0
years staying,Text,0.0
years steadily,Text,0.0
years steady,Text,0.0
years step,Text,0.0
years thanks,Text,0.0
years strong,Text,0.0
years successful,Text,0.0
years taken,Text,0.0
years taking,Text,0.0
years teaching,Text,0.0
years tenure,Text,0.0
years term,Text,0.0
years terms,Text,0.0
years thank,Text,0.0
years straight,Text,0.0
year spent,Text,0.0
year stable,Text,0.0
year start,Text,0.0
year started,Text,0.0
year starting,Text,0.0
year taking,Text,0.0
year tax,Text,0.0
year taxes,Text,0.0
years hopefully,Text,0.0
year term,Text,0.0
year terms,Text,0.0
year thanks,Text,0.0
year time,Text,0.0
year took,Text,0.0
year total,Text,0.0
year track,Text,0.0
year trying,Text,0.0
year unexpected,Text,0.0
year teaching,Text,0.0
year quot,Text,0.0
year raise,Text,0.0
year rate,Text,0.0
year rates,Text,0.0
year ready,Text,0.0
year reason,Text,0.0
year receive,Text,0.0
year received,Text,0.0
year recently,Text,0.0
year span,Text,0.0
year rent,Text,0.0
year repayment,Text,0.0
year resolution,Text,0.0
year responsible,Text,0.0
year round,Text,0.0
year salary,Text,0.0
year sales,Text,0.0
year school,Text,0.0
year sooner,Text,0.0
year reduce,Text,0.0
years 11,Text,0.0
years 12,Text,0.0
years 13,Text,0.0
years 15,Text,0.0
years 18,Text,0.0
years 20,Text,0.0
years 25,Text,0.0
years 30,Text,0.0
years able,Text,0.0
year unfortunately,Text,0.0
years accrued,Text,0.0
years accumulated,Text,0.0
years acquired,Text,0.0
years active,Text,0.0
years actually,Text,0.0
years addition,Text,0.0
years additional,Text,0.0
years additionally,Text,0.0
years age,Text,0.0
years accounts,Text,0.0
year use,Text,0.0
year using,Text,0.0
year ve,Text,0.0
year veteran,Text,0.0
year want,Text,0.0
year went,Text,0.0
year wife,Text,0.0
year window,Text,0.0
year work,Text,0.0
years 10,Text,0.0
year working,Text,0.0
year year,Text,0.0
year years,Text,0.0
yearly,Text,0.0
yearly bonus,Text,0.0
yearly br,Text,0.0
yearly gross,Text,0.0
yearly income,Text,0.0
yearly salary,Text,0.0
year worked,Text,0.0
year high,Text,0.0
year history,Text,0.0
year home,Text,0.0
year hope,Text,0.0
year hoping,Text,0.0
year house,Text,0.0
year husband,Text,0.0
year income,Text,0.0
year putting,Text,0.0
year instead,Text,0.0
year intend,Text,0.0
year january,Text,0.0
year job,Text,0.0
year just,Text,0.0
year know,Text,0.0
year late,Text,0.0
year later,Text,0.0
year law,Text,0.0
year increased,Text,0.0
year extra,Text,0.0
year feel,Text,0.0
year finally,Text,0.0
year financial,Text,0.0
year financially,Text,0.0
year fixed,Text,0.0
year free,Text,0.0
year fully,Text,0.0
year funds,Text,0.0
year help,Text,0.0
year goal,Text,0.0
year going,Text,0.0
year good,Text,0.0
year got,Text,0.0
year graduate,Text,0.0
year great,Text,0.0
year growth,Text,0.0
year hard,Text,0.0
year having,Text,0.0
year getting,Text,0.0
year need,Text,0.0
year new,Text,0.0
year note,Text,0.0
year order,Text,0.0
year overtime,Text,0.0
year owe,Text,0.0
year past,Text,0.0
year pay,Text,0.0
year paying,Text,0.0
year lease,Text,0.0
year payments,Text,0.0
year payoff,Text,0.0
year personal,Text,0.0
year plus,Text,0.0
year position,Text,0.0
year previous,Text,0.0
year prior,Text,0.0
year problem,Text,0.0
year project,Text,0.0
year payment,Text,0.0
year left,Text,0.0
year lending,Text,0.0
year like,Text,0.0
year loan,Text,0.0
year long,Text,0.0
year look,Text,0.0
year looking,Text,0.0
year lot,Text,0.0
year love,Text,0.0
year moved,Text,0.0
year make,Text,0.0
year making,Text,0.0
year mark,Text,0.0
year medical,Text,0.0
year missed,Text,0.0
year money,Text,0.0
year monthly,Text,0.0
year months,Text,0.0
year mortgage,Text,0.0
year lower,Text,0.0
years experience,Text,0.0
years extremely,Text,0.0
years fact,Text,0.0
years family,Text,0.0
years far,Text,0.0
years faster,Text,0.0
years fear,Text,0.0
years federal,Text,0.0
years ahead,Text,0.0
years field,Text,0.0
years filed,Text,0.0
years finally,Text,0.0
years finance,Text,0.0
years financial,Text,0.0
years financially,Text,0.0
years finish,Text,0.0
years firm,Text,0.0
years fixed,Text,0.0
years feel,Text,0.0
years director,Text,0.0
years doing,Text,0.0
years earlier,Text,0.0
years early,Text,0.0
years earn,Text,0.0
years easily,Text,0.0
years economy,Text,0.0
years education,Text,0.0
years effort,Text,0.0
years expenses,Text,0.0
years employee,Text,0.0
years employment,Text,0.0
years end,Text,0.0
years enjoy,Text,0.0
years excellent,Text,0.0
years exception,Text,0.0
years excited,Text,0.0
years expanding,Text,0.0
years expect,Text,0.0
years employed,Text,0.0
years greatly,Text,0.0
years gross,Text,0.0
years growing,Text,0.0
years grown,Text,0.0
years half,Text,0.0
years happy,Text,0.0
years hard,Text,0.0
years haven,Text,0.0
years having,Text,0.0
years food,Text,0.0
years held,Text,0.0
years helping,Text,0.0
years high,Text,0.0
years highly,Text,0.0
years hired,Text,0.0
years history,Text,0.0
years hold,Text,0.0
years home,Text,0.0
years hope,Text,0.0
years healthcare,Text,0.0
years foresee,Text,0.0
years fortunate,Text,0.0
years fortune,Text,0.0
years free,Text,0.0
years fully,Text,0.0
years funds,Text,0.0
years future,Text,0.0
years gaps,Text,0.0
years getting,Text,0.0
years great,Text,0.0
years going,Text,0.0
years gone,Text,0.0
years good,Text,0.0
years got,Text,0.0
years gotten,Text,0.0
years government,Text,0.0
years graduate,Text,0.0
years graduated,Text,0.0
years graduating,Text,0.0
years given,Text,0.0
years blessed,Text,0.0
years borrower,Text,0.0
years borrowing,Text,0.0
years bought,Text,0.0
years bring,Text,0.0
years budget,Text,0.0
years build,Text,0.0
years building,Text,0.0
years diligent,Text,0.0
years business,Text,0.0
years buy,Text,0.0
years buying,Text,0.0
years car,Text,0.0
years card,Text,0.0
years cards,Text,0.0
years career,Text,0.0
years chance,Text,0.0
years children,Text,0.0
years built,Text,0.0
years allow,Text,0.0
years allows,Text,0.0
years amp,Text,0.0
years annual,Text,0.0
years appreciate,Text,0.0
years april,Text,0.0
years area,Text,0.0
years assure,Text,0.0
years august,Text,0.0
years bills,Text,0.0
years away,Text,0.0
years bad,Text,0.0
years balance,Text,0.0
years bank,Text,0.0
years banking,Text,0.0
years believe,Text,0.0
years best,Text,0.0
years better,Text,0.0
years big,Text,0.0
years average,Text,0.0
years contract,Text,0.0
years counting,Text,0.0
years credit,Text,0.0
years current,Text,0.0
years currently,Text,0.0
years date,Text,0.0
years day,Text,0.0
years debts,Text,0.0
years december,Text,0.0
years chose,Text,0.0
years dedicated,Text,0.0
years defaulted,Text,0.0
years delinquent,Text,0.0
years dependable,Text,0.0
years despite,Text,0.0
years determined,Text,0.0
years did,Text,0.0
years different,Text,0.0
years difficult,Text,0.0
years decided,Text,0.0
years close,Text,0.0
years closed,Text,0.0
years closing,Text,0.0
years combined,Text,0.0
years comfortable,Text,0.0
years coming,Text,0.0
years commercial,Text,0.0
years committed,Text,0.0
years companies,Text,0.0
years continuous,Text,0.0
years compared,Text,0.0
years completed,Text,0.0
years completely,Text,0.0
years confident,Text,0.0
years consider,Text,0.0
years considered,Text,0.0
years consistently,Text,0.0
years consolidate,Text,0.0
years consolidation,Text,0.0
years company,Text,0.0
ve great,Text,0.0
ve grown,Text,0.0
ve hard,Text,0.0
ve heard,Text,0.0
ve held,Text,0.0
ve home,Text,0.0
ve house,Text,0.0
ve incurred,Text,0.0
wife salary,Text,0.0
ve invested,Text,0.0
ve just,Text,0.0
ve kept,Text,0.0
ve late,Text,0.0
ve learned,Text,0.0
ve lending,Text,0.0
ve line,Text,0.0
ve lived,Text,0.0
ve living,Text,0.0
ve industry,Text,0.0
ve created,Text,0.0
ve credit,Text,0.0
ve current,Text,0.0
ve debt,Text,0.0
ve decided,Text,0.0
ve defaulted,Text,0.0
ve delinquent,Text,0.0
ve doing,Text,0.0
ve dug,Text,0.0
ve graduated,Text,0.0
ve employer,Text,0.0
ve excellent,Text,0.0
ve finally,Text,0.0
ve financial,Text,0.0
ve fortunate,Text,0.0
ve given,Text,0.0
ve going,Text,0.0
ve good,Text,0.0
ve gotten,Text,0.0
ve employed,Text,0.0
ve reduced,Text,0.0
ve requested,Text,0.0
ve researched,Text,0.0
ve responsible,Text,0.0
ve saved,Text,0.0
ve saving,Text,0.0
ve seen,Text,0.0
ve set,Text,0.0
ve loan,Text,0.0
ve spent,Text,0.0
ve stable,Text,0.0
ve started,Text,0.0
ve steadily,Text,0.0
ve steady,Text,0.0
ve struggled,Text,0.0
ve successful,Text,0.0
ve successfully,Text,0.0
ve taken,Text,0.0
ve slowly,Text,0.0
ve looking,Text,0.0
ve maintained,Text,0.0
ve managed,Text,0.0
ve married,Text,0.0
ve medical,Text,0.0
ve military,Text,0.0
ve moved,Text,0.0
ve owned,Text,0.0
ve paid,Text,0.0
ve recently,Text,0.0
ve payed,Text,0.0
ve payments,Text,0.0
ve position,Text,0.0
ve present,Text,0.0
ve promoted,Text,0.0
ve purchased,Text,0.0
ve really,Text,0.0
ve received,Text,0.0
ve receiving,Text,0.0
ve past,Text,0.0
value car,Text,0.0
value credit,Text,0.0
value good,Text,0.0
value house,Text,0.0
value money,Text,0.0
value property,Text,0.0
value vehicle,Text,0.0
valued,Text,0.0
ve consistently,Text,0.0
values,Text,0.0
van,Text,0.0
van br,Text,0.0
vanity,Text,0.0
variable,Text,0.0
variable rate,Text,0.0
variable rates,Text,0.0
varies,Text,0.0
varies br,Text,0.0
valued employee,Text,0.0
vacation long,Text,0.0
vacation pay,Text,0.0
vacation rental,Text,0.0
vacation thank,Text,0.0
vacation time,Text,0.0
vacation visit,Text,0.0
vacation wife,Text,0.0
vacation years,Text,0.0
vacations,Text,0.0
value br,Text,0.0
vague,Text,0.0
valid,Text,0.0
validate,Text,0.0
valley,Text,0.0
valuable,Text,0.0
valuable asset,Text,0.0
valuable lesson,Text,0.0
valuation,Text,0.0
value added,Text,0.0
vaction,Text,0.0
vastly,Text,0.0
ve 11,Text,0.0
ve able,Text,0.0
ve accrued,Text,0.0
ve accumulated,Text,0.0
ve acquired,Text,0.0
ve added,Text,0.0
ve applied,Text,0.0
ve asked,Text,0.0
variety,Text,0.0
ve borrowed,Text,0.0
ve br,Text,0.0
ve built,Text,0.0
ve business,Text,0.0
ve cards,Text,0.0
ve college,Text,0.0
ve come,Text,0.0
ve completed,Text,0.0
ve consistent,Text,0.0
ve bad,Text,0.0
various,Text,0.0
various bills,Text,0.0
various cards,Text,0.0
various credit,Text,0.0
various creditors,Text,0.0
various debts,Text,0.0
various expenses,Text,0.0
various high,Text,0.0
various home,Text,0.0
vast majority,Text,0.0
various rates,Text,0.0
various reasons,Text,0.0
various small,Text,0.0
various sources,Text,0.0
vary,Text,0.0
vary 14,Text,0.0
varying,Text,0.0
varying rates,Text,0.0
vast,Text,0.0
various payments,Text,0.0
verify br,Text,0.0
verify email,Text,0.0
verify employment,Text,0.0
verify income,Text,0.0
verifying,Text,0.0
verifying income,Text,0.0
verizon,Text,0.0
verizon wireless,Text,0.0
ve time,Text,0.0
verry,Text,0.0
version,Text,0.0
versus br,Text,0.0
versus credit,Text,0.0
versus multiple,Text,0.0
versus paying,Text,0.0
vespa,Text,0.0
vested,Text,0.0
vet,Text,0.0
vermont,Text,0.0
venture capital,Text,0.0
ventures,Text,0.0
venue,Text,0.0
venue catering,Text,0.0
venues,Text,0.0
verge,Text,0.0
verifiable,Text,0.0
verifiable income,Text,0.0
verification,Text,0.0
verify bank,Text,0.0
verification income,Text,0.0
verification lending,Text,0.0
verified,Text,0.0
verified bank,Text,0.0
verified br,Text,0.0
verified email,Text,0.0
verified income,Text,0.0
verified lending,Text,0.0
verify,Text,0.0
verification br,Text,0.0
videos,Text,0.0
vietnam,Text,0.0
view,Text,0.0
view credit,Text,0.0
viewed,Text,0.0
viewing,Text,0.0
viewing listing,Text,0.0
viewing loan,Text,0.0
village,Text,0.0
vet bills,Text,0.0
vinyl siding,Text,0.0
virginia,Text,0.0
virtual,Text,0.0
virtually,Text,0.0
virtually debt,Text,0.0
virtually risk,Text,0.0
visa 13,Text,0.0
visa 14,Text,0.0
visa 500,Text,0.0
vinyl,Text,0.0
veteran,Text,0.0
veterans,Text,0.0
veterans affairs,Text,0.0
veterinarian,Text,0.0
veterinary,Text,0.0
veterinary bills,Text,0.0
viable,Text,0.0
viable option,Text,0.0
vice,Text,0.0
videographer,Text,0.0
vicious,Text,0.0
vicious cycle,Text,0.0
victim,Text,0.0
victims,Text,0.0
victoria,Text,0.0
victoria secret,Text,0.0
victorian,Text,0.0
video,Text,0.0
video production,Text,0.0
vice president,Text,0.0
vehicle credit,Text,0.0
vehicle currently,Text,0.0
vehicle debt,Text,0.0
vehicle drive,Text,0.0
vehicle excellent,Text,0.0
vehicle expenses,Text,0.0
vehicle family,Text,0.0
vehicle good,Text,0.0
venture br,Text,0.0
vehicle high,Text,0.0
vehicle home,Text,0.0
vehicle just,Text,0.0
vehicle lease,Text,0.0
vehicle like,Text,0.0
vehicle loans,Text,0.0
vehicle longer,Text,0.0
vehicle looking,Text,0.0
vehicle maintenance,Text,0.0
vehicle help,Text,0.0
ve tried,Text,0.0
ve trying,Text,0.0
ve used,Text,0.0
ve using,Text,0.0
ve waiting,Text,0.0
ve wanted,Text,0.0
ve wanting,Text,0.0
ve work,Text,0.0
ve working,Text,0.0
vehicle cost,Text,0.0
ve yrs,Text,0.0
vechicle,Text,0.0
vegas,Text,0.0
vegetables,Text,0.0
vehical,Text,0.0
vehicle 000,Text,0.0
vehicle amp,Text,0.0
vehicle car,Text,0.0
vehicle consolidate,Text,0.0
ve years,Text,0.0
vehicle sold,Text,0.0
vehicle thank,Text,0.0
vehicle transportation,Text,0.0
vehicle travel,Text,0.0
vehicle use,Text,0.0
vehicle used,Text,0.0
vehicle ve,Text,0.0
vehicle vehicle,Text,0.0
vehicle want,Text,0.0
vehicle make,Text,0.0
vehicle years,Text,0.0
vehicles,Text,0.0
vehicles br,Text,0.0
vehicles paid,Text,0.0
vending,Text,0.0
vending machine,Text,0.0
vendor,Text,0.0
vendors,Text,0.0
venture,Text,0.0
vehicle work,Text,0.0
vehicle need,Text,0.0
vehicle needs,Text,0.0
vehicle new,Text,0.0
vehicle order,Text,0.0
vehicle outright,Text,0.0
vehicle paid,Text,0.0
vehicle pay,Text,0.0
vehicle payment,Text,0.0
vehicle payments,Text,0.0
vehicle sell,Text,0.0
vehicle plan,Text,0.0
vehicle private,Text,0.0
vehicle purchase,Text,0.0
vehicle purchased,Text,0.0
vehicle recently,Text,0.0
vehicle reliable,Text,0.0
vehicle repair,Text,0.0
vehicle repairs,Text,0.0
vehicle sale,Text,0.0
vehicle personal,Text,0.0
used emergencies,Text,0.0
used emergency,Text,0.0
used exclusively,Text,0.0
used expand,Text,0.0
used expenses,Text,0.0
used finance,Text,0.0
used finish,Text,0.0
used fix,Text,0.0
vacation loan,Text,0.0
used free,Text,0.0
used fund,Text,0.0
used funds,Text,0.0
used hellip,Text,0.0
used home,Text,0.0
used honda,Text,0.0
used house,Text,0.0
used improve,Text,0.0
used initial,Text,0.0
used following,Text,0.0
used car,Text,0.0
used cards,Text,0.0
used cars,Text,0.0
used cash,Text,0.0
used cc,Text,0.0
used clear,Text,0.0
used collateral,Text,0.0
used combine,Text,0.0
used complete,Text,0.0
used eliminate,Text,0.0
used consolidating,Text,0.0
used consolidation,Text,0.0
used continue,Text,0.0
used couple,Text,0.0
used cover,Text,0.0
used daily,Text,0.0
used debt,Text,0.0
used dental,Text,0.0
used downpayment,Text,0.0
used consilidate,Text,0.0
used operating,Text,0.0
used paid,Text,0.0
used partially,Text,0.0
used past,Text,0.0
used paying,Text,0.0
used payment,Text,0.0
used personal,Text,0.0
used primarily,Text,0.0
used primary,Text,0.0
used install,Text,0.0
used provide,Text,0.0
used purchase,Text,0.0
used purchasing,Text,0.0
used purpose,Text,0.0
used quot,Text,0.0
used reduce,Text,0.0
used reliable,Text,0.0
used remodel,Text,0.0
used remodeling,Text,0.0
used prosper,Text,0.0
used inventory,Text,0.0
used invest,Text,0.0
used just,Text,0.0
used kitchen,Text,0.0
used lendingclub,Text,0.0
used loan,Text,0.0
used lot,Text,0.0
used low,Text,0.0
used lower,Text,0.0
used open,Text,0.0
used major,Text,0.0
used make,Text,0.0
used marketing,Text,0.0
used medical,Text,0.0
used money,Text,0.0
used monthly,Text,0.0
used months,Text,0.0
used motorcycle,Text,0.0
used new,Text,0.0
used mainly,Text,0.0
use just,Text,0.0
use left,Text,0.0
use lending,Text,0.0
use lendingclub,Text,0.0
use like,Text,0.0
use little,Text,0.0
use load,Text,0.0
use major,Text,0.0
used capital,Text,0.0
use medical,Text,0.0
use mint,Text,0.0
use monies,Text,0.0
use monthly,Text,0.0
use need,Text,0.0
use new,Text,0.0
use online,Text,0.0
use opportunity,Text,0.0
use paid,Text,0.0
use make,Text,0.0
use current,Text,0.0
use daily,Text,0.0
use debit,Text,0.0
use debt,Text,0.0
use emergencies,Text,0.0
use emergency,Text,0.0
use entire,Text,0.0
use equity,Text,0.0
use extra,Text,0.0
use income,Text,0.0
use financing,Text,0.0
use funding,Text,0.0
use good,Text,0.0
use great,Text,0.0
use half,Text,0.0
use help,Text,0.0
use high,Text,0.0
use home,Text,0.0
use house,Text,0.0
use family,Text,0.0
use vacation,Text,0.0
use vehicle,Text,0.0
use wedding,Text,0.0
use wisely,Text,0.0
use work,Text,0.0
use year,Text,0.0
used 2000,Text,0.0
used acquire,Text,0.0
used add,Text,0.0
use paying,Text,0.0
used assist,Text,0.0
used auto,Text,0.0
used available,Text,0.0
used balance,Text,0.0
used boat,Text,0.0
used br,Text,0.0
used build,Text,0.0
used business,Text,0.0
used buy,Text,0.0
used additional,Text,0.0
use payment,Text,0.0
use payoff,Text,0.0
use personal,Text,0.0
use portion,Text,0.0
use proceeds,Text,0.0
use purchase,Text,0.0
use remainder,Text,0.0
use remaining,Text,0.0
use requested,Text,0.0
use use,Text,0.0
use rest,Text,0.0
use revolving,Text,0.0
use savings,Text,0.0
use service,Text,0.0
use services,Text,0.0
use small,Text,0.0
use tax,Text,0.0
use thank,Text,0.0
use time,Text,0.0
use resources,Text,0.0
utilities 250,Text,0.0
utilities 300,Text,0.0
utilities 50,Text,0.0
utilities 500,Text,0.0
utilities 60,Text,0.0
utilities 600,Text,0.0
utilities amp,Text,0.0
utilities approx,Text,0.0
used renovate,Text,0.0
utilities cable,Text,0.0
utilities car,Text,0.0
utilities cell,Text,0.0
utilities credit,Text,0.0
utilities debt,Text,0.0
utilities food,Text,0.0
utilities gas,Text,0.0
utilities groceries,Text,0.0
utilities included,Text,0.0
utilities br,Text,0.0
using small,Text,0.0
using snowball,Text,0.0
usmc,Text,0.0
usps,Text,0.0
usual,Text,0.0
usually,Text,0.0
usually early,Text,0.0
usually make,Text,0.0
usually paid,Text,0.0
utilities 200,Text,0.0
usually try,Text,0.0
ut,Text,0.0
utah,Text,0.0
util,Text,0.0
utilites,Text,0.0
utilities 100,Text,0.0
utilities 120,Text,0.0
utilities 125,Text,0.0
utilities 150,Text,0.0
usually pay,Text,0.0
utilize loan,Text,0.0
utilize money,Text,0.0
utilized,Text,0.0
utilized consolidate,Text,0.0
utilized pay,Text,0.0
utilizing,Text,0.0
utilizing funds,Text,0.0
utilizing loan,Text,0.0
utilties,Text,0.0
utilities insurance,Text,0.0
utmost importance,Text,0.0
vacant,Text,0.0
vacation club,Text,0.0
vacation credit,Text,0.0
vacation expenses,Text,0.0
vacation family,Text,0.0
vacation hawaii,Text,0.0
vacation help,Text,0.0
vacation home,Text,0.0
utmost,Text,0.0
utilities internet,Text,0.0
utilities mortgage,Text,0.0
utilities paid,Text,0.0
utilities pay,Text,0.0
utilities phone,Text,0.0
utilities rent,Text,0.0
utilities run,Text,0.0
utilities water,Text,0.0
utility,Text,0.0
utilize funds,Text,0.0
utility company,Text,0.0
utility expenses,Text,0.0
utility industry,Text,0.0
utility payment,Text,0.0
utility payments,Text,0.0
utilization,Text,0.0
utilization credit,Text,0.0
utilize,Text,0.0
utilize credit,Text,0.0
utility bills,Text,0.0
used toâ,Text,0.0
used travel,Text,0.0
used unexpected,Text,0.0
used upcoming,Text,0.0
used update,Text,0.0
used upgrade,Text,0.0
used various,Text,0.0
used vehicle,Text,0.0
using site,Text,0.0
used work,Text,0.0
used working,Text,0.0
used year,Text,0.0
used years,Text,0.0
useful,Text,0.0
useing,Text,0.0
user,Text,0.0
user credit,Text,0.0
users,Text,0.0
used wedding,Text,0.0
used repair,Text,0.0
used repairs,Text,0.0
used repay,Text,0.0
used replace,Text,0.0
used retire,Text,0.0
used rid,Text,0.0
used rv,Text,0.0
used savings,Text,0.0
used school,Text,0.0
used time,Text,0.0
used small,Text,0.0
used solely,Text,0.0
used specifically,Text,0.0
used start,Text,0.0
used startup,Text,0.0
used strictly,Text,0.0
used supplement,Text,0.0
used support,Text,0.0
used tax,Text,0.0
used settle,Text,0.0
using home,Text,0.0
using lending,Text,0.0
using lendingclub,Text,0.0
using load,Text,0.0
using lower,Text,0.0
using method,Text,0.0
using mint,Text,0.0
using money,Text,0.0
using monthly,Text,0.0
uses,Text,0.0
using pay,Text,0.0
using payment,Text,0.0
using payoff,Text,0.0
using personal,Text,0.0
using proceeds,Text,0.0
using remaining,Text,0.0
using rest,Text,0.0
using revolving,Text,0.0
using savings,Text,0.0
using new,Text,0.0
using 100,Text,0.0
using anymore,Text,0.0
using balance,Text,0.0
using borrowed,Text,0.0
using br,Text,0.0
using budget,Text,0.0
using card,Text,0.0
using cards,Text,0.0
using cash,Text,0.0
using high,Text,0.0
using consolidate,Text,0.0
using credit,Text,0.0
using debit,Text,0.0
using debt,Text,0.0
using entire,Text,0.0
using extra,Text,0.0
using fund,Text,0.0
using funding,Text,0.0
using help,Text,0.0
using cc,Text,0.0
wedding august,Text,0.0
wedding bills,Text,0.0
wedding budget,Text,0.0
wedding ceremony,Text,0.0
wedding come,Text,0.0
wedding coming,Text,0.0
wedding cost,Text,0.0
wedding costs,Text,0.0
visa 600,Text,0.0
wedding date,Text,0.0
wedding day,Text,0.0
wedding debt,Text,0.0
wedding deserves,Text,0.0
wedding dreams,Text,0.0
wedding dress,Text,0.0
wedding expense,Text,0.0
wedding family,Text,0.0
wedding fiance,Text,0.0
wedding credit,Text,0.0
weather storm,Text,0.0
weathered,Text,0.0
web,Text,0.0
web based,Text,0.0
web design,Text,0.0
web designer,Text,0.0
web developer,Text,0.0
web development,Text,0.0
web hosting,Text,0.0
wedding april,Text,0.0
website,Text,0.0
website br,Text,0.0
website business,Text,0.0
website currently,Text,0.0
website development,Text,0.0
website www,Text,0.0
websites,Text,0.0
wedding 10,Text,0.0
wedding anniversary,Text,0.0
web site,Text,0.0
wedding paid,Text,0.0
wedding parents,Text,0.0
wedding pay,Text,0.0
wedding paying,Text,0.0
wedding plan,Text,0.0
wedding planning,Text,0.0
wedding plans,Text,0.0
wedding reception,Text,0.0
wedding related,Text,0.0
wedding fiancee,Text,0.0
wedding rings,Text,0.0
wedding saved,Text,0.0
wedding savings,Text,0.0
wedding september,Text,0.0
wedding stable,Text,0.0
wedding summer,Text,0.0
wedding thank,Text,0.0
wedding thanks,Text,0.0
wedding time,Text,0.0
wedding ring,Text,0.0
wedding funds,Text,0.0
wedding gift,Text,0.0
wedding gifts,Text,0.0
wedding going,Text,0.0
wedding good,Text,0.0
wedding great,Text,0.0
wedding help,Text,0.0
wedding honeymoon,Text,0.0
wedding july,Text,0.0
wedding october,Text,0.0
wedding just,Text,0.0
wedding late,Text,0.0
wedding like,Text,0.0
wedding loan,Text,0.0
wedding money,Text,0.0
wedding month,Text,0.0
wedding months,Text,0.0
wedding need,Text,0.0
wedding november,Text,0.0
wedding june,Text,0.0
way forward,Text,0.0
way getting,Text,0.0
way goal,Text,0.0
way going,Text,0.0
way good,Text,0.0
way great,Text,0.0
way handle,Text,0.0
way head,Text,0.0
weather,Text,0.0
way helping,Text,0.0
way high,Text,0.0
way higher,Text,0.0
way increase,Text,0.0
way job,Text,0.0
way know,Text,0.0
way lending,Text,0.0
way life,Text,0.0
way like,Text,0.0
way help,Text,0.0
waterproofing,Text,0.0
wave,Text,0.0
way able,Text,0.0
way accomplish,Text,0.0
way ahead,Text,0.0
way better,Text,0.0
way borrow,Text,0.0
way br,Text,0.0
way clear,Text,0.0
way financial,Text,0.0
way company,Text,0.0
way continue,Text,0.0
way control,Text,0.0
way credit,Text,0.0
way cut,Text,0.0
way days,Text,0.0
way easier,Text,0.0
way end,Text,0.0
way finance,Text,0.0
way college,Text,0.0
way repay,Text,0.0
way right,Text,0.0
way save,Text,0.0
way school,Text,0.0
way start,Text,0.0
way thank,Text,0.0
way thanks,Text,0.0
way think,Text,0.0
way trying,Text,0.0
way live,Text,0.0
way want,Text,0.0
way wife,Text,0.0
way work,Text,0.0
ways,Text,0.0
ways pay,Text,0.0
wealth,Text,0.0
wealthy,Text,0.0
wear,Text,0.0
wear tear,Text,0.0
way use,Text,0.0
way living,Text,0.0
way ll,Text,0.0
way loan,Text,0.0
way long,Text,0.0
way looking,Text,0.0
way lower,Text,0.0
way make,Text,0.0
way making,Text,0.0
way manage,Text,0.0
way reduce,Text,0.0
way money,Text,0.0
way monthly,Text,0.0
way need,Text,0.0
way paid,Text,0.0
way pay,Text,0.0
way paying,Text,0.0
way payment,Text,0.0
way payments,Text,0.0
way possible,Text,0.0
way minimum,Text,0.0
widow,Text,0.0
widowed,Text,0.0
wife accumulated,Text,0.0
wife amp,Text,0.0
wife bought,Text,0.0
wife br,Text,0.0
wife bring,Text,0.0
wife car,Text,0.0
wedding ve,Text,0.0
wife college,Text,0.0
wife combined,Text,0.0
wife credit,Text,0.0
wife current,Text,0.0
wife currently,Text,0.0
wife daughter,Text,0.0
wife debt,Text,0.0
wife decided,Text,0.0
wife didn,Text,0.0
wife children,Text,0.0
western,Text,0.0
wet,Text,0.0
wf,Text,0.0
whats,Text,0.0
whats left,Text,0.0
whatsoever,Text,0.0
whatsoever br,Text,0.0
whatsoever paying,Text,0.0
wheel,Text,0.0
wide range,Text,0.0
wheeler,Text,0.0
wheels,Text,0.0
white,Text,0.0
whittling,Text,0.0
wholesale,Text,0.0
whopping,Text,0.0
wi,Text,0.0
wich,Text,0.0
wide,Text,0.0
wheel drive,Text,0.0
wife makes,Text,0.0
wife married,Text,0.0
wife medical,Text,0.0
wife monthly,Text,0.0
wife mother,Text,0.0
wife moved,Text,0.0
wife need,Text,0.0
wife needs,Text,0.0
wife new,Text,0.0
wife employed,Text,0.0
wife pay,Text,0.0
wife paying,Text,0.0
wife pays,Text,0.0
wife plan,Text,0.0
wife planning,Text,0.0
wife process,Text,0.0
wife purchased,Text,0.0
wife recently,Text,0.0
wife registered,Text,0.0
wife nurse,Text,0.0
wife excellent,Text,0.0
wife expecting,Text,0.0
wife financial,Text,0.0
wife going,Text,0.0
wife good,Text,0.0
wife got,Text,0.0
wife happy,Text,0.0
wife having,Text,0.0
wife high,Text,0.0
wife make,Text,0.0
wife income,Text,0.0
wife job,Text,0.0
wife just,Text,0.0
wife kids,Text,0.0
wife left,Text,0.0
wife like,Text,0.0
wife loan,Text,0.0
wife looking,Text,0.0
wife lost,Text,0.0
wife home,Text,0.0
weekend,Text,0.0
weekend br,Text,0.0
weekends,Text,0.0
weekends br,Text,0.0
weekly,Text,0.0
weekly basis,Text,0.0
weekly br,Text,0.0
weekly paycheck,Text,0.0
west coast,Text,0.0
weeks,Text,0.0
weeks able,Text,0.0
weeks ago,Text,0.0
weeks away,Text,0.0
weeks br,Text,0.0
weeks later,Text,0.0
weeks need,Text,0.0
weeks work,Text,0.0
weighing,Text,0.0
weekly payments,Text,0.0
wedding vendors,Text,0.0
wedding venue,Text,0.0
wedding want,Text,0.0
wedding wedding,Text,0.0
wedding weeks,Text,0.0
wedding year,Text,0.0
wednesday,Text,0.0
week ago,Text,0.0
week br,Text,0.0
week work,Text,0.0
week gas,Text,0.0
week income,Text,0.0
week job,Text,0.0
week like,Text,0.0
week loan,Text,0.0
week need,Text,0.0
week pay,Text,0.0
week stable,Text,0.0
week week,Text,0.0
week current,Text,0.0
went br,Text,0.0
went budget,Text,0.0
went business,Text,0.0
went college,Text,0.0
went credit,Text,0.0
went debt,Text,0.0
went divorce,Text,0.0
went effect,Text,0.0
went high,Text,0.0
weight,Text,0.0
went roof,Text,0.0
went rough,Text,0.0
went school,Text,0.0
went way,Text,0.0
went work,Text,0.0
went wrong,Text,0.0
went year,Text,0.0
weren,Text,0.0
west,Text,0.0
went period,Text,0.0
weight lifted,Text,0.0
weight loss,Text,0.0
weight shoulders,Text,0.0
weighted,Text,0.0
welcome,Text,0.0
welcome br,Text,0.0
welcome questions,Text,0.0
welcomed,Text,0.0
welcomed br,Text,0.0
went bankrupt,Text,0.0
welding,Text,0.0
welfare,Text,0.0
wellness,Text,0.0
wells,Text,0.0
wells fargo,Text,0.0
went 29,Text,0.0
went 99,Text,0.0
went bad,Text,0.0
went bank,Text,0.0
welder,Text,0.0
want begin,Text,0.0
want best,Text,0.0
want better,Text,0.0
want borrow,Text,0.0
want br,Text,0.0
want bring,Text,0.0
want build,Text,0.0
want burden,Text,0.0
waterproof,Text,0.0
want buy,Text,0.0
want cards,Text,0.0
want care,Text,0.0
want carry,Text,0.0
want cash,Text,0.0
want chance,Text,0.0
want change,Text,0.0
want clarify,Text,0.0
want clean,Text,0.0
want business,Text,0.0
wall street,Text,0.0
wallet,Text,0.0
walls,Text,0.0
walls br,Text,0.0
walmart,Text,0.0
walmart card,Text,0.0
wamu,Text,0.0
wamu card,Text,0.0
wamu chase,Text,0.0
want away,Text,0.0
wanna,Text,0.0
wanna pay,Text,0.0
want able,Text,0.0
want add,Text,0.0
want advantage,Text,0.0
want ahead,Text,0.0
want ask,Text,0.0
want assure,Text,0.0
want avoid,Text,0.0
wan,Text,0.0
want family,Text,0.0
want feel,Text,0.0
want feet,Text,0.0
want finally,Text,0.0
want finance,Text,0.0
want finances,Text,0.0
want financial,Text,0.0
want financially,Text,0.0
want finish,Text,0.0
want clear,Text,0.0
want fixed,Text,0.0
want free,Text,0.0
want freedom,Text,0.0
want fresh,Text,0.0
want good,Text,0.0
want high,Text,0.0
want home,Text,0.0
want house,Text,0.0
want improve,Text,0.0
want fix,Text,0.0
want combine,Text,0.0
want completely,Text,0.0
want consolidated,Text,0.0
want consolidation,Text,0.0
want continue,Text,0.0
want control,Text,0.0
want credit,Text,0.0
want cut,Text,0.0
want deal,Text,0.0
want extra,Text,0.0
want default,Text,0.0
want easy,Text,0.0
want eliminate,Text,0.0
want end,Text,0.0
want enjoy,Text,0.0
want ensure,Text,0.0
want establish,Text,0.0
want express,Text,0.0
want extend,Text,0.0
want debts,Text,0.0
visitors,Text,0.0
visits,Text,0.0
visual,Text,0.0
vital,Text,0.0
vitro,Text,0.0
vitro fertilization,Text,0.0
vocation,Text,0.0
vocational,Text,0.0
wall,Text,0.0
volkswagen,Text,0.0
volume,Text,0.0
volumes,Text,0.0
voluntarily,Text,0.0
volunteer,Text,0.0
volunteer work,Text,0.0
volvo,Text,0.0
vote,Text,0.0
vote confidence,Text,0.0
voice,Text,0.0
visa american,Text,0.0
visa balance,Text,0.0
visa br,Text,0.0
visa card,Text,0.0
visa cards,Text,0.0
visa credit,Text,0.0
visa discover,Text,0.0
visa master,Text,0.0
visa mastercard,Text,0.0
visiting,Text,0.0
visas,Text,0.0
visibility,Text,0.0
visible,Text,0.0
vision,Text,0.0
vision br,Text,0.0
visit,Text,0.0
visit family,Text,0.0
visit parents,Text,0.0
visited,Text,0.0
visa mc,Text,0.0
wait started,Text,0.0
wait till,Text,0.0
wait year,Text,0.0
waited,Text,0.0
waiter,Text,0.0
waiting,Text,0.0
waiting bank,Text,0.0
waiting br,Text,0.0
waiting list,Text,0.0
vow,Text,0.0
waiting years,Text,0.0
wake,Text,0.0
walk away,Text,0.0
walk work,Text,0.0
walked,Text,0.0
walking,Text,0.0
walking distance,Text,0.0
walks,Text,0.0
walkway,Text,0.0
waiting period,Text,0.0
vowed,Text,0.0
vp,Text,0.0
vs,Text,0.0
vs br,Text,0.0
vs multiple,Text,0.0
vs years,Text,0.0
vw,Text,0.0
vw beetle,Text,0.0
w2,Text,0.0
wait start,Text,0.0
wachovia,Text,0.0
wages,Text,0.0
wait,Text,0.0
wait br,Text,0.0
wait credit,Text,0.0
wait debt,Text,0.0
wait months,Text,0.0
wait pay,Text,0.0
wait save,Text,0.0
wa,Text,0.0
wanted small,Text,0.0
wanted start,Text,0.0
wanted thank,Text,0.0
wanted use,Text,0.0
wanting add,Text,0.0
wanting buy,Text,0.0
wanting debt,Text,0.0
wanting loan,Text,0.0
want increase,Text,0.0
wanting make,Text,0.0
wanting pay,Text,0.0
wanting purchase,Text,0.0
wanting use,Text,0.0
wants,Text,0.0
wants consolidate,Text,0.0
wants debt,Text,0.0
wants pay,Text,0.0
war,Text,0.0
wanting lower,Text,0.0
want wipe,Text,0.0
want work,Text,0.0
want worry,Text,0.0
wanted add,Text,0.0
wanted better,Text,0.0
wanted borrow,Text,0.0
wanted br,Text,0.0
wanted buy,Text,0.0
wanted clarify,Text,0.0
wanted say,Text,0.0
wanted help,Text,0.0
wanted let,Text,0.0
wanted loan,Text,0.0
wanted lower,Text,0.0
wanted make,Text,0.0
wanted mention,Text,0.0
wanted pay,Text,0.0
wanted payoff,Text,0.0
wanted provide,Text,0.0
wanted consolidate,Text,0.0
watched,Text,0.0
watching,Text,0.0
water,Text,0.0
water br,Text,0.0
water damage,Text,0.0
water electric,Text,0.0
water electricity,Text,0.0
water filtration,Text,0.0
water garbage,Text,0.0
warehouse,Text,0.0
water heater,Text,0.0
water leak,Text,0.0
water line,Text,0.0
water power,Text,0.0
water sewage,Text,0.0
water sewer,Text,0.0
water tank,Text,0.0
water trash,Text,0.0
water treatment,Text,0.0
water gas,Text,0.0
warm,Text,0.0
warning,Text,0.0
warranty,Text,0.0
warranty br,Text,0.0
washing,Text,0.0
washing machine,Text,0.0
washington,Text,0.0
washington dc,Text,0.0
washington mutual,Text,0.0
watch,Text,0.0
wasn,Text,0.0
wasn able,Text,0.0
wasn smart,Text,0.0
wasnt,Text,0.0
waste,Text,0.0
waste money,Text,0.0
wasted,Text,0.0
wasting,Text,0.0
wasting money,Text,0.0
washington state,Text,0.0
want monthly,Text,0.0
want need,Text,0.0
want obtain,Text,0.0
want open,Text,0.0
want opportunity,Text,0.0
want paid,Text,0.0
want pass,Text,0.0
want paying,Text,0.0
want wife,Text,0.0
want payments,Text,0.0
want peace,Text,0.0
want place,Text,0.0
want position,Text,0.0
want provide,Text,0.0
want purchase,Text,0.0
want pursue,Text,0.0
want quickly,Text,0.0
want quot,Text,0.0
want payment,Text,0.0
want install,Text,0.0
want invest,Text,0.0
want investors,Text,0.0
want just,Text,0.0
want know,Text,0.0
want lend,Text,0.0
want lenders,Text,0.0
want let,Text,0.0
want life,Text,0.0
want money,Text,0.0
want live,Text,0.0
want lose,Text,0.0
want low,Text,0.0
want lower,Text,0.0
want lump,Text,0.0
want maintain,Text,0.0
want married,Text,0.0
want mess,Text,0.0
want minimize,Text,0.0
want little,Text,0.0
want stop,Text,0.0
want streamline,Text,0.0
want surprise,Text,0.0
want tap,Text,0.0
want thank,Text,0.0
want things,Text,0.0
want time,Text,0.0
want total,Text,0.0
want touch,Text,0.0
want raise,Text,0.0
want transfer,Text,0.0
want try,Text,0.0
want turn,Text,0.0
want upgrade,Text,0.0
want vacation,Text,0.0
want wait,Text,0.0
want want,Text,0.0
want way,Text,0.0
want wedding,Text,0.0
want track,Text,0.0
want reduce,Text,0.0
want remodel,Text,0.0
want repay,Text,0.0
want replace,Text,0.0
want responsible,Text,0.0
want retire,Text,0.0
want right,Text,0.0
want ruin,Text,0.0
want save,Text,0.0
want stay,Text,0.0
want say,Text,0.0
want sell,Text,0.0
want set,Text,0.0
want short,Text,0.0
want simple,Text,0.0
want simplify,Text,0.0
want single,Text,0.0
want spend,Text,0.0
want start,Text,0.0
want savings,Text,0.0
real good,Text,0.0
real job,Text,0.0
real people,Text,0.0
real progress,Text,0.0
real simple,Text,0.0
realistic,Text,0.0
realistic budget,Text,0.0
realistically,Text,0.0
stable right,Text,0.0
reality br,Text,0.0
reality thank,Text,0.0
realize,Text,0.0
realize debt,Text,0.0
realize dream,Text,0.0
realize goal,Text,0.0
realize importance,Text,0.0
realize need,Text,0.0
realized,Text,0.0
reality,Text,0.0
ready br,Text,0.0
ready buy,Text,0.0
ready college,Text,0.0
ready consolidate,Text,0.0
ready control,Text,0.0
ready credit,Text,0.0
ready cut,Text,0.0
ready debt,Text,0.0
ready financially,Text,0.0
real estate,Text,0.0
ready make,Text,0.0
ready new,Text,0.0
ready open,Text,0.0
ready purchase,Text,0.0
ready rid,Text,0.0
ready sell,Text,0.0
ready start,Text,0.0
real,Text,0.0
real debt,Text,0.0
ready live,Text,0.0
really hope,Text,0.0
really hoping,Text,0.0
really improve,Text,0.0
really just,Text,0.0
really like,Text,0.0
really look,Text,0.0
really looking,Text,0.0
really love,Text,0.0
realized need,Text,0.0
really making,Text,0.0
really need,Text,0.0
really needed,Text,0.0
really needs,Text,0.0
really nice,Text,0.0
really pay,Text,0.0
really really,Text,0.0
really stable,Text,0.0
really start,Text,0.0
really make,Text,0.0
realized needed,Text,0.0
realized paying,Text,0.0
realizing,Text,0.0
reallocate,Text,0.0
really appreciate,Text,0.0
really bad,Text,0.0
really believe,Text,0.0
really don,Text,0.0
really enjoy,Text,0.0
really high,Text,0.0
really feel,Text,0.0
really getting,Text,0.0
really going,Text,0.0
really good,Text,0.0
really grateful,Text,0.0
really great,Text,0.0
really happy,Text,0.0
really hard,Text,0.0
really help,Text,0.0
really excited,Text,0.0
rating 700,Text,0.0
rating credit,Text,0.0
rating currently,Text,0.0
rating excellent,Text,0.0
rating good,Text,0.0
rating high,Text,0.0
rating history,Text,0.0
rating important,Text,0.0
ready begin,Text,0.0
rating late,Text,0.0
rating loan,Text,0.0
rating looking,Text,0.0
rating low,Text,0.0
rating make,Text,0.0
rating pay,Text,0.0
rating stable,Text,0.0
rating thank,Text,0.0
rating time,Text,0.0
rating job,Text,0.0
rates single,Text,0.0
rates sky,Text,0.0
rates skyrocketed,Text,0.0
rates stable,Text,0.0
rates start,Text,0.0
rates thank,Text,0.0
rates thanks,Text,0.0
rates time,Text,0.0
rates total,Text,0.0
rates years,Text,0.0
rates use,Text,0.0
rates using,Text,0.0
rates vary,Text,0.0
rates ve,Text,0.0
rates way,Text,0.0
rates went,Text,0.0
rates work,Text,0.0
rates working,Text,0.0
rates year,Text,0.0
rates trying,Text,0.0
reach goals,Text,0.0
reach loan,Text,0.0
reach questions,Text,0.0
reached,Text,0.0
reached point,Text,0.0
reaches,Text,0.0
reaching,Text,0.0
reaching goal,Text,0.0
read,Text,0.0
rating ve,Text,0.0
read lending,Text,0.0
read loan,Text,0.0
read quot,Text,0.0
readily,Text,0.0
readily available,Text,0.0
reading,Text,0.0
reading br,Text,0.0
reading loan,Text,0.0
reads,Text,0.0
read br,Text,0.0
ratings,Text,0.0
ratio,Text,0.0
ratio 20,Text,0.0
ratio br,Text,0.0
ratio debt,Text,0.0
ratio excellent,Text,0.0
ratio good,Text,0.0
ratio high,Text,0.0
ratio low,Text,0.0
reach financial,Text,0.0
ratios,Text,0.0
raw,Text,0.0
raw land,Text,0.0
raw materials,Text,0.0
ray,Text,0.0
rdquo,Text,0.0
reach 100,Text,0.0
reach br,Text,0.0
reach debt,Text,0.0
ration,Text,0.0
received loan,Text,0.0
received mail,Text,0.0
received new,Text,0.0
received notice,Text,0.0
received offers,Text,0.0
received pay,Text,0.0
received promotion,Text,0.0
received promotions,Text,0.0
really trying,Text,0.0
received raise,Text,0.0
received used,Text,0.0
receives,Text,0.0
receiving funding,Text,0.0
receiving funds,Text,0.0
receiving promotion,Text,0.0
recent changes,Text,0.0
recent college,Text,0.0
recent credit,Text,0.0
received questions,Text,0.0
receive lower,Text,0.0
receive money,Text,0.0
receive monthly,Text,0.0
receive pay,Text,0.0
receive paycheck,Text,0.0
receive raise,Text,0.0
receive social,Text,0.0
receive tax,Text,0.0
receive wedding,Text,0.0
received letter,Text,0.0
received bonus,Text,0.0
received br,Text,0.0
received credit,Text,0.0
received email,Text,0.0
received excellent,Text,0.0
received far,Text,0.0
received funds,Text,0.0
received good,Text,0.0
received high,Text,0.0
received annual,Text,0.0
recently applied,Text,0.0
recently appraised,Text,0.0
recently asked,Text,0.0
recently baby,Text,0.0
recently began,Text,0.0
recently bought,Text,0.0
recently br,Text,0.0
recently car,Text,0.0
recently changed,Text,0.0
recent divorce,Text,0.0
recently consolidated,Text,0.0
recently credit,Text,0.0
recently decided,Text,0.0
recently died,Text,0.0
recently divorced,Text,0.0
recently earned,Text,0.0
recently engaged,Text,0.0
recently family,Text,0.0
recently finished,Text,0.0
recently completed,Text,0.0
recent economic,Text,0.0
recent events,Text,0.0
recent financial,Text,0.0
recent graduate,Text,0.0
recent history,Text,0.0
recent home,Text,0.0
recent increase,Text,0.0
recent mba,Text,0.0
recent medical,Text,0.0
recently acquired,Text,0.0
recent pay,Text,0.0
recent promotion,Text,0.0
recent rate,Text,0.0
recent relocation,Text,0.0
recent surgery,Text,0.0
recent unexpected,Text,0.0
recent wedding,Text,0.0
recent years,Text,0.0
recently accepted,Text,0.0
recent new,Text,0.0
reason high,Text,0.0
reason late,Text,0.0
reason like,Text,0.0
reason loan,Text,0.0
reason looking,Text,0.0
reason make,Text,0.0
reason need,Text,0.0
reason pay,Text,0.0
receive loan,Text,0.0
reason revolving,Text,0.0
reason score,Text,0.0
reason seeking,Text,0.0
reason taking,Text,0.0
reason trying,Text,0.0
reason using,Text,0.0
reason want,Text,0.0
reasonable apr,Text,0.0
reasonable br,Text,0.0
reason requesting,Text,0.0
really use,Text,0.0
really want,Text,0.0
really wanted,Text,0.0
realtor,Text,0.0
realtor fees,Text,0.0
realtors,Text,0.0
realy,Text,0.0
reap,Text,0.0
rear,Text,0.0
reason good,Text,0.0
reason able,Text,0.0
reason applying,Text,0.0
reason asking,Text,0.0
reason believe,Text,0.0
reason br,Text,0.0
reason credit,Text,0.0
reason debt,Text,0.0
reason decided,Text,0.0
reason doing,Text,0.0
rear ended,Text,0.0
rebuild credit,Text,0.0
rebuild savings,Text,0.0
rebuilding,Text,0.0
rebuilding credit,Text,0.0
rebuilding savings,Text,0.0
rebuilt,Text,0.0
rec,Text,0.0
recall,Text,0.0
receipt,Text,0.0
reasonable cost,Text,0.0
receivable,Text,0.0
receivables,Text,0.0
receive bonus,Text,0.0
receive br,Text,0.0
receive credit,Text,0.0
receive financial,Text,0.0
receive funds,Text,0.0
receive great,Text,0.0
receive help,Text,0.0
receipts,Text,0.0
reasonable credit,Text,0.0
reasonable loan,Text,0.0
reasonable monthly,Text,0.0
reasonable pay,Text,0.0
reasonable payment,Text,0.0
reasonable payments,Text,0.0
reasonable price,Text,0.0
reasonable rates,Text,0.0
reasonable time,Text,0.0
rebuild,Text,0.0
reasons br,Text,0.0
reasons debt,Text,0.0
reasons good,Text,0.0
reasons loan,Text,0.0
reasons pay,Text,0.0
reassure,Text,0.0
rebate,Text,0.0
rebates,Text,0.0
rebound,Text,0.0
reasonably,Text,0.0
rate missed,Text,0.0
rate money,Text,0.0
rate month,Text,0.0
rate months,Text,0.0
rate mortgage,Text,0.0
rate near,Text,0.0
rate need,Text,0.0
rate new,Text,0.0
rates significantly,Text,0.0
rate order,Text,0.0
rate original,Text,0.0
rate outrageous,Text,0.0
rate overall,Text,0.0
rate paid,Text,0.0
rate payed,Text,0.0
rate paying,Text,0.0
rate payment,Text,0.0
rate payments,Text,0.0
rate offer,Text,0.0
rate late,Text,0.0
rate lending,Text,0.0
rate lendingclub,Text,0.0
rate let,Text,0.0
rate life,Text,0.0
rate line,Text,0.0
rate ll,Text,0.0
rate loans,Text,0.0
rate long,Text,0.0
rate minimum,Text,0.0
rate looking,Text,0.0
rate lot,Text,0.0
rate love,Text,0.0
rate low,Text,0.0
rate lower,Text,0.0
rate make,Text,0.0
rate makes,Text,0.0
rate making,Text,0.0
rate manageable,Text,0.0
rate longer,Text,0.0
rate reduce,Text,0.0
rate reduced,Text,0.0
rate reduction,Text,0.0
rate refinance,Text,0.0
rate refinancing,Text,0.0
rate refused,Text,0.0
rate remaining,Text,0.0
rate repayment,Text,0.0
rate responsible,Text,0.0
rate payoff,Text,0.0
rate return,Text,0.0
rate revolving,Text,0.0
rate rid,Text,0.0
rate ridiculous,Text,0.0
rate right,Text,0.0
rate saving,Text,0.0
rate set,Text,0.0
rate short,Text,0.0
rate shorter,Text,0.0
rate rest,Text,0.0
rate perfect,Text,0.0
rate personal,Text,0.0
rate plan,Text,0.0
rate plus,Text,0.0
rate possible,Text,0.0
rate prefer,Text,0.0
rate problem,Text,0.0
rate provide,Text,0.0
rate provided,Text,0.0
rate recently,Text,0.0
rate quicker,Text,0.0
rate quot,Text,0.0
rate quoted,Text,0.0
rate raised,Text,0.0
rate rate,Text,0.0
rate rates,Text,0.0
rate really,Text,0.0
rate reason,Text,0.0
rate reasonable,Text,0.0
rate purchase,Text,0.0
rate couple,Text,0.0
rate credits,Text,0.0
rate current,Text,0.0
rate debts,Text,0.0
rate despite,Text,0.0
rate discover,Text,0.0
rate doing,Text,0.0
rate don,Text,0.0
rate killing,Text,0.0
rate easy,Text,0.0
rate eliminate,Text,0.0
rate employed,Text,0.0
rate enabling,Text,0.0
rate end,Text,0.0
rate excellent,Text,0.0
rate existing,Text,0.0
rate expire,Text,0.0
rate expired,Text,0.0
rate easier,Text,0.0
rate card,Text,0.0
rate cards,Text,0.0
rate cc,Text,0.0
rate changes,Text,0.0
rate charge,Text,0.0
rate charged,Text,0.0
rate chase,Text,0.0
rate cheaper,Text,0.0
rate citi,Text,0.0
rate continue,Text,0.0
rate close,Text,0.0
rate closed,Text,0.0
rate company,Text,0.0
rate consider,Text,0.0
rate consistent,Text,0.0
rate consolidate,Text,0.0
rate consolidated,Text,0.0
rate consolidating,Text,0.0
rate consolidation,Text,0.0
rate citibank,Text,0.0
rate help,Text,0.0
rate helping,Text,0.0
rate high,Text,0.0
rate higher,Text,0.0
rate hike,Text,0.0
rate hikes,Text,0.0
rate home,Text,0.0
rate hope,Text,0.0
rate hoping,Text,0.0
rate expires,Text,0.0
rate increase,Text,0.0
rate increased,Text,0.0
rate increases,Text,0.0
rate installment,Text,0.0
rate instead,Text,0.0
rate job,Text,0.0
rate jumped,Text,0.0
rate just,Text,0.0
rate keeps,Text,0.0
rate income,Text,0.0
rate extremely,Text,0.0
rate faster,Text,0.0
rate feel,Text,0.0
rate fees,Text,0.0
rate finish,Text,0.0
rate fixed,Text,0.0
rate free,Text,0.0
rate fund,Text,0.0
rate funds,Text,0.0
rate having,Text,0.0
rate given,Text,0.0
rate goal,Text,0.0
rate goes,Text,0.0
rate going,Text,0.0
rate good,Text,0.0
rate got,Text,0.0
rate great,Text,0.0
rate greater,Text,0.0
rate half,Text,0.0
rate getting,Text,0.0
rates impossible,Text,0.0
rates increased,Text,0.0
rates jacked,Text,0.0
rates job,Text,0.0
rates jumped,Text,0.0
rates just,Text,0.0
rates killing,Text,0.0
rates late,Text,0.0
rate significantly,Text,0.0
rates little,Text,0.0
rates loan,Text,0.0
rates loans,Text,0.0
rates long,Text,0.0
rates longer,Text,0.0
rates looking,Text,0.0
rates love,Text,0.0
rates low,Text,0.0
rates lower,Text,0.0
rates lending,Text,0.0
rates expire,Text,0.0
rates expired,Text,0.0
rates expiring,Text,0.0
rates extremely,Text,0.0
rates feel,Text,0.0
rates fees,Text,0.0
rates financial,Text,0.0
rates fixed,Text,0.0
rates getting,Text,0.0
rates hiked,Text,0.0
rates going,Text,0.0
rates gone,Text,0.0
rates good,Text,0.0
rates great,Text,0.0
rates greater,Text,0.0
rates hard,Text,0.0
rates having,Text,0.0
rates high,Text,0.0
rates higher,Text,0.0
rates goal,Text,0.0
rates personal,Text,0.0
rates plan,Text,0.0
rates possible,Text,0.0
rates quite,Text,0.0
rates quot,Text,0.0
rates raised,Text,0.0
rates ranging,Text,0.0
rates really,Text,0.0
rates reason,Text,0.0
rates lowered,Text,0.0
rates recently,Text,0.0
rates reduce,Text,0.0
rates reduced,Text,0.0
rates ridiculous,Text,0.0
rates rise,Text,0.0
rates save,Text,0.0
rates secure,Text,0.0
rates set,Text,0.0
rates shot,Text,0.0
rates reasonable,Text,0.0
rates make,Text,0.0
rates makes,Text,0.0
rates making,Text,0.0
rates medical,Text,0.0
rates mid,Text,0.0
rates missed,Text,0.0
rates month,Text,0.0
rates monthly,Text,0.0
rates need,Text,0.0
rates payoff,Text,0.0
rates offered,Text,0.0
rates opened,Text,0.0
rates order,Text,0.0
rates outrageous,Text,0.0
rates paid,Text,0.0
rates pay,Text,0.0
rates paying,Text,0.0
rates payment,Text,0.0
rates payments,Text,0.0
rates new,Text,0.0
rate wife,Text,0.0
rate work,Text,0.0
rate worked,Text,0.0
rate working,Text,0.0
rate year,Text,0.0
rate years,Text,0.0
rated,Text,0.0
rated credit,Text,0.0
rates existing,Text,0.0
rates 10,Text,0.0
rates 12,Text,0.0
rates 13,Text,0.0
rates 14,Text,0.0
rates 15,Text,0.0
rates 16,Text,0.0
rates 17,Text,0.0
rates 18,Text,0.0
rates 19,Text,0.0
rated excellent,Text,0.0
rate single,Text,0.0
rate slightly,Text,0.0
rate small,Text,0.0
rate sooner,Text,0.0
rate specific,Text,0.0
rate stable,Text,0.0
rate start,Text,0.0
rate steady,Text,0.0
rate student,Text,0.0
rate went,Text,0.0
rate terms,Text,0.0
rate total,Text,0.0
rate trying,Text,0.0
rate twice,Text,0.0
rate use,Text,0.0
rate used,Text,0.0
rate using,Text,0.0
rate wanted,Text,0.0
rate way,Text,0.0
rate taking,Text,0.0
rates better,Text,0.0
rates card,Text,0.0
rates cards,Text,0.0
rates charged,Text,0.0
rates close,Text,0.0
rates company,Text,0.0
rates consolidate,Text,0.0
rates consolidated,Text,0.0
rates couple,Text,0.0
rates 22,Text,0.0
rates currently,Text,0.0
rates cut,Text,0.0
rates debt,Text,0.0
rates despite,Text,0.0
rates different,Text,0.0
rates difficult,Text,0.0
rates employed,Text,0.0
rates excellent,Text,0.0
rates excess,Text,0.0
rates current,Text,0.0
rates 23,Text,0.0
rates 24,Text,0.0
rates 25,Text,0.0
rates 26,Text,0.0
rates 27,Text,0.0
rates 28,Text,0.0
rates 29,Text,0.0
rates 30,Text,0.0
rates able,Text,0.0
rates best,Text,0.0
rates addition,Text,0.0
rates allow,Text,0.0
rates amp,Text,0.0
rates associated,Text,0.0
rates average,Text,0.0
rates balance,Text,0.0
rates balances,Text,0.0
rates bank,Text,0.0
rates banks,Text,0.0
rates accounts,Text,0.0
remainder credit,Text,0.0
remainder debt,Text,0.0
remainder funds,Text,0.0
remainder home,Text,0.0
remainder loan,Text,0.0
remainder money,Text,0.0
remainder pay,Text,0.0
remainder student,Text,0.0
recently given,Text,0.0
remainder wedding,Text,0.0
remained,Text,0.0
remained stable,Text,0.0
remaing,Text,0.0
remaining 10,Text,0.0
remaining 500,Text,0.0
remaining accounts,Text,0.0
remaining balances,Text,0.0
remaining bills,Text,0.0
remainder used,Text,0.0
relocating job,Text,0.0
relocating new,Text,0.0
relocation br,Text,0.0
relocation costs,Text,0.0
relocation expenses,Text,0.0
relocation job,Text,0.0
relocation new,Text,0.0
reluctant,Text,0.0
rely,Text,0.0
remainder car,Text,0.0
relying,Text,0.0
relying credit,Text,0.0
remain,Text,0.0
remain br,Text,0.0
remain current,Text,0.0
remain good,Text,0.0
remain stable,Text,0.0
remainder auto,Text,0.0
remainder br,Text,0.0
rely credit,Text,0.0
remaining revolving,Text,0.0
remaining student,Text,0.0
remaining used,Text,0.0
remaining wedding,Text,0.0
remains,Text,0.0
remarkable,Text,0.0
remarks,Text,0.0
remarried,Text,0.0
remaining br,Text,0.0
remember,Text,0.0
remember br,Text,0.0
remembering,Text,0.0
reminder,Text,0.0
reminders,Text,0.0
remodel basement,Text,0.0
remodel bathroom,Text,0.0
remodel bathrooms,Text,0.0
remodel br,Text,0.0
remedy,Text,0.0
remaining card,Text,0.0
remaining cards,Text,0.0
remaining cash,Text,0.0
remaining cc,Text,0.0
remaining consumer,Text,0.0
remaining costs,Text,0.0
remaining credit,Text,0.0
remaining expenses,Text,0.0
remaining funds,Text,0.0
remaining proceeds,Text,0.0
remaining higher,Text,0.0
remaining home,Text,0.0
remaining medical,Text,0.0
remaining money,Text,0.0
remaining monies,Text,0.0
remaining monthly,Text,0.0
remaining mortgage,Text,0.0
remaining paid,Text,0.0
remaining pay,Text,0.0
remaining high,Text,0.0
released,Text,0.0
relevant,Text,0.0
reliability,Text,0.0
reliable borrower,Text,0.0
reliable borrowers,Text,0.0
reliable br,Text,0.0
reliable candidate,Text,0.0
reliable car,Text,0.0
relocated job,Text,0.0
reliable credit,Text,0.0
reliable dependable,Text,0.0
reliable honest,Text,0.0
reliable income,Text,0.0
reliable individual,Text,0.0
reliable job,Text,0.0
reliable late,Text,0.0
reliable make,Text,0.0
reliable making,Text,0.0
reliable comes,Text,0.0
relating,Text,0.0
relation,Text,0.0
relations,Text,0.0
relationship,Text,0.0
relationship br,Text,0.0
relationship lending,Text,0.0
relationships,Text,0.0
relative,Text,0.0
relative br,Text,0.0
release,Text,0.0
relatively high,Text,0.0
relatively low,Text,0.0
relatively new,Text,0.0
relatively quickly,Text,0.0
relatively short,Text,0.0
relatively small,Text,0.0
relatives,Text,0.0
relax,Text,0.0
relaxation,Text,0.0
relatively,Text,0.0
relief,Text,0.0
relief br,Text,0.0
relief credit,Text,0.0
relief high,Text,0.0
relief pay,Text,0.0
relieve,Text,0.0
relieve debt,Text,0.0
relieve financial,Text,0.0
relieve stress,Text,0.0
reliable missed,Text,0.0
relieving,Text,0.0
religiously,Text,0.0
relist,Text,0.0
relist loan,Text,0.0
relisted,Text,0.0
relisting,Text,0.0
relocate,Text,0.0
relocate closer,Text,0.0
relocate new,Text,0.0
relieved,Text,0.0
reliable pay,Text,0.0
reliable paying,Text,0.0
reliable payment,Text,0.0
reliable payments,Text,0.0
reliable person,Text,0.0
reliable responsible,Text,0.0
reliable source,Text,0.0
reliable stable,Text,0.0
reliable steady,Text,0.0
relied heavily,Text,0.0
reliable transportation,Text,0.0
reliable trustworthy,Text,0.0
reliable used,Text,0.0
reliable vehicle,Text,0.0
reliable work,Text,0.0
reliably,Text,0.0
reliant,Text,0.0
relied,Text,0.0
relied credit,Text,0.0
reliable time,Text,0.0
rent monthly,Text,0.0
rent mortgage,Text,0.0
rent moving,Text,0.0
rent need,Text,0.0
rent new,Text,0.0
rent paid,Text,0.0
rent pay,Text,0.0
rent paying,Text,0.0
remodel home,Text,0.0
rent phone,Text,0.0
rent place,Text,0.0
rent plan,Text,0.0
rent plus,Text,0.0
rent property,Text,0.0
rent room,Text,0.0
rent rooms,Text,0.0
rent security,Text,0.0
rent space,Text,0.0
rent payment,Text,0.0
rent deposit,Text,0.0
rent don,Text,0.0
rent electric,Text,0.0
rent expense,Text,0.0
rent expenses,Text,0.0
rent food,Text,0.0
rent free,Text,0.0
rent help,Text,0.0
rent home,Text,0.0
rent month,Text,0.0
rent including,Text,0.0
rent insurance,Text,0.0
rent just,Text,0.0
rent live,Text,0.0
rent living,Text,0.0
rent loan,Text,0.0
rent low,Text,0.0
rent make,Text,0.0
rent money,Text,0.0
rent house,Text,0.0
rented house,Text,0.0
renter,Text,0.0
renter insurance,Text,0.0
renters,Text,0.0
renters insurance,Text,0.0
renting,Text,0.0
renting apartment,Text,0.0
renting home,Text,0.0
renting house,Text,0.0
rent thank,Text,0.0
rents,Text,0.0
reo,Text,0.0
reopen,Text,0.0
reorganize,Text,0.0
reorganize debt,Text,0.0
reorganize finances,Text,0.0
reorganizing,Text,0.0
rep,Text,0.0
repaid,Text,0.0
renting years,Text,0.0
rent time,Text,0.0
rent transportation,Text,0.0
rent unit,Text,0.0
rent utilities,Text,0.0
rent utility,Text,0.0
rentable,Text,0.0
rental car,Text,0.0
rental deposit,Text,0.0
rental equipment,Text,0.0
rented apartment,Text,0.0
rental home,Text,0.0
rental house,Text,0.0
rental income,Text,0.0
rental kiosk,Text,0.0
rental properties,Text,0.0
rental rate,Text,0.0
rental unit,Text,0.0
rentals,Text,0.0
rented,Text,0.0
rental fees,Text,0.0
remove credit,Text,0.0
remove debt,Text,0.0
removed,Text,0.0
removed br,Text,0.0
removed credit,Text,0.0
renew,Text,0.0
renewable,Text,0.0
renewable energy,Text,0.0
rent currently,Text,0.0
renewed,Text,0.0
renewed years,Text,0.0
reno,Text,0.0
renovate,Text,0.0
renovate bathroom,Text,0.0
renovate home,Text,0.0
renovate kitchen,Text,0.0
renovated,Text,0.0
renovating,Text,0.0
renewal,Text,0.0
remodel house,Text,0.0
remodel new,Text,0.0
remodel project,Text,0.0
remodeled,Text,0.0
remodeled home,Text,0.0
remodeling bathroom,Text,0.0
remodeling bathrooms,Text,0.0
remodeling br,Text,0.0
remodeling home,Text,0.0
remove,Text,0.0
remodeling loan,Text,0.0
remodeling master,Text,0.0
remodeling new,Text,0.0
remodeling project,Text,0.0
remodeling projects,Text,0.0
remodelling,Text,0.0
remodling,Text,0.0
remote,Text,0.0
removal,Text,0.0
remodeling house,Text,0.0
rent 550,Text,0.0
rent 575,Text,0.0
rent 600,Text,0.0
rent 650,Text,0.0
rent 700,Text,0.0
rent 750,Text,0.0
rent 775,Text,0.0
rent 800,Text,0.0
rent 850,Text,0.0
renovating home,Text,0.0
rent amp,Text,0.0
rent apartment,Text,0.0
rent bills,Text,0.0
rent br,Text,0.0
rent cable,Text,0.0
rent car,Text,0.0
rent cell,Text,0.0
rent credit,Text,0.0
rent current,Text,0.0
rent 900,Text,0.0
renovating kitchen,Text,0.0
renovation,Text,0.0
renovation br,Text,0.0
renovation home,Text,0.0
renovation loan,Text,0.0
renovation project,Text,0.0
renovations br,Text,0.0
renovations home,Text,0.0
renovations house,Text,0.0
rent 500,Text,0.0
rent 100,Text,0.0
rent 1000,Text,0.0
rent 1200,Text,0.0
rent 1500,Text,0.0
rent 200,Text,0.0
rent 250,Text,0.0
rent 300,Text,0.0
rent 400,Text,0.0
rent 450,Text,0.0
renovations new,Text,0.0
recurring bills,Text,0.0
recurring monthly,Text,0.0
recycling,Text,0.0
red,Text,0.0
redbox,Text,0.0
rediculous,Text,0.0
redirect,Text,0.0
redo,Text,0.0
relates,Text,0.0
redoing,Text,0.0
redone,Text,0.0
reduce apr,Text,0.0
reduce balance,Text,0.0
reduce balances,Text,0.0
reduce bills,Text,0.0
reduce br,Text,0.0
reduce cost,Text,0.0
reduce costs,Text,0.0
redo kitchen,Text,0.0
record timely,Text,0.0
recorded,Text,0.0
recording,Text,0.0
recording studio,Text,0.0
records,Text,0.0
records br,Text,0.0
recoup,Text,0.0
recover,Text,0.0
recover br,Text,0.0
recurring,Text,0.0
recovering,Text,0.0
recovery,Text,0.0
recreation,Text,0.0
recreational,Text,0.0
recreational vehicle,Text,0.0
recruit,Text,0.0
recruited,Text,0.0
recruiting,Text,0.0
rectify,Text,0.0
recovered,Text,0.0
reduce rates,Text,0.0
reduce revolving,Text,0.0
reduce stress,Text,0.0
reduce time,Text,0.0
reduce total,Text,0.0
reduced credit,Text,0.0
reduced debt,Text,0.0
reduced income,Text,0.0
reduced monthly,Text,0.0
reduce credit,Text,0.0
reduced rates,Text,0.0
reduced significantly,Text,0.0
reduces,Text,0.0
reduces monthly,Text,0.0
reducing apr,Text,0.0
reducing balance,Text,0.0
reducing current,Text,0.0
reducing debt,Text,0.0
reducing overall,Text,0.0
reduced rate,Text,0.0
reduce current,Text,0.0
reduce currently,Text,0.0
reduce debt,Text,0.0
reduce debts,Text,0.0
reduce eliminate,Text,0.0
reduce existing,Text,0.0
reduce expenses,Text,0.0
reduce high,Text,0.0
reduce higher,Text,0.0
reduce rate,Text,0.0
reduce loan,Text,0.0
reduce montly,Text,0.0
reduce number,Text,0.0
reduce overall,Text,0.0
reduce paid,Text,0.0
reduce pay,Text,0.0
reduce paying,Text,0.0
reduce payment,Text,0.0
reduce payoff,Text,0.0
reduce intrest,Text,0.0
recently opened,Text,0.0
recently paid,Text,0.0
recently passed,Text,0.0
recently paying,Text,0.0
recently promoted,Text,0.0
recently purchased,Text,0.0
recently raised,Text,0.0
recently ran,Text,0.0
record time,Text,0.0
recently refinanced,Text,0.0
recently relocated,Text,0.0
recently returned,Text,0.0
recently signed,Text,0.0
recently sold,Text,0.0
recently started,Text,0.0
recently switched,Text,0.0
recently took,Text,0.0
recently unexpected,Text,0.0
recently received,Text,0.0
recently gone,Text,0.0
recently got,Text,0.0
recently gotten,Text,0.0
recently hired,Text,0.0
recently increased,Text,0.0
recently incurred,Text,0.0
recently job,Text,0.0
recently just,Text,0.0
recently landed,Text,0.0
recently offered,Text,0.0
recently loan,Text,0.0
recently lost,Text,0.0
recently major,Text,0.0
recently married,Text,0.0
recently medical,Text,0.0
recently moved,Text,0.0
recently new,Text,0.0
recently noticed,Text,0.0
recently obtained,Text,0.0
recently learned,Text,0.0
recommendation,Text,0.0
recommendations,Text,0.0
recommended lending,Text,0.0
recommends,Text,0.0
reconcile,Text,0.0
reconsider,Text,0.0
reconsolidate,Text,0.0
reconstruction,Text,0.0
reconstructive,Text,0.0
recently used,Text,0.0
record credit,Text,0.0
record good,Text,0.0
record late,Text,0.0
record lending,Text,0.0
record making,Text,0.0
record paid,Text,0.0
record pay,Text,0.0
record paying,Text,0.0
record success,Text,0.0
record br,Text,0.0
recently ve,Text,0.0
recently went,Text,0.0
reception,Text,0.0
reception br,Text,0.0
reception hall,Text,0.0
reception honeymoon,Text,0.0
receptionist,Text,0.0
recession br,Text,0.0
recession proof,Text,0.0
recommend,Text,0.0
recieve loan,Text,0.0
recieved,Text,0.0
recieving,Text,0.0
recieving loan,Text,0.0
recipient,Text,0.0
reckless,Text,0.0
recognition,Text,0.0
recognize,Text,0.0
recognized,Text,0.0
recieve,Text,0.0
regarding,Text,0.0
regarding finances,Text,0.0
regarding loan,Text,0.0
regardless,Text,0.0
regards,Text,0.0
regards br,Text,0.0
regards loan,Text,0.0
region,Text,0.0
reducing payments,Text,0.0
regions,Text,0.0
register,Text,0.0
registered,Text,0.0
registered nurse,Text,0.0
registration,Text,0.0
registration fees,Text,0.0
regret,Text,0.0
regret br,Text,0.0
regrets,Text,0.0
regional,Text,0.0
refund pay,Text,0.0
refundable,Text,0.0
refunded,Text,0.0
refunds,Text,0.0
refurbish,Text,0.0
refurbished,Text,0.0
refurnish,Text,0.0
refuse,Text,0.0
refuse lower,Text,0.0
regarded,Text,0.0
refused,Text,0.0
refuses,Text,0.0
reg,Text,0.0
regain,Text,0.0
regain control,Text,0.0
regain financial,Text,0.0
regained,Text,0.0
regaining,Text,0.0
regard,Text,0.0
refuse pay,Text,0.0
rehearsal,Text,0.0
rehearsal dinner,Text,0.0
reign,Text,0.0
reimburse,Text,0.0
reimbursement,Text,0.0
reimburses,Text,0.0
reinforce,Text,0.0
reinvest,Text,0.0
reinvesting,Text,0.0
regular basis,Text,0.0
reiterate,Text,0.0
rejected,Text,0.0
related,Text,0.0
related business,Text,0.0
related credit,Text,0.0
related debt,Text,0.0
related expenses,Text,0.0
related wedding,Text,0.0
related work,Text,0.0
reinvestment,Text,0.0
regular bills,Text,0.0
regular credit,Text,0.0
regular income,Text,0.0
regular job,Text,0.0
regular payment,Text,0.0
regular payments,Text,0.0
regular people,Text,0.0
regular time,Text,0.0
regularly,Text,0.0
rehabilitation,Text,0.0
regularly pay,Text,0.0
regularly time,Text,0.0
regulation,Text,0.0
regulations,Text,0.0
regulatory,Text,0.0
rehab,Text,0.0
rehab br,Text,0.0
rehab rental,Text,0.0
rehabbed,Text,0.0
regularly br,Text,0.0
refi,Text,0.0
refi br,Text,0.0
refi credit,Text,0.0
refi existing,Text,0.0
refi lower,Text,0.0
refiance,Text,0.0
refinace,Text,0.0
refinacing,Text,0.0
refund br,Text,0.0
refinance balance,Text,0.0
refinance better,Text,0.0
refinance cards,Text,0.0
refinance cc,Text,0.0
refinance close,Text,0.0
refinance consolidate,Text,0.0
refinance current,Text,0.0
refinance debt,Text,0.0
refinance high,Text,0.0
refinance auto,Text,0.0
reducing rate,Text,0.0
reduction,Text,0.0
reduction br,Text,0.0
reduction credit,Text,0.0
reduction debt,Text,0.0
reduction loan,Text,0.0
reduction plan,Text,0.0
reduction rate,Text,0.0
reductions,Text,0.0
referring,Text,0.0
reestablish,Text,0.0
refer,Text,0.0
reference,Text,0.0
referenced,Text,0.0
references,Text,0.0
referral,Text,0.0
referrals,Text,0.0
referred,Text,0.0
referred lending,Text,0.0
reenlisted,Text,0.0
refinancing lower,Text,0.0
refinancing mortgage,Text,0.0
refinancing pay,Text,0.0
refinish,Text,0.0
refinishing,Text,0.0
reflect,Text,0.0
reflected,Text,0.0
reflected credit,Text,0.0
reflection,Text,0.0
refinance home,Text,0.0
reflects,Text,0.0
reflects br,Text,0.0
refocus,Text,0.0
reform,Text,0.0
refresh,Text,0.0
refreshing,Text,0.0
refrigerator,Text,0.0
refrigerator br,Text,0.0
refund,Text,0.0
reflective,Text,0.0
refinance house,Text,0.0
refinance loan,Text,0.0
refinance mortgage,Text,0.0
refinance outstanding,Text,0.0
refinance pay,Text,0.0
refinance remaining,Text,0.0
refinance time,Text,0.0
refinanced home,Text,0.0
refinanced house,Text,0.0
refinancing loan,Text,0.0
refinancing car,Text,0.0
refinancing current,Text,0.0
refinancing debt,Text,0.0
refinancing existing,Text,0.0
refinancing high,Text,0.0
refinancing higher,Text,0.0
refinancing home,Text,0.0
refinancing house,Text,0.0
refinancing lending,Text,0.0
refinanced mortgage,Text,0.0
process purchasing,Text,0.0
process reducing,Text,0.0
process refinancing,Text,0.0
process remodeling,Text,0.0
process renovating,Text,0.0
process save,Text,0.0
process selling,Text,0.0
process starting,Text,0.0
rate car,Text,0.0
process thanks,Text,0.0
process trying,Text,0.0
process want,Text,0.0
process works,Text,0.0
processed,Text,0.0
processes,Text,0.0
procure,Text,0.0
produce,Text,0.0
produced,Text,0.0
process thank,Text,0.0
proceeds purchase,Text,0.0
proceeds used,Text,0.0
proceedure,Text,0.0
process br,Text,0.0
process buying,Text,0.0
process consolidating,Text,0.0
process credit,Text,0.0
process debt,Text,0.0
process doing,Text,0.0
process paying,Text,0.0
process getting,Text,0.0
process lending,Text,0.0
process like,Text,0.0
process loan,Text,0.0
process looking,Text,0.0
process lower,Text,0.0
process moving,Text,0.0
process opening,Text,0.0
process pay,Text,0.0
process eliminating,Text,0.0
profession,Text,0.0
profession 10,Text,0.0
profession 20,Text,0.0
profession br,Text,0.0
profession years,Text,0.0
professional 10,Text,0.0
professional br,Text,0.0
professional business,Text,0.0
producer,Text,0.0
professional company,Text,0.0
professional development,Text,0.0
professional employed,Text,0.0
professional engineer,Text,0.0
professional excellent,Text,0.0
professional experience,Text,0.0
professional financial,Text,0.0
professional good,Text,0.0
professional job,Text,0.0
professional career,Text,0.0
producers,Text,0.0
produces,Text,0.0
producing,Text,0.0
product,Text,0.0
product br,Text,0.0
product development,Text,0.0
product high,Text,0.0
product line,Text,0.0
production,Text,0.0
products services,Text,0.0
production business,Text,0.0
production companies,Text,0.0
production company,Text,0.0
production equipment,Text,0.0
productions,Text,0.0
productive,Text,0.0
productivity,Text,0.0
products br,Text,0.0
products business,Text,0.0
production br,Text,0.0
private party,Text,0.0
private practice,Text,0.0
private school,Text,0.0
private sector,Text,0.0
private seller,Text,0.0
private student,Text,0.0
private university,Text,0.0
privately,Text,0.0
proceeds payoff,Text,0.0
privately owned,Text,0.0
privilege,Text,0.0
pro,Text,0.0
proactive,Text,0.0
proactively,Text,0.0
probability,Text,0.0
probably,Text,0.0
probably make,Text,0.0
probably paid,Text,0.0
privately held,Text,0.0
priorities,Text,0.0
prioritize,Text,0.0
priority,Text,0.0
priority br,Text,0.0
priority make,Text,0.0
priority pay,Text,0.0
priority thank,Text,0.0
pristine,Text,0.0
pristine condition,Text,0.0
private owner,Text,0.0
privacy,Text,0.0
privacy fence,Text,0.0
private,Text,0.0
private company,Text,0.0
private investor,Text,0.0
private investors,Text,0.0
private loan,Text,0.0
private loans,Text,0.0
private mortgage,Text,0.0
prius,Text,0.0
problem thanks,Text,0.0
problem time,Text,0.0
problem ve,Text,0.0
problem whatsoever,Text,0.0
problems br,Text,0.0
problems house,Text,0.0
problems making,Text,0.0
problems past,Text,0.0
problems paying,Text,0.0
probably pay,Text,0.0
procedure,Text,0.0
procedure br,Text,0.0
procedure covered,Text,0.0
proceed,Text,0.0
proceedings,Text,0.0
proceeds br,Text,0.0
proceeds consolidate,Text,0.0
proceeds help,Text,0.0
proceeds pay,Text,0.0
problems repaying,Text,0.0
probation,Text,0.0
probationary,Text,0.0
problem br,Text,0.0
problem credit,Text,0.0
problem debt,Text,0.0
problem getting,Text,0.0
problem help,Text,0.0
problem high,Text,0.0
problem just,Text,0.0
problem thank,Text,0.0
problem make,Text,0.0
problem meeting,Text,0.0
problem monthly,Text,0.0
problem need,Text,0.0
problem pay,Text,0.0
problem paying,Text,0.0
problem payment,Text,0.0
problem payments,Text,0.0
problem repaying,Text,0.0
problem loan,Text,0.0
promoted company,Text,0.0
promoted job,Text,0.0
promoted new,Text,0.0
promoted senior,Text,0.0
promoted supervisor,Text,0.0
promoted times,Text,0.0
promoted twice,Text,0.0
promoted year,Text,0.0
professional just,Text,0.0
promoting,Text,0.0
promotion,Text,0.0
promotion br,Text,0.0
promotion job,Text,0.0
promotion months,Text,0.0
promotion raise,Text,0.0
promotion work,Text,0.0
promotion year,Text,0.0
promotional apr,Text,0.0
promoted years,Text,0.0
projects new,Text,0.0
prominent,Text,0.0
promise,Text,0.0
promise br,Text,0.0
promise good,Text,0.0
promise let,Text,0.0
promise loan,Text,0.0
promise make,Text,0.0
promise pay,Text,0.0
promoted br,Text,0.0
promise won,Text,0.0
promised,Text,0.0
promised br,Text,0.0
promises,Text,0.0
promising,Text,0.0
promo,Text,0.0
promo rate,Text,0.0
promote,Text,0.0
promoted,Text,0.0
promise repay,Text,0.0
property acres,Text,0.0
property business,Text,0.0
property cash,Text,0.0
property currently,Text,0.0
property excellent,Text,0.0
property good,Text,0.0
property great,Text,0.0
property house,Text,0.0
property income,Text,0.0
promotional period,Text,0.0
property like,Text,0.0
property loan,Text,0.0
property management,Text,0.0
property manager,Text,0.0
property mortgage,Text,0.0
property need,Text,0.0
property outright,Text,0.0
property owner,Text,0.0
property paid,Text,0.0
property investment,Text,0.0
promotional rates,Text,0.0
promotions,Text,0.0
promotions time,Text,0.0
prompt,Text,0.0
prompt paying,Text,0.0
prompt payment,Text,0.0
prompt payments,Text,0.0
prompted,Text,0.0
promptly,Text,0.0
properties br,Text,0.0
promptly thanks,Text,0.0
promptly time,Text,0.0
proof,Text,0.0
proof income,Text,0.0
prop,Text,0.0
propane,Text,0.0
properly,Text,0.0
properly br,Text,0.0
properties,Text,0.0
promptly br,Text,0.0
profit organization,Text,0.0
profit sharing,Text,0.0
profit year,Text,0.0
profitability,Text,0.0
profitable,Text,0.0
profitable br,Text,0.0
profitable business,Text,0.0
profitable company,Text,0.0
projects need,Text,0.0
profitable year,Text,0.0
profiting,Text,0.0
profits br,Text,0.0
program,Text,0.0
program br,Text,0.0
program help,Text,0.0
program job,Text,0.0
program like,Text,0.0
program paid,Text,0.0
profitable small,Text,0.0
professional looking,Text,0.0
professional needs,Text,0.0
professional position,Text,0.0
professional recently,Text,0.0
professional secure,Text,0.0
professional services,Text,0.0
professional stable,Text,0.0
professional steady,Text,0.0
professional time,Text,0.0
profit margins,Text,0.0
professional working,Text,0.0
professional years,Text,0.0
professionally,Text,0.0
professionals,Text,0.0
professor,Text,0.0
profile shows,Text,0.0
profit,Text,0.0
profit br,Text,0.0
profit margin,Text,0.0
professional trying,Text,0.0
project just,Text,0.0
project like,Text,0.0
project loan,Text,0.0
project management,Text,0.0
project months,Text,0.0
project need,Text,0.0
project started,Text,0.0
project thank,Text,0.0
project went,Text,0.0
program pay,Text,0.0
projected monthly,Text,0.0
projecting,Text,0.0
projection,Text,0.0
projections,Text,0.0
projects br,Text,0.0
projects home,Text,0.0
projects house,Text,0.0
projects including,Text,0.0
projects like,Text,0.0
projected,Text,0.0
programmer,Text,0.0
programming,Text,0.0
programs,Text,0.0
programs br,Text,0.0
progress br,Text,0.0
progress debt,Text,0.0
progress just,Text,0.0
progress like,Text,0.0
progress loan,Text,0.0
project house,Text,0.0
progressed,Text,0.0
progressing,Text,0.0
progressive,Text,0.0
project br,Text,0.0
project complete,Text,0.0
project completed,Text,0.0
project cost,Text,0.0
project credit,Text,0.0
project home,Text,0.0
progress paying,Text,0.0
potential growth,Text,0.0
potential investor,Text,0.0
potential investors,Text,0.0
potential lender,Text,0.0
potential loan,Text,0.0
potentially,Text,0.0
pound,Text,0.0
pounds,Text,0.0
prior year,Text,0.0
poured,Text,0.0
pouring,Text,0.0
poverty,Text,0.0
power 200,Text,0.0
power plant,Text,0.0
powered,Text,0.0
powerful,Text,0.0
pr,Text,0.0
practically,Text,0.0
pour,Text,0.0
possibly new,Text,0.0
possibly pay,Text,0.0
possition,Text,0.0
post br,Text,0.0
post college,Text,0.0
post doc,Text,0.0
post graduate,Text,0.0
post graduation,Text,0.0
post office,Text,0.0
potential customers,Text,0.0
postal service,Text,0.0
postdoctoral,Text,0.0
posted,Text,0.0
posting,Text,0.0
postion,Text,0.0
postponed,Text,0.0
posts,Text,0.0
potential br,Text,0.0
potential business,Text,0.0
postal,Text,0.0
precious,Text,0.0
predatory,Text,0.0
predatory rates,Text,0.0
predicament,Text,0.0
predict,Text,0.0
predictable,Text,0.0
predicted,Text,0.0
predominantly,Text,0.0
prefer borrow,Text,0.0
practice,Text,0.0
prefer fixed,Text,0.0
prefer loan,Text,0.0
prefer lower,Text,0.0
prefer make,Text,0.0
prefer pay,Text,0.0
prefer payment,Text,0.0
prefer use,Text,0.0
preferable,Text,0.0
preferably,Text,0.0
prefer consolidate,Text,0.0
practice br,Text,0.0
practices,Text,0.0
practicing,Text,0.0
practitioner,Text,0.0
pray,Text,0.0
prayer,Text,0.0
prayers,Text,0.0
praying,Text,0.0
praying loan,Text,0.0
preapproved,Text,0.0
pre approval,Text,0.0
pre approved,Text,0.0
pre existing,Text,0.0
pre owned,Text,0.0
pre paid,Text,0.0
pre pay,Text,0.0
pre payment,Text,0.0
pre qualified,Text,0.0
pre tax,Text,0.0
pre,Text,0.0
position worked,Text,0.0
position working,Text,0.0
position year,Text,0.0
positioned,Text,0.0
positions,Text,0.0
positive br,Text,0.0
positive credit,Text,0.0
positive direction,Text,0.0
possibly,Text,0.0
positive impact,Text,0.0
positive income,Text,0.0
positive monthly,Text,0.0
positively,Text,0.0
possess,Text,0.0
possession,Text,0.0
possessions,Text,0.0
possibilities,Text,0.0
possibility,Text,0.0
positive experience,Text,0.0
position long,Text,0.0
position major,Text,0.0
position make,Text,0.0
position months,Text,0.0
position national,Text,0.0
position new,Text,0.0
position past,Text,0.0
position paying,Text,0.0
position plan,Text,0.0
position wife,Text,0.0
position salary,Text,0.0
position secure,Text,0.0
position solid,Text,0.0
position stable,Text,0.0
position start,Text,0.0
position state,Text,0.0
position thank,Text,0.0
position university,Text,0.0
position ve,Text,0.0
position purchase,Text,0.0
possible new,Text,0.0
possible order,Text,0.0
possible pay,Text,0.0
possible paying,Text,0.0
possible payment,Text,0.0
possible plan,Text,0.0
possible rates,Text,0.0
possible responsible,Text,0.0
possible save,Text,0.0
possible able,Text,0.0
possible start,Text,0.0
possible steady,Text,0.0
possible thank,Text,0.0
possible thanks,Text,0.0
possible time,Text,0.0
possible use,Text,0.0
possible want,Text,0.0
possible work,Text,0.0
possible year,Text,0.0
possible stable,Text,0.0
possible appreciate,Text,0.0
possible consolidating,Text,0.0
possible credit,Text,0.0
possible currently,Text,0.0
possible debt,Text,0.0
possible don,Text,0.0
possible future,Text,0.0
possible goal,Text,0.0
possible good,Text,0.0
possible need,Text,0.0
possible home,Text,0.0
possible investment,Text,0.0
possible just,Text,0.0
possible lending,Text,0.0
possible like,Text,0.0
possible loan,Text,0.0
possible lower,Text,0.0
possible make,Text,0.0
possible monthly,Text,0.0
possible help,Text,0.0
pride,Text,0.0
pride br,Text,0.0
pride credit,Text,0.0
pride fact,Text,0.0
pride having,Text,0.0
pride keeping,Text,0.0
pride making,Text,0.0
pride paying,Text,0.0
preferred,Text,0.0
primarily debt,Text,0.0
primarily home,Text,0.0
primarily used,Text,0.0
primary focus,Text,0.0
primary goal,Text,0.0
primary home,Text,0.0
primary job,Text,0.0
primary purpose,Text,0.0
primary reason,Text,0.0
pride responsible,Text,0.0
previously borrowed,Text,0.0
previously br,Text,0.0
previously employed,Text,0.0
previously loan,Text,0.0
previously paid,Text,0.0
previously stated,Text,0.0
previously taken,Text,0.0
previously used,Text,0.0
price,Text,0.0
pricing,Text,0.0
price loan,Text,0.0
price point,Text,0.0
price range,Text,0.0
price want,Text,0.0
priced,Text,0.0
priceless,Text,0.0
prices,Text,0.0
prices low,Text,0.0
pricey,Text,0.0
price br,Text,0.0
prior,Text,0.0
prior 36,Text,0.0
prior company,Text,0.0
prior current,Text,0.0
prior date,Text,0.0
prior employed,Text,0.0
prior employer,Text,0.0
prior employment,Text,0.0
prior end,Text,0.0
primary residence,Text,0.0
prior home,Text,0.0
prior job,Text,0.0
prior lending,Text,0.0
prior loan,Text,0.0
prior moving,Text,0.0
prior position,Text,0.0
prior starting,Text,0.0
prior wedding,Text,0.0
prior worked,Text,0.0
prior getting,Text,0.0
primary source,Text,0.0
primary use,Text,0.0
prime,Text,0.0
prime rate,Text,0.0
principal balance,Text,0.0
principal debt,Text,0.0
principal loan,Text,0.0
principal pay,Text,0.0
principal payments,Text,0.0
printing,Text,0.0
principle balance,Text,0.0
principle br,Text,0.0
principle instead,Text,0.0
principle loan,Text,0.0
principles,Text,0.0
prinicpal,Text,0.0
print,Text,0.0
printed,Text,0.0
printer,Text,0.0
principle,Text,0.0
preschool,Text,0.0
prescription,Text,0.0
prescriptions,Text,0.0
presence,Text,0.0
present br,Text,0.0
present company,Text,0.0
present employer,Text,0.0
present loan,Text,0.0
previous years,Text,0.0
present time,Text,0.0
presented,Text,0.0
presently,Text,0.0
presently employed,Text,0.0
presently paying,Text,0.0
presents,Text,0.0
preserve,Text,0.0
preserve credit,Text,0.0
preserving,Text,0.0
present position,Text,0.0
pregnancy,Text,0.0
pregnant,Text,0.0
preliminary,Text,0.0
premier,Text,0.0
premium,Text,0.0
premiums,Text,0.0
prep,Text,0.0
prepaid,Text,0.0
preparation,Text,0.0
prepayment penalty,Text,0.0
prepare buy,Text,0.0
prepare future,Text,0.0
prepare wedding,Text,0.0
prepared,Text,0.0
preparing,Text,0.0
prepay,Text,0.0
prepay loan,Text,0.0
prepaying,Text,0.0
prepayment,Text,0.0
preparations,Text,0.0
previous car,Text,0.0
previous company,Text,0.0
previous credit,Text,0.0
previous debt,Text,0.0
previous description,Text,0.0
previous employer,Text,0.0
previous employment,Text,0.0
previous home,Text,0.0
previous lc,Text,0.0
president,Text,0.0
previous loan,Text,0.0
previous loans,Text,0.0
previous marriage,Text,0.0
previous owner,Text,0.0
previous owners,Text,0.0
previous personal,Text,0.0
previous position,Text,0.0
previous question,Text,0.0
previous year,Text,0.0
previous lendingclub,Text,0.0
press,Text,0.0
pressing,Text,0.0
prestigious,Text,0.0
pretty,Text,0.0
pretty cool,Text,0.0
pretty decent,Text,0.0
pretty good,Text,0.0
pretty high,Text,0.0
pretty low,Text,0.0
preventive,Text,0.0
pretty simple,Text,0.0
pretty stable,Text,0.0
pretty sure,Text,0.0
prev,Text,0.0
prevent,Text,0.0
prevent future,Text,0.0
prevent paying,Text,0.0
prevented,Text,0.0
preventing,Text,0.0
pretty secure,Text,0.0
quickly efficiently,Text,0.0
quickly growing,Text,0.0
quickly just,Text,0.0
quickly like,Text,0.0
quickly loan,Text,0.0
quickly pay,Text,0.0
quickly paying,Text,0.0
quickly payoff,Text,0.0
property pay,Text,0.0
quickly start,Text,0.0
quickly thank,Text,0.0
quickly thanks,Text,0.0
quickly time,Text,0.0
quickly want,Text,0.0
quickly years,Text,0.0
quiet,Text,0.0
quit,Text,0.0
quit job,Text,0.0
quickly possible,Text,0.0
quicker loan,Text,0.0
quicker lower,Text,0.0
quicker make,Text,0.0
quicker pay,Text,0.0
quicker paying,Text,0.0
quicker rate,Text,0.0
quicker save,Text,0.0
quicker thank,Text,0.0
quicker thanks,Text,0.0
quickly easily,Text,0.0
quicker ve,Text,0.0
quicker way,Text,0.0
quicker years,Text,0.0
quickest,Text,0.0
quickest way,Text,0.0
quickly able,Text,0.0
quickly br,Text,0.0
quickly credit,Text,0.0
quickly debt,Text,0.0
quicker time,Text,0.0
quot debt,Text,0.0
quot emergency,Text,0.0
quot excellent,Text,0.0
quot financial,Text,0.0
quot free,Text,0.0
quot freedom,Text,0.0
quot good,Text,0.0
quot great,Text,0.0
quot green,Text,0.0
quit paying,Text,0.0
quot home,Text,0.0
quot investors,Text,0.0
quot items,Text,0.0
quot job,Text,0.0
quot just,Text,0.0
quot lending,Text,0.0
quot life,Text,0.0
quot light,Text,0.0
quot like,Text,0.0
quot help,Text,0.0
quit time,Text,0.0
quite,Text,0.0
quite able,Text,0.0
quite bit,Text,0.0
quite easy,Text,0.0
quite expensive,Text,0.0
quite good,Text,0.0
quite high,Text,0.0
quite low,Text,0.0
quot current,Text,0.0
quite stable,Text,0.0
quite time,Text,0.0
quite years,Text,0.0
quitting,Text,0.0
quot big,Text,0.0
quot business,Text,0.0
quot cards,Text,0.0
quot cash,Text,0.0
quot credit,Text,0.0
quite secure,Text,0.0
question let,Text,0.0
question like,Text,0.0
question regarding,Text,0.0
questions answer,Text,0.0
questions answered,Text,0.0
questions answers,Text,0.0
questions appreciate,Text,0.0
questions ask,Text,0.0
quicker late,Text,0.0
questions best,Text,0.0
questions concerns,Text,0.0
questions contact,Text,0.0
questions credit,Text,0.0
questions don,Text,0.0
questions glad,Text,0.0
questions happy,Text,0.0
questions help,Text,0.0
questions hesitate,Text,0.0
questions asked,Text,0.0
quality borrower,Text,0.0
quality life,Text,0.0
quality time,Text,0.0
quality work,Text,0.0
quantities,Text,0.0
quantity,Text,0.0
quarter,Text,0.0
quarter year,Text,0.0
quarterly,Text,0.0
question investor,Text,0.0
quarterly bonuses,Text,0.0
quarters,Text,0.0
queries,Text,0.0
quest,Text,0.0
question answered,Text,0.0
question ask,Text,0.0
question asked,Text,0.0
question br,Text,0.0
question feel,Text,0.0
quarterly bonus,Text,0.0
questions welcomed,Text,0.0
quick,Text,0.0
quick br,Text,0.0
quick cash,Text,0.0
quick easy,Text,0.0
quick funding,Text,0.0
quick loan,Text,0.0
quick note,Text,0.0
quick possible,Text,0.0
questions hope,Text,0.0
quick update,Text,0.0
quickbooks,Text,0.0
quicken,Text,0.0
quicker better,Text,0.0
quicker cheaper,Text,0.0
quicker credit,Text,0.0
quicker current,Text,0.0
quicker debt,Text,0.0
quicker easier,Text,0.0
quick repayment,Text,0.0
questions investors,Text,0.0
questions just,Text,0.0
questions let,Text,0.0
questions like,Text,0.0
questions ll,Text,0.0
questions loan,Text,0.0
questions look,Text,0.0
questions make,Text,0.0
questions monthly,Text,0.0
questions welcome,Text,0.0
questions potential,Text,0.0
questions provide,Text,0.0
questions quickly,Text,0.0
questions regarding,Text,0.0
questions regards,Text,0.0
questions respond,Text,0.0
questions thank,Text,0.0
questions thanks,Text,0.0
questions try,Text,0.0
questions need,Text,0.0
rapid growth,Text,0.0
rapidly,Text,0.0
rapidly expanding,Text,0.0
rapidly growing,Text,0.0
rare,Text,0.0
rarely,Text,0.0
rarely late,Text,0.0
rarely use,Text,0.0
quot loan,Text,0.0
rate 11,Text,0.0
rate 12,Text,0.0
rate 13,Text,0.0
rate 14,Text,0.0
rate 15,Text,0.0
rate 16,Text,0.0
rate 17,Text,0.0
rate 18,Text,0.0
rate 19,Text,0.0
rat,Text,0.0
ran credit,Text,0.0
ran debt,Text,0.0
ran money,Text,0.0
ranch,Text,0.0
random,Text,0.0
range 14,Text,0.0
range 15,Text,0.0
range 19,Text,0.0
ranges,Text,0.0
rapid,Text,0.0
ranging 16,Text,0.0
ranging 17,Text,0.0
ranging 18,Text,0.0
ranging 21,Text,0.0
ranging 22,Text,0.0
ranging 24,Text,0.0
rank,Text,0.0
ranked,Text,0.0
ranks,Text,0.0
ranging,Text,0.0
rate affordable,Text,0.0
rate allow,Text,0.0
rate allowing,Text,0.0
rate allows,Text,0.0
rate applied,Text,0.0
rate applying,Text,0.0
rate appreciate,Text,0.0
rate approximately,Text,0.0
rate apr,Text,0.0
rate 20,Text,0.0
rate available,Text,0.0
rate average,Text,0.0
rate balance,Text,0.0
rate balances,Text,0.0
rate bank,Text,0.0
rate banks,Text,0.0
rate believe,Text,0.0
rate big,Text,0.0
rate bills,Text,0.0
rate auto,Text,0.0
rate 21,Text,0.0
rate 22,Text,0.0
rate 23,Text,0.0
rate 24,Text,0.0
rate 25,Text,0.0
rate 26,Text,0.0
rate 27,Text,0.0
rate 28,Text,0.0
rate 29,Text,0.0
rate afford,Text,0.0
rate 36,Text,0.0
rate 75,Text,0.0
rate 90,Text,0.0
rate 99,Text,0.0
rate able,Text,0.0
rate account,Text,0.0
rate accounts,Text,0.0
rate actually,Text,0.0
rate add,Text,0.0
rate 30,Text,0.0
quot work,Text,0.0
quote,Text,0.0
quotes,Text,0.0
race,Text,0.0
race car,Text,0.0
races,Text,0.0
racing,Text,0.0
rack,Text,0.0
ran,Text,0.0
racked college,Text,0.0
racked credit,Text,0.0
racked debt,Text,0.0
racked lot,Text,0.0
racking,Text,0.0
racking credit,Text,0.0
racks,Text,0.0
radio,Text,0.0
radius,Text,0.0
racked,Text,0.0
quot make,Text,0.0
quot minimum,Text,0.0
quot money,Text,0.0
quot monthly,Text,0.0
quot need,Text,0.0
quot new,Text,0.0
quot paid,Text,0.0
quot pay,Text,0.0
quot paying,Text,0.0
quot want,Text,0.0
quot people,Text,0.0
quot plan,Text,0.0
quot quot,Text,0.0
quot real,Text,0.0
quot thank,Text,0.0
quot thanks,Text,0.0
quot things,Text,0.0
quot time,Text,0.0
quot used,Text,0.0
quot payment,Text,0.0
raise work,Text,0.0
raise year,Text,0.0
raised,Text,0.0
raised apr,Text,0.0
raised credit,Text,0.0
raised rate,Text,0.0
raised rates,Text,0.0
raises,Text,0.0
raises year,Text,0.0
railing,Text,0.0
raising,Text,0.0
raising credit,Text,0.0
raising family,Text,0.0
raising rate,Text,0.0
raising rates,Text,0.0
ram,Text,0.0
ramp,Text,0.0
ramsey,Text,0.0
ramsey plan,Text,0.0
raises years,Text,0.0
railroad,Text,0.0
rain,Text,0.0
rains,Text,0.0
rainy,Text,0.0
rainy day,Text,0.0
rainy season,Text,0.0
raise,Text,0.0
raise apr,Text,0.0
raise bonus,Text,0.0
raise value,Text,0.0
raise capital,Text,0.0
raise credit,Text,0.0
raise funds,Text,0.0
raise money,Text,0.0
raise month,Text,0.0
raise months,Text,0.0
raise rate,Text,0.0
raise rates,Text,0.0
raise score,Text,0.0
raise br,Text,0.0
proving,Text,0.0
prudent,Text,0.0
ps,Text,0.0
psychologist,Text,0.0
psychology,Text,0.0
pt,Text,0.0
public,Text,0.0
public accountant,Text,0.0
quality,Text,0.0
public br,Text,0.0
public health,Text,0.0
public record,Text,0.0
public records,Text,0.0
public relations,Text,0.0
public safety,Text,0.0
public school,Text,0.0
public schools,Text,0.0
public sector,Text,0.0
public accounting,Text,0.0
provide lower,Text,0.0
provide necessary,Text,0.0
provide needed,Text,0.0
provide opportunity,Text,0.0
provide proof,Text,0.0
provide safe,Text,0.0
provide savings,Text,0.0
provide services,Text,0.0
provide small,Text,0.0
providing loan,Text,0.0
provided,Text,0.0
provided br,Text,0.0
provided lending,Text,0.0
providers,Text,0.0
provides,Text,0.0
providian,Text,0.0
providing,Text,0.0
providing better,Text,0.0
providing br,Text,0.0
provide working,Text,0.0
punctual payments,Text,0.0
pup,Text,0.0
puppy,Text,0.0
purchace,Text,0.0
purchase 10,Text,0.0
purchase 12,Text,0.0
purchase 15,Text,0.0
purchase 2001,Text,0.0
purchase 2002,Text,0.0
public service,Text,0.0
purchase 2007,Text,0.0
purchase 2008,Text,0.0
purchase additional,Text,0.0
purchase appliances,Text,0.0
purchase atv,Text,0.0
purchase bike,Text,0.0
purchase boat,Text,0.0
purchase books,Text,0.0
purchase business,Text,0.0
purchase 2003,Text,0.0
public transportation,Text,0.0
publication,Text,0.0
publications,Text,0.0
publicly,Text,0.0
publicly traded,Text,0.0
published,Text,0.0
publishing,Text,0.0
publishing business,Text,0.0
publishing company,Text,0.0
punctual paying,Text,0.0
pull,Text,0.0
pulled,Text,0.0
pulled credit,Text,0.0
pulling,Text,0.0
pump,Text,0.0
pump br,Text,0.0
pump house,Text,0.0
pumped,Text,0.0
punctual,Text,0.0
puchase,Text,0.0
proprietor,Text,0.0
proprietorship,Text,0.0
prospect,Text,0.0
prospective,Text,0.0
prospective investors,Text,0.0
prospective lender,Text,0.0
prospective lenders,Text,0.0
prospects,Text,0.0
provide loan,Text,0.0
prosper,Text,0.0
prosper br,Text,0.0
prosper com,Text,0.0
prosper lender,Text,0.0
prosper loan,Text,0.0
prosper loans,Text,0.0
prosperity,Text,0.0
prosperous,Text,0.0
protect,Text,0.0
prospectus,Text,0.0
property property,Text,0.0
property purchase,Text,0.0
property purchased,Text,0.0
property rental,Text,0.0
property sell,Text,0.0
property tax,Text,0.0
property taxes,Text,0.0
property use,Text,0.0
property value,Text,0.0
proprietary,Text,0.0
property year,Text,0.0
property years,Text,0.0
proportion,Text,0.0
proposal,Text,0.0
propose,Text,0.0
propose girlfriend,Text,0.0
proposed,Text,0.0
proposed loan,Text,0.0
proposing,Text,0.0
property want,Text,0.0
provide additional,Text,0.0
provide best,Text,0.0
provide better,Text,0.0
provide br,Text,0.0
provide capital,Text,0.0
provide cash,Text,0.0
provide cushion,Text,0.0
provide details,Text,0.0
provide documentation,Text,0.0
protect credit,Text,0.0
provide family,Text,0.0
provide financial,Text,0.0
provide funding,Text,0.0
provide funds,Text,0.0
provide good,Text,0.0
provide help,Text,0.0
provide home,Text,0.0
provide income,Text,0.0
provide little,Text,0.0
provide extra,Text,0.0
protected,Text,0.0
protecting,Text,0.0
protection,Text,0.0
protective,Text,0.0
prototype,Text,0.0
prototypes,Text,0.0
proud,Text,0.0
proud br,Text,0.0
proud credit,Text,0.0
proves,Text,0.0
proudly,Text,0.0
prove,Text,0.0
prove br,Text,0.0
proved,Text,0.0
proven,Text,0.0
proven business,Text,0.0
proven record,Text,0.0
proven track,Text,0.0
proverbial,Text,0.0
proud say,Text,0.0
purchasing new,Text,0.0
purchasing property,Text,0.0
purchasing small,Text,0.0
purchasing used,Text,0.0
purchasing vehicle,Text,0.0
pure,Text,0.0
purely,Text,0.0
purpose br,Text,0.0
purchase cash,Text,0.0
purpose consolidating,Text,0.0
purpose credit,Text,0.0
purpose debt,Text,0.0
purpose fund,Text,0.0
purpose getting,Text,0.0
purpose pay,Text,0.0
purpose paying,Text,0.0
purpose requesting,Text,0.0
purposed,Text,0.0
purpose consolidate,Text,0.0
purchased time,Text,0.0
purchased timeshare,Text,0.0
purchased used,Text,0.0
purchased year,Text,0.0
purchased years,Text,0.0
purchases home,Text,0.0
purchases just,Text,0.0
purchases new,Text,0.0
purchases pay,Text,0.0
purchasing motorcycle,Text,0.0
purchasing br,Text,0.0
purchasing car,Text,0.0
purchasing equipment,Text,0.0
purchasing existing,Text,0.0
purchasing furniture,Text,0.0
purchasing home,Text,0.0
purchasing house,Text,0.0
purchasing inventory,Text,0.0
purchasing land,Text,0.0
purchases want,Text,0.0
putting money,Text,0.0
putting new,Text,0.0
putting payment,Text,0.0
putting pool,Text,0.0
putting savings,Text,0.0
putting school,Text,0.0
pv,Text,0.0
pymt br,Text,0.0
pymt history,Text,0.0
purposes br,Text,0.0
q1,Text,0.0
quad,Text,0.0
qualifications,Text,0.0
qualified borrower,Text,0.0
qualified loan,Text,0.0
qualify,Text,0.0
qualify financial,Text,0.0
qualify loan,Text,0.0
qualifying,Text,0.0
pymts,Text,0.0
purposes debt,Text,0.0
purposes loan,Text,0.0
purposes pay,Text,0.0
pursue,Text,0.0
pursue dream,Text,0.0
pursuing,Text,0.0
pursuing loan,Text,0.0
pursuing masters,Text,0.0
pursuing mba,Text,0.0
putting extra,Text,0.0
pushing,Text,0.0
puts,Text,0.0
putting 000,Text,0.0
putting 2000,Text,0.0
putting away,Text,0.0
putting better,Text,0.0
putting college,Text,0.0
putting credit,Text,0.0
putting debt,Text,0.0
pursuit,Text,0.0
purchase inventory,Text,0.0
purchase investment,Text,0.0
purchase items,Text,0.0
purchase just,Text,0.0
purchase land,Text,0.0
purchase laptop,Text,0.0
purchase larger,Text,0.0
purchase like,Text,0.0
purchased property,Text,0.0
purchase local,Text,0.0
purchase lot,Text,0.0
purchase materials,Text,0.0
purchase mobile,Text,0.0
purchase motorcycle,Text,0.0
purchase necessary,Text,0.0
purchase need,Text,0.0
purchase needed,Text,0.0
purchase newer,Text,0.0
purchase loan,Text,0.0
purchase classic,Text,0.0
purchase computer,Text,0.0
purchase condo,Text,0.0
purchase credit,Text,0.0
purchase dream,Text,0.0
purchase equipment,Text,0.0
purchase existing,Text,0.0
purchase family,Text,0.0
purchase foreclosed,Text,0.0
purchase installation,Text,0.0
purchase fuel,Text,0.0
purchase gold,Text,0.0
purchase golf,Text,0.0
purchase good,Text,0.0
purchase harley,Text,0.0
purchase hot,Text,0.0
purchase house,Text,0.0
purchase inexpensive,Text,0.0
purchase install,Text,0.0
purchase franchise,Text,0.0
purchase tools,Text,0.0
purchase travel,Text,0.0
purchase truck,Text,0.0
purchase used,Text,0.0
purchase ve,Text,0.0
purchase vehicle,Text,0.0
purchase wedding,Text,0.0
purchase work,Text,0.0
purchase year,Text,0.0
purchase older,Text,0.0
purchased 2009,Text,0.0
purchased bank,Text,0.0
purchased br,Text,0.0
purchased condo,Text,0.0
purchased current,Text,0.0
purchased foreclosed,Text,0.0
purchased foreclosure,Text,0.0
purchased home,Text,0.0
purchased house,Text,0.0
purchase years,Text,0.0
purchase order,Text,0.0
purchase piece,Text,0.0
purchase plan,Text,0.0
purchase plane,Text,0.0
purchase pool,Text,0.0
purchase price,Text,0.0
purchase property,Text,0.0
purchase recreational,Text,0.0
purchase rehab,Text,0.0
purchase time,Text,0.0
purchase rental,Text,0.0
purchase repair,Text,0.0
purchase replacement,Text,0.0
purchase ring,Text,0.0
purchase second,Text,0.0
purchase shares,Text,0.0
purchase single,Text,0.0
purchase small,Text,0.0
purchase thank,Text,0.0
purchase reliable,Text,0.0
shambles,Text,0.0
shape,Text,0.0
shape br,Text,0.0
share,Text,0.0
share br,Text,0.0
share expenses,Text,0.0
shared,Text,0.0
shareholder,Text,0.0
repaid 30,Text,0.0
sharing,Text,0.0
shark,Text,0.0
sharks,Text,0.0
sharp,Text,0.0
shave,Text,0.0
shed,Text,0.0
sheet,Text,0.0
sheetrock,Text,0.0
shell,Text,0.0
shares,Text,0.0
settled new,Text,0.0
settlement,Text,0.0
settlement br,Text,0.0
settling,Text,0.0
setup,Text,0.0
setup automatic,Text,0.0
seven credit,Text,0.0
seven days,Text,0.0
seven months,Text,0.0
shall,Text,0.0
severance,Text,0.0
severe,Text,0.0
severely,Text,0.0
severly,Text,0.0
sewage,Text,0.0
sewer,Text,0.0
sf,Text,0.0
sf bay,Text,0.0
shadow,Text,0.0
seventeen,Text,0.0
shop br,Text,0.0
shop business,Text,0.0
shop need,Text,0.0
shop years,Text,0.0
shopped,Text,0.0
shopper,Text,0.0
shopping br,Text,0.0
shops,Text,0.0
shelter,Text,0.0
short br,Text,0.0
short end,Text,0.0
short funds,Text,0.0
short long,Text,0.0
short money,Text,0.0
short notice,Text,0.0
short payment,Text,0.0
short period,Text,0.0
short sales,Text,0.0
shore,Text,0.0
shelves,Text,0.0
shelving,Text,0.0
sheriff,Text,0.0
shift,Text,0.0
shifted,Text,0.0
shifts,Text,0.0
shine,Text,0.0
shingle,Text,0.0
shingles,Text,0.0
shoots,Text,0.0
ship,Text,0.0
shipped,Text,0.0
shirt,Text,0.0
shirts,Text,0.0
shocks,Text,0.0
shoe,Text,0.0
shoes,Text,0.0
shoot,Text,0.0
shooting,Text,0.0
shingles br,Text,0.0
serves,Text,0.0
service br,Text,0.0
service business,Text,0.0
service company,Text,0.0
service debt,Text,0.0
service employee,Text,0.0
service fee,Text,0.0
service good,Text,0.0
settled br,Text,0.0
service industry,Text,0.0
service job,Text,0.0
service loan,Text,0.0
service manager,Text,0.0
service member,Text,0.0
service position,Text,0.0
service provide,Text,0.0
service provider,Text,0.0
service year,Text,0.0
service help,Text,0.0
september 2009,Text,0.0
september 2010,Text,0.0
september 2011,Text,0.0
september 2012,Text,0.0
september br,Text,0.0
september year,Text,0.0
septic,Text,0.0
septic br,Text,0.0
septic tank,Text,0.0
servers,Text,0.0
seriously late,Text,0.0
seriously pay,Text,0.0
seriously thank,Text,0.0
servant,Text,0.0
serve,Text,0.0
served,Text,0.0
served military,Text,0.0
server,Text,0.0
serveral,Text,0.0
series,Text,0.0
set month,Text,0.0
set monthly,Text,0.0
set payment,Text,0.0
set payments,Text,0.0
set payoff,Text,0.0
set period,Text,0.0
set plan,Text,0.0
set rate,Text,0.0
set schedule,Text,0.0
serviced,Text,0.0
set time,Text,0.0
set tires,Text,0.0
setbacks,Text,0.0
sets,Text,0.0
setting,Text,0.0
settle,Text,0.0
settle debt,Text,0.0
settle debts,Text,0.0
settled,Text,0.0
set term,Text,0.0
services br,Text,0.0
services business,Text,0.0
services company,Text,0.0
services industry,Text,0.0
services provided,Text,0.0
servicing,Text,0.0
serving,Text,0.0
session,Text,0.0
set auto,Text,0.0
set money,Text,0.0
set backs,Text,0.0
set budget,Text,0.0
set credit,Text,0.0
set date,Text,0.0
set expire,Text,0.0
set forth,Text,0.0
set free,Text,0.0
set goal,Text,0.0
set loan,Text,0.0
set automatic,Text,0.0
significantly reduce,Text,0.0
signing,Text,0.0
signs,Text,0.0
signs slowing,Text,0.0
silicon,Text,0.0
silicon valley,Text,0.0
sills,Text,0.0
silly,Text,0.0
short term,Text,0.0
silver bullion,Text,0.0
silverado,Text,0.0
similar loan,Text,0.0
simple br,Text,0.0
simple consolidation,Text,0.0
simple credit,Text,0.0
simple debt,Text,0.0
simple life,Text,0.0
simple like,Text,0.0
silver,Text,0.0
signer,Text,0.0
signifcantly,Text,0.0
significant amounts,Text,0.0
significant credit,Text,0.0
significant debt,Text,0.0
significant dent,Text,0.0
significant income,Text,0.0
significant loss,Text,0.0
significant money,Text,0.0
significantly past,Text,0.0
significant portion,Text,0.0
significant savings,Text,0.0
significantly,Text,0.0
significantly br,Text,0.0
significantly help,Text,0.0
significantly higher,Text,0.0
significantly increase,Text,0.0
significantly loan,Text,0.0
significantly lower,Text,0.0
significant monthly,Text,0.0
simplifying life,Text,0.0
simply,Text,0.0
simply consolidate,Text,0.0
simply consolidating,Text,0.0
simply don,Text,0.0
simply help,Text,0.0
simply just,Text,0.0
simply like,Text,0.0
simply loan,Text,0.0
simple loan,Text,0.0
simply need,Text,0.0
simply pay,Text,0.0
simply paying,Text,0.0
simply trying,Text,0.0
simply want,Text,0.0
simply wish,Text,0.0
simultaneously,Text,0.0
sincerely,Text,0.0
sincerely appreciate,Text,0.0
simply looking,Text,0.0
simple monthly,Text,0.0
simple want,Text,0.0
simpler,Text,0.0
simpler br,Text,0.0
simplicity,Text,0.0
simplified,Text,0.0
simplifies,Text,0.0
simplify bills,Text,0.0
simplify br,Text,0.0
simplify things,Text,0.0
simplify credit,Text,0.0
simplify debt,Text,0.0
simplify finances,Text,0.0
simplify life,Text,0.0
simplify monthly,Text,0.0
simplify paying,Text,0.0
simplify payment,Text,0.0
simplify payments,Text,0.0
simplify reduce,Text,0.0
simplify budget,Text,0.0
shoulders br,Text,0.0
shouldn,Text,0.0
showed,Text,0.0
shower,Text,0.0
showing,Text,0.0
showing credit,Text,0.0
shown,Text,0.0
shown br,Text,0.0
signed year,Text,0.0
showroom,Text,0.0
shows br,Text,0.0
shows credit,Text,0.0
shows good,Text,0.0
shows late,Text,0.0
shows paid,Text,0.0
shows pay,Text,0.0
shows reliable,Text,0.0
shows responsible,Text,0.0
shown credit,Text,0.0
short time,Text,0.0
short vacation,Text,0.0
short years,Text,0.0
shortage,Text,0.0
shorten,Text,0.0
shorten repayment,Text,0.0
shorten time,Text,0.0
shortening,Text,0.0
shorter pay,Text,0.0
shoulders,Text,0.0
shorter term,Text,0.0
shortest,Text,0.0
shortest time,Text,0.0
shortfall,Text,0.0
shortly,Text,0.0
shortly br,Text,0.0
shot,Text,0.0
shot br,Text,0.0
shoulder,Text,0.0
shorter period,Text,0.0
sidewalk,Text,0.0
siding,Text,0.0
siding br,Text,0.0
siding home,Text,0.0
siding house,Text,0.0
siding new,Text,0.0
siding windows,Text,0.0
siemens,Text,0.0
sight debt,Text,0.0
shows signs,Text,0.0
sight thank,Text,0.0
sign,Text,0.0
signage,Text,0.0
signature,Text,0.0
signature loan,Text,0.0
signed,Text,0.0
signed contract,Text,0.0
signed lease,Text,0.0
signed new,Text,0.0
sight loan,Text,0.0
shows ve,Text,0.0
shred,Text,0.0
shredder,Text,0.0
shrink,Text,0.0
shrinking,Text,0.0
shut,Text,0.0
shutters,Text,0.0
shy,Text,0.0
sibling,Text,0.0
sides,Text,0.0
sick br,Text,0.0
sick family,Text,0.0
sick high,Text,0.0
sick paying,Text,0.0
sick relative,Text,0.0
sick time,Text,0.0
sick tired,Text,0.0
sick work,Text,0.0
sideline,Text,0.0
siblings,Text,0.0
second floor,Text,0.0
second hand,Text,0.0
second income,Text,0.0
second job,Text,0.0
second lending,Text,0.0
second loan,Text,0.0
second location,Text,0.0
second pay,Text,0.0
september 2008,Text,0.0
second vehicle,Text,0.0
second year,Text,0.0
secondary education,Text,0.0
secondary income,Text,0.0
secondly,Text,0.0
secret,Text,0.0
secretary,Text,0.0
section,Text,0.0
sector,Text,0.0
second time,Text,0.0
searching,Text,0.0
searching new,Text,0.0
sears credit,Text,0.0
seas,Text,0.0
season,Text,0.0
season br,Text,0.0
seasonal,Text,0.0
seasoned,Text,0.0
seasons,Text,0.0
second credit,Text,0.0
seater,Text,0.0
seats,Text,0.0
seattle,Text,0.0
sec,Text,0.0
second car,Text,0.0
second card,Text,0.0
second career,Text,0.0
second chance,Text,0.0
second child,Text,0.0
seat,Text,0.0
secure investment,Text,0.0
secure job,Text,0.0
secure jobs,Text,0.0
secure just,Text,0.0
secure loan,Text,0.0
secure long,Text,0.0
secure lower,Text,0.0
secure monthly,Text,0.0
secure new,Text,0.0
sector br,Text,0.0
secure pay,Text,0.0
secure paying,Text,0.0
secure personal,Text,0.0
secure plan,Text,0.0
secure position,Text,0.0
secure recently,Text,0.0
secure stable,Text,0.0
secure steady,Text,0.0
secure thank,Text,0.0
secure paid,Text,0.0
sectors,Text,0.0
secure better,Text,0.0
secure br,Text,0.0
secure business,Text,0.0
secure career,Text,0.0
secure company,Text,0.0
secure credit,Text,0.0
secure current,Text,0.0
secure employer,Text,0.0
secure income,Text,0.0
secure federal,Text,0.0
secure financial,Text,0.0
secure financing,Text,0.0
secure funding,Text,0.0
secure funds,Text,0.0
secure future,Text,0.0
secure good,Text,0.0
secure government,Text,0.0
secure great,Text,0.0
secure employment,Text,0.0
score make,Text,0.0
score makes,Text,0.0
score mid,Text,0.0
score miss,Text,0.0
score missed,Text,0.0
score monthly,Text,0.0
score paid,Text,0.0
score past,Text,0.0
search engine,Text,0.0
score paying,Text,0.0
score plan,Text,0.0
score really,Text,0.0
score recently,Text,0.0
score reducing,Text,0.0
score reflects,Text,0.0
score responsible,Text,0.0
score revolving,Text,0.0
score save,Text,0.0
score pay,Text,0.0
score great,Text,0.0
score having,Text,0.0
score help,Text,0.0
score high,Text,0.0
score higher,Text,0.0
score important,Text,0.0
score improve,Text,0.0
score increase,Text,0.0
score increased,Text,0.0
score lowering,Text,0.0
score job,Text,0.0
score just,Text,0.0
score know,Text,0.0
score late,Text,0.0
score ll,Text,0.0
score loan,Text,0.0
score looking,Text,0.0
score low,Text,0.0
score lower,Text,0.0
score isn,Text,0.0
scores br,Text,0.0
scores excellent,Text,0.0
scores good,Text,0.0
scores high,Text,0.0
scoring,Text,0.0
scout,Text,0.0
scratch,Text,0.0
screen,Text,0.0
screen printing,Text,0.0
score seriously,Text,0.0
screened,Text,0.0
screened porch,Text,0.0
screening,Text,0.0
screwed,Text,0.0
se,Text,0.0
sea,Text,0.0
seafood,Text,0.0
seal,Text,0.0
search,Text,0.0
screen tv,Text,0.0
score shows,Text,0.0
score solid,Text,0.0
score speaks,Text,0.0
score stable,Text,0.0
score steady,Text,0.0
score thank,Text,0.0
score thanks,Text,0.0
score time,Text,0.0
score trying,Text,0.0
scores 750,Text,0.0
score want,Text,0.0
score went,Text,0.0
score work,Text,0.0
score worked,Text,0.0
score working,Text,0.0
score years,Text,0.0
score zero,Text,0.0
scored,Text,0.0
scores,Text,0.0
score ve,Text,0.0
sells,Text,0.0
selves,Text,0.0
semester,Text,0.0
semester college,Text,0.0
semesters,Text,0.0
semi,Text,0.0
semi truck,Text,0.0
semiconductor,Text,0.0
secure time,Text,0.0
seminars,Text,0.0
seminary,Text,0.0
semper,Text,0.0
semper fi,Text,0.0
send,Text,0.0
send credit,Text,0.0
send extra,Text,0.0
send money,Text,0.0
send questions,Text,0.0
seminar,Text,0.0
sell house,Text,0.0
sell need,Text,0.0
sell old,Text,0.0
sell pay,Text,0.0
sell profit,Text,0.0
sell quickly,Text,0.0
sell stock,Text,0.0
sell vehicle,Text,0.0
seller,Text,0.0
selling vehicle,Text,0.0
sellers,Text,0.0
selling br,Text,0.0
selling car,Text,0.0
selling condo,Text,0.0
selling current,Text,0.0
selling home,Text,0.0
selling house,Text,0.0
selling old,Text,0.0
selling products,Text,0.0
seller br,Text,0.0
sensitive,Text,0.0
sent collections,Text,0.0
sent notice,Text,0.0
sentence,Text,0.0
seo,Text,0.0
separate,Text,0.0
separate accounts,Text,0.0
separate bills,Text,0.0
separate credit,Text,0.0
sending,Text,0.0
separate payments,Text,0.0
separated,Text,0.0
separately,Text,0.0
separation,Text,0.0
seperate,Text,0.0
seperate payments,Text,0.0
sept,Text,0.0
sept 2012,Text,0.0
september,Text,0.0
separate ones,Text,0.0
sending money,Text,0.0
sends,Text,0.0
senior,Text,0.0
senior citizens,Text,0.0
senior level,Text,0.0
senior management,Text,0.0
senior manager,Text,0.0
senior position,Text,0.0
senior year,Text,0.0
sensible,Text,0.0
seniority br,Text,0.0
seniors,Text,0.0
senority,Text,0.0
sense,Text,0.0
sense br,Text,0.0
sense consolidate,Text,0.0
sense credit,Text,0.0
sense pay,Text,0.0
sense refinance,Text,0.0
seniority,Text,0.0
security family,Text,0.0
security good,Text,0.0
security great,Text,0.0
security issue,Text,0.0
security loan,Text,0.0
security new,Text,0.0
security plan,Text,0.0
security steady,Text,0.0
sell current,Text,0.0
security thank,Text,0.0
security want,Text,0.0
security years,Text,0.0
sedan,Text,0.0
seed,Text,0.0
seed money,Text,0.0
seeing,Text,0.0
seeing light,Text,0.0
seeing progress,Text,0.0
security strong,Text,0.0
secure ve,Text,0.0
secure work,Text,0.0
secure working,Text,0.0
secure years,Text,0.0
secured,Text,0.0
secured job,Text,0.0
secured loan,Text,0.0
securely,Text,0.0
securely employed,Text,0.0
security excellent,Text,0.0
securities,Text,0.0
security benefits,Text,0.0
security br,Text,0.0
security clearance,Text,0.0
security company,Text,0.0
security credit,Text,0.0
security deposit,Text,0.0
security deposits,Text,0.0
security disability,Text,0.0
securing loan,Text,0.0
seen rates,Text,0.0
seen steady,Text,0.0
seen years,Text,0.0
sees,Text,0.0
segment,Text,0.0
seldom,Text,0.0
select,Text,0.0
selected,Text,0.0
selected year,Text,0.0
seek,Text,0.0
self br,Text,0.0
self employed,Text,0.0
self employment,Text,0.0
self esteem,Text,0.0
self funded,Text,0.0
self sufficient,Text,0.0
sell br,Text,0.0
sell car,Text,0.0
sell condo,Text,0.0
self,Text,0.0
seek consolidate,Text,0.0
seek loan,Text,0.0
seeking additional,Text,0.0
seeking assistance,Text,0.0
seeking consolidate,Text,0.0
seeking consolidation,Text,0.0
seeking financial,Text,0.0
seeking financing,Text,0.0
seeking funding,Text,0.0
seen credit,Text,0.0
seeking help,Text,0.0
seeking lower,Text,0.0
seeking pay,Text,0.0
seeking personal,Text,0.0
seeking small,Text,0.0
seeks,Text,0.0
seemingly,Text,0.0
seen,Text,0.0
seen better,Text,0.0
seeking funds,Text,0.0
spanish,Text,0.0
spare,Text,0.0
spare time,Text,0.0
sparingly,Text,0.0
speak,Text,0.0
speaking,Text,0.0
special,Text,0.0
special br,Text,0.0
sincerely br,Text,0.0
special education,Text,0.0
special event,Text,0.0
special needs,Text,0.0
special occasions,Text,0.0
specialist br,Text,0.0
specialists,Text,0.0
specialize,Text,0.0
specialized,Text,0.0
specializes,Text,0.0
special day,Text,0.0
sounds like,Text,0.0
source br,Text,0.0
sources income,Text,0.0
sources loan,Text,0.0
sourcing,Text,0.0
south,Text,0.0
south america,Text,0.0
south florida,Text,0.0
south korea,Text,0.0
span years,Text,0.0
southern california,Text,0.0
southwest,Text,0.0
spa,Text,0.0
spa br,Text,0.0
space,Text,0.0
space br,Text,0.0
space house,Text,0.0
spaces,Text,0.0
span,Text,0.0
southern,Text,0.0
spend rest,Text,0.0
spender,Text,0.0
spending,Text,0.0
spending account,Text,0.0
spending br,Text,0.0
spending college,Text,0.0
spending decisions,Text,0.0
spending habits,Text,0.0
spending like,Text,0.0
specializing,Text,0.0
spending money,Text,0.0
spending month,Text,0.0
spending monthly,Text,0.0
spending time,Text,0.0
spending year,Text,0.0
spending years,Text,0.0
spent br,Text,0.0
spent lot,Text,0.0
spent money,Text,0.0
spending make,Text,0.0
specially,Text,0.0
specialty,Text,0.0
specific questions,Text,0.0
specific time,Text,0.0
specifically,Text,0.0
specifically pay,Text,0.0
specified,Text,0.0
spectrum,Text,0.0
speech,Text,0.0
spend month,Text,0.0
speed process,Text,0.0
speed repayment,Text,0.0
speeding,Text,0.0
spelled,Text,0.0
spelling,Text,0.0
spelling errors,Text,0.0
spend br,Text,0.0
spend little,Text,0.0
spend money,Text,0.0
speed,Text,0.0
soon funded,Text,0.0
soon great,Text,0.0
soon help,Text,0.0
soon husband,Text,0.0
soon loan,Text,0.0
soon money,Text,0.0
soon need,Text,0.0
soon paid,Text,0.0
sounds,Text,0.0
soon possible,Text,0.0
soon receive,Text,0.0
soon start,Text,0.0
soon thank,Text,0.0
soon thanks,Text,0.0
soon want,Text,0.0
soon wife,Text,0.0
soon work,Text,0.0
sooner 36,Text,0.0
soon pay,Text,0.0
son lost,Text,0.0
son medical,Text,0.0
son needs,Text,0.0
son purchase,Text,0.0
son school,Text,0.0
son wedding,Text,0.0
son wife,Text,0.0
son year,Text,0.0
song,Text,0.0
soon fiance,Text,0.0
sons college,Text,0.0
sons wedding,Text,0.0
sony,Text,0.0
soon able,Text,0.0
soon br,Text,0.0
soon credit,Text,0.0
soon currently,Text,0.0
soon debt,Text,0.0
soon ex,Text,0.0
sons,Text,0.0
sooner years,Text,0.0
sooo,Text,0.0
soooo,Text,0.0
sophisticated,Text,0.0
sophomore,Text,0.0
sorry br,Text,0.0
sorry confusion,Text,0.0
sorry didn,Text,0.0
sorry thank,Text,0.0
sooner 60,Text,0.0
sort,Text,0.0
sort payment,Text,0.0
sorts,Text,0.0
sought,Text,0.0
soul,Text,0.0
sound,Text,0.0
sound br,Text,0.0
sound financial,Text,0.0
sound investment,Text,0.0
sorry typo,Text,0.0
sooner able,Text,0.0
sooner better,Text,0.0
sooner credit,Text,0.0
sooner debt,Text,0.0
sooner expected,Text,0.0
sooner help,Text,0.0
sooner later,Text,0.0
sooner loan,Text,0.0
sooner lower,Text,0.0
sooner year,Text,0.0
sooner paid,Text,0.0
sooner pay,Text,0.0
sooner paying,Text,0.0
sooner plan,Text,0.0
sooner save,Text,0.0
sooner start,Text,0.0
sooner thank,Text,0.0
sooner thanks,Text,0.0
sooner time,Text,0.0
sooner monthly,Text,0.0
stable federal,Text,0.0
stable feel,Text,0.0
stable field,Text,0.0
stable financial,Text,0.0
stable financially,Text,0.0
stable firm,Text,0.0
stable fortune,Text,0.0
stable future,Text,0.0
spent months,Text,0.0
stable government,Text,0.0
stable great,Text,0.0
stable growing,Text,0.0
stable hard,Text,0.0
stable having,Text,0.0
stable health,Text,0.0
stable healthcare,Text,0.0
stable high,Text,0.0
stable history,Text,0.0
stable good,Text,0.0
stable borrower,Text,0.0
stable br,Text,0.0
stable budget,Text,0.0
stable business,Text,0.0
stable career,Text,0.0
stable careers,Text,0.0
stable companies,Text,0.0
stable consistent,Text,0.0
stable continue,Text,0.0
stable family,Text,0.0
stable current,Text,0.0
stable currently,Text,0.0
stable debt,Text,0.0
stable employed,Text,0.0
stable employer,Text,0.0
stable established,Text,0.0
stable excellent,Text,0.0
stable expect,Text,0.0
stable fact,Text,0.0
stable credit,Text,0.0
stable need,Text,0.0
stable organization,Text,0.0
stable paid,Text,0.0
stable pay,Text,0.0
stable paying,Text,0.0
stable payment,Text,0.0
stable pays,Text,0.0
stable people,Text,0.0
stable person,Text,0.0
stable home,Text,0.0
stable plan,Text,0.0
stable positions,Text,0.0
stable profession,Text,0.0
stable professional,Text,0.0
stable rate,Text,0.0
stable recently,Text,0.0
stable recession,Text,0.0
stable reliable,Text,0.0
stable responsible,Text,0.0
stable place,Text,0.0
stable income,Text,0.0
stable individual,Text,0.0
stable industry,Text,0.0
stable ive,Text,0.0
stable jobs,Text,0.0
stable just,Text,0.0
stable late,Text,0.0
stable layoffs,Text,0.0
stable life,Text,0.0
stable military,Text,0.0
stable loan,Text,0.0
stable long,Text,0.0
stable lot,Text,0.0
stable love,Text,0.0
stable low,Text,0.0
stable make,Text,0.0
stable management,Text,0.0
stable market,Text,0.0
stable medical,Text,0.0
stable like,Text,0.0
spot,Text,0.0
spotless,Text,0.0
spotless credit,Text,0.0
spotless payment,Text,0.0
spots,Text,0.0
spousal,Text,0.0
spouse,Text,0.0
spouse br,Text,0.0
stable amp,Text,0.0
spouses,Text,0.0
spray,Text,0.0
spread,Text,0.0
spread cards,Text,0.0
spread credit,Text,0.0
spread different,Text,0.0
spread payments,Text,0.0
spreading,Text,0.0
spreadsheets,Text,0.0
spouse income,Text,0.0
spent past,Text,0.0
spent savings,Text,0.0
spent years,Text,0.0
spike,Text,0.0
spinning,Text,0.0
spinning wheels,Text,0.0
spirit,Text,0.0
spirits,Text,0.0
spite,Text,0.0
sportster,Text,0.0
splitting,Text,0.0
spoke,Text,0.0
spoken,Text,0.0
sponsored,Text,0.0
sponsorship,Text,0.0
sport,Text,0.0
sporting,Text,0.0
sports,Text,0.0
sports bar,Text,0.0
split,Text,0.0
st,Text,0.0
st louis,Text,0.0
stability company,Text,0.0
stability credit,Text,0.0
stability current,Text,0.0
stability excellent,Text,0.0
stability good,Text,0.0
stability issue,Text,0.0
stability job,Text,0.0
spring,Text,0.0
stability thank,Text,0.0
stability ve,Text,0.0
stabilize,Text,0.0
stabilize finances,Text,0.0
stabilize financial,Text,0.0
stabilized,Text,0.0
stabilizing,Text,0.0
stable 10,Text,0.0
stable able,Text,0.0
stability pay,Text,0.0
spring 2012,Text,0.0
spring br,Text,0.0
spring summer,Text,0.0
springleaf,Text,0.0
springleaf br,Text,0.0
springleaf financial,Text,0.0
springs,Text,0.0
sprinkler,Text,0.0
sprinklers,Text,0.0
ssg army,Text,0.0
sq,Text,0.0
sq ft,Text,0.0
sqft,Text,0.0
square,Text,0.0
square feet,Text,0.0
square foot,Text,0.0
sr,Text,0.0
ss,Text,0.0
ssg,Text,0.0
sprint,Text,0.0
sleeping,Text,0.0
slide,Text,0.0
sliding,Text,0.0
slight,Text,0.0
slightly,Text,0.0
slightly better,Text,0.0
slightly higher,Text,0.0
slightly lower,Text,0.0
son law,Text,0.0
slim,Text,0.0
slip,Text,0.0
slipped,Text,0.0
slow,Text,0.0
slow economy,Text,0.0
slow going,Text,0.0
slow process,Text,0.0
slow progress,Text,0.0
slowed,Text,0.0
slightly minimum,Text,0.0
skilled,Text,0.0
skills,Text,0.0
skillset,Text,0.0
skin,Text,0.0
skip,Text,0.0
skipped,Text,0.0
sky,Text,0.0
sky high,Text,0.0
sky rocketed,Text,0.0
sleep night,Text,0.0
skyrocketing,Text,0.0
slab,Text,0.0
slammed,Text,0.0
slashed,Text,0.0
slate br,Text,0.0
slated,Text,0.0
slave,Text,0.0
sleep,Text,0.0
sleep better,Text,0.0
skyrocket,Text,0.0
small debt,Text,0.0
small debts,Text,0.0
small emergency,Text,0.0
small family,Text,0.0
small home,Text,0.0
small house,Text,0.0
small improvements,Text,0.0
small investment,Text,0.0
small loan,Text,0.0
slower,Text,0.0
small local,Text,0.0
small medium,Text,0.0
small money,Text,0.0
small monthly,Text,0.0
small mortgage,Text,0.0
small nest,Text,0.0
small office,Text,0.0
small ones,Text,0.0
small outstanding,Text,0.0
small loans,Text,0.0
slowing,Text,0.0
slowly,Text,0.0
slowly built,Text,0.0
slowly decreasing,Text,0.0
slowly paying,Text,0.0
slowly surely,Text,0.0
slump,Text,0.0
small accounts,Text,0.0
small auto,Text,0.0
small cushion,Text,0.0
small balances,Text,0.0
small bank,Text,0.0
small bathroom,Text,0.0
small bills,Text,0.0
small br,Text,0.0
small businesses,Text,0.0
small cash,Text,0.0
small children,Text,0.0
small company,Text,0.0
small balance,Text,0.0
single pane,Text,0.0
single parent,Text,0.0
single rate,Text,0.0
single source,Text,0.0
single woman,Text,0.0
singular,Text,0.0
sinking,Text,0.0
sinks,Text,0.0
skill sets,Text,0.0
sister br,Text,0.0
sister family,Text,0.0
sisters,Text,0.0
sit,Text,0.0
sit cpa,Text,0.0
site,Text,0.0
site better,Text,0.0
site br,Text,0.0
site help,Text,0.0
sirs,Text,0.0
sincerely hope,Text,0.0
sincerely thank,Text,0.0
sincerly,Text,0.0
single account,Text,0.0
single car,Text,0.0
single children,Text,0.0
single creditor,Text,0.0
single debt,Text,0.0
single dependents,Text,0.0
single mother,Text,0.0
single father,Text,0.0
single fixed,Text,0.0
single income,Text,0.0
single kids,Text,0.0
single late,Text,0.0
single loan,Text,0.0
single male,Text,0.0
single mom,Text,0.0
single month,Text,0.0
single family,Text,0.0
situation pay,Text,0.0
situation stable,Text,0.0
situation thank,Text,0.0
situation time,Text,0.0
situation work,Text,0.0
situation working,Text,0.0
situation years,Text,0.0
situations,Text,0.0
situations br,Text,0.0
site like,Text,0.0
sixteen years,Text,0.0
sizable,Text,0.0
size,Text,0.0
sizeable,Text,0.0
sized,Text,0.0
skeptical,Text,0.0
ski,Text,0.0
skill,Text,0.0
skill set,Text,0.0
sixteen,Text,0.0
sites,Text,0.0
sites br,Text,0.0
sits,Text,0.0
sitting,Text,0.0
situated,Text,0.0
situation better,Text,0.0
situation control,Text,0.0
situation credit,Text,0.0
situation currently,Text,0.0
situation need,Text,0.0
situation employed,Text,0.0
situation family,Text,0.0
situation getting,Text,0.0
situation good,Text,0.0
situation help,Text,0.0
situation just,Text,0.0
situation like,Text,0.0
situation loan,Text,0.0
situation money,Text,0.0
situation debt,Text,0.0
sold old,Text,0.0
soldier,Text,0.0
soldier army,Text,0.0
sole owner,Text,0.0
sole proprietor,Text,0.0
sole proprietorship,Text,0.0
sole provider,Text,0.0
solely pay,Text,0.0
small payment,Text,0.0
solely used,Text,0.0
soley,Text,0.0
solid,Text,0.0
solid borrower,Text,0.0
solid br,Text,0.0
solid budget,Text,0.0
solid business,Text,0.0
solid career,Text,0.0
solid company,Text,0.0
solely purpose,Text,0.0
softball,Text,0.0
software br,Text,0.0
software company,Text,0.0
software development,Text,0.0
software engineer,Text,0.0
software engineering,Text,0.0
software hardware,Text,0.0
software industry,Text,0.0
solar,Text,0.0
sold house,Text,0.0
solar panel,Text,0.0
solar panels,Text,0.0
solar thermal,Text,0.0
sold,Text,0.0
sold br,Text,0.0
sold business,Text,0.0
sold car,Text,0.0
sold company,Text,0.0
sold home,Text,0.0
solar energy,Text,0.0
solidly,Text,0.0
solo,Text,0.0
solution,Text,0.0
solution br,Text,0.0
solve,Text,0.0
solve problem,Text,0.0
somebody,Text,0.0
someday,Text,0.0
someday help,Text,0.0
solid credit,Text,0.0
someones,Text,0.0
somewhat,Text,0.0
son car,Text,0.0
son college,Text,0.0
son enrolled,Text,0.0
son getting,Text,0.0
son going,Text,0.0
son graduates,Text,0.0
son just,Text,0.0
someday soon,Text,0.0
solid employment,Text,0.0
solid financial,Text,0.0
solid foundation,Text,0.0
solid ground,Text,0.0
solid history,Text,0.0
solid income,Text,0.0
solid investment,Text,0.0
solid job,Text,0.0
solid monthly,Text,0.0
solidify,Text,0.0
solid plan,Text,0.0
solid position,Text,0.0
solid reliable,Text,0.0
solid repayment,Text,0.0
solid stable,Text,0.0
solid steady,Text,0.0
solid time,Text,0.0
solid track,Text,0.0
solid work,Text,0.0
solid payment,Text,0.0
smaller balance,Text,0.0
smaller balances,Text,0.0
smaller bills,Text,0.0
smaller cards,Text,0.0
smaller credit,Text,0.0
smaller debt,Text,0.0
smaller high,Text,0.0
smaller home,Text,0.0
soft,Text,0.0
smaller loans,Text,0.0
smaller payment,Text,0.0
smaller rate,Text,0.0
smallest,Text,0.0
smart,Text,0.0
smart choice,Text,0.0
smart credit,Text,0.0
smart financial,Text,0.0
smart investment,Text,0.0
smaller loan,Text,0.0
small payments,Text,0.0
small personal,Text,0.0
small portion,Text,0.0
small private,Text,0.0
small projects,Text,0.0
small purchases,Text,0.0
small remaining,Text,0.0
small rent,Text,0.0
small repairs,Text,0.0
smaller amounts,Text,0.0
small savings,Text,0.0
small start,Text,0.0
small student,Text,0.0
small things,Text,0.0
small town,Text,0.0
small used,Text,0.0
small vacation,Text,0.0
small wedding,Text,0.0
smaller accounts,Text,0.0
small revolving,Text,0.0
snowball effect,Text,0.0
snowball method,Text,0.0
snowball plan,Text,0.0
snowballing,Text,0.0
snowmobile,Text,0.0
soccer,Text,0.0
social,Text,0.0
social lending,Text,0.0
social media,Text,0.0
smart money,Text,0.0
social networking,Text,0.0
social security,Text,0.0
social services,Text,0.0
social work,Text,0.0
social worker,Text,0.0
society,Text,0.0
sod,Text,0.0
soda,Text,0.0
sofa,Text,0.0
social network,Text,0.0
smart way,Text,0.0
smarter,Text,0.0
smarter financial,Text,0.0
smarter money,Text,0.0
smarter way,Text,0.0
smartest,Text,0.0
smile,Text,0.0
smith,Text,0.0
smog,Text,0.0
snowball,Text,0.0
smooth,Text,0.0
smooth transition,Text,0.0
smoother,Text,0.0
smoothly,Text,0.0
snack,Text,0.0
snacks,Text,0.0
snap,Text,0.0
snapshot,Text,0.0
snow,Text,0.0
smoke,Text,0.0
restricted,Text,0.0
restricted stock,Text,0.0
restrictions,Text,0.0
restructure,Text,0.0
restructure credit,Text,0.0
restructure debt,Text,0.0
restructure existing,Text,0.0
restructure finances,Text,0.0
score gone,Text,0.0
result,Text,0.0
result br,Text,0.0
result credit,Text,0.0
result loan,Text,0.0
result lower,Text,0.0
result need,Text,0.0
result paying,Text,0.0
result recent,Text,0.0
resulting,Text,0.0
restructuring,Text,0.0
rest paid,Text,0.0
rest pay,Text,0.0
rest savings,Text,0.0
rest thank,Text,0.0
rest used,Text,0.0
rest wedding,Text,0.0
rest year,Text,0.0
restart,Text,0.0
restaurant,Text,0.0
restoring,Text,0.0
restaurant business,Text,0.0
restaurant equipment,Text,0.0
restaurants,Text,0.0
restoration,Text,0.0
restoration br,Text,0.0
restoration project,Text,0.0
restore,Text,0.0
restore credit,Text,0.0
restored,Text,0.0
restaurant br,Text,0.0
retainer,Text,0.0
retaining,Text,0.0
retaining wall,Text,0.0
retention,Text,0.0
retire,Text,0.0
retire 10,Text,0.0
retire br,Text,0.0
retire company,Text,0.0
results br,Text,0.0
retire debt,Text,0.0
retire years,Text,0.0
retired army,Text,0.0
retired br,Text,0.0
retired military,Text,0.0
retired pension,Text,0.0
retired state,Text,0.0
retirement account,Text,0.0
retirement accounts,Text,0.0
retire credit,Text,0.0
resume,Text,0.0
resurface,Text,0.0
resurfacing,Text,0.0
retail business,Text,0.0
retail card,Text,0.0
retail cards,Text,0.0
retail company,Text,0.0
retail credit,Text,0.0
retail industry,Text,0.0
retained,Text,0.0
retail manager,Text,0.0
retail sales,Text,0.0
retail space,Text,0.0
retail store,Text,0.0
retail stores,Text,0.0
retail value,Text,0.0
retailer,Text,0.0
retailers,Text,0.0
retain,Text,0.0
retail management,Text,0.0
responsible diligent,Text,0.0
responsible finances,Text,0.0
responsible financial,Text,0.0
responsible financially,Text,0.0
responsible good,Text,0.0
responsible great,Text,0.0
responsible hard,Text,0.0
responsible hardworking,Text,0.0
rest monthly,Text,0.0
responsible homeowner,Text,0.0
responsible honest,Text,0.0
responsible individual,Text,0.0
responsible just,Text,0.0
responsible late,Text,0.0
responsible loan,Text,0.0
responsible make,Text,0.0
responsible making,Text,0.0
responsible manner,Text,0.0
responsible home,Text,0.0
responses,Text,0.0
responsibilities,Text,0.0
responsibilities br,Text,0.0
responsibilities seriously,Text,0.0
responsibility,Text,0.0
responsibility br,Text,0.0
responsibility loan,Text,0.0
responsibility pay,Text,0.0
responsibility paying,Text,0.0
responsible dependable,Text,0.0
responsible adult,Text,0.0
responsible bills,Text,0.0
responsible borrower,Text,0.0
responsible candidate,Text,0.0
responsible citizen,Text,0.0
responsible comes,Text,0.0
responsible credit,Text,0.0
responsible debt,Text,0.0
responsible dedicated,Text,0.0
responsibilty,Text,0.0
responsibly br,Text,0.0
resposible,Text,0.0
rest assure,Text,0.0
rest assured,Text,0.0
rest balance,Text,0.0
rest bills,Text,0.0
rest br,Text,0.0
rest car,Text,0.0
rest cash,Text,0.0
responsible missed,Text,0.0
rest expenses,Text,0.0
rest funds,Text,0.0
rest goes,Text,0.0
rest going,Text,0.0
rest help,Text,0.0
rest income,Text,0.0
rest life,Text,0.0
rest loan,Text,0.0
rest money,Text,0.0
rest debt,Text,0.0
responsible money,Text,0.0
responsible monthly,Text,0.0
responsible need,Text,0.0
responsible obligations,Text,0.0
responsible pay,Text,0.0
responsible payer,Text,0.0
responsible paying,Text,0.0
responsible payment,Text,0.0
responsible people,Text,0.0
responsibly,Text,0.0
responsible thank,Text,0.0
responsible thanks,Text,0.0
responsible thing,Text,0.0
responsible time,Text,0.0
responsible trustworthy,Text,0.0
responsible way,Text,0.0
responsible work,Text,0.0
responsible working,Text,0.0
responsible young,Text,0.0
responsible stable,Text,0.0
rid old,Text,0.0
rid pay,Text,0.0
rid revolving,Text,0.0
rid small,Text,0.0
ridding,Text,0.0
rider,Text,0.0
rides,Text,0.0
ridiculous credit,Text,0.0
retirement age,Text,0.0
ridiculously,Text,0.0
ridiculously high,Text,0.0
riding,Text,0.0
rifle,Text,0.0
rig,Text,0.0
right able,Text,0.0
right away,Text,0.0
right br,Text,0.0
right college,Text,0.0
ridiculous rates,Text,0.0
revolving rates,Text,0.0
reward,Text,0.0
rewarded,Text,0.0
rewarding,Text,0.0
rewards,Text,0.0
ri,Text,0.0
rica,Text,0.0
rich,Text,0.0
richard,Text,0.0
rid loan,Text,0.0
rid bills,Text,0.0
rid br,Text,0.0
rid burden,Text,0.0
rid car,Text,0.0
rid current,Text,0.0
rid debt,Text,0.0
rid good,Text,0.0
rid higher,Text,0.0
rid like,Text,0.0
rid bad,Text,0.0
right track,Text,0.0
right ve,Text,0.0
right want,Text,0.0
right way,Text,0.0
right working,Text,0.0
rights,Text,0.0
ring deserves,Text,0.0
ring dreams,Text,0.0
ring fiance,Text,0.0
right corner,Text,0.0
ring loan,Text,0.0
ring pay,Text,0.0
ring want,Text,0.0
ring wedding,Text,0.0
rings,Text,0.0
rip,Text,0.0
ripped,Text,0.0
rise,Text,0.0
risen,Text,0.0
ring girlfriend,Text,0.0
right credit,Text,0.0
right debt,Text,0.0
right direction,Text,0.0
right foot,Text,0.0
right help,Text,0.0
right im,Text,0.0
right just,Text,0.0
right like,Text,0.0
right loan,Text,0.0
right time,Text,0.0
right monthly,Text,0.0
right need,Text,0.0
right path,Text,0.0
right pay,Text,0.0
right paying,Text,0.0
right really,Text,0.0
right thank,Text,0.0
right thanks,Text,0.0
right thing,Text,0.0
right make,Text,0.0
return investment,Text,0.0
return investments,Text,0.0
return investor,Text,0.0
return investors,Text,0.0
return loan,Text,0.0
return money,Text,0.0
return pay,Text,0.0
return school,Text,0.0
revolving loan,Text,0.0
return work,Text,0.0
return year,Text,0.0
returned,Text,0.0
returned school,Text,0.0
returned work,Text,0.0
returning,Text,0.0
returning borrower,Text,0.0
returning school,Text,0.0
returning work,Text,0.0
return thank,Text,0.0
retirement br,Text,0.0
retirement check,Text,0.0
retirement fund,Text,0.0
retirement funds,Text,0.0
retirement home,Text,0.0
retirement income,Text,0.0
retirement job,Text,0.0
retirement loan,Text,0.0
retirement pay,Text,0.0
return home,Text,0.0
retirement plans,Text,0.0
retirement savings,Text,0.0
retirement thank,Text,0.0
retirement years,Text,0.0
retiring,Text,0.0
return,Text,0.0
return br,Text,0.0
return favor,Text,0.0
return helping,Text,0.0
retirement plan,Text,0.0
reviewed,Text,0.0
reviewing,Text,0.0
reviewing application,Text,0.0
reviewing loan,Text,0.0
reviewing request,Text,0.0
reviews,Text,0.0
reviews br,Text,0.0
revised,Text,0.0
revoling,Text,0.0
returns,Text,0.0
revolving account,Text,0.0
revolving balance,Text,0.0
revolving balances,Text,0.0
revolving charge,Text,0.0
revolving debit,Text,0.0
revolving debts,Text,0.0
revolving installment,Text,0.0
revolving line,Text,0.0
revolving lines,Text,0.0
revolves,Text,0.0
returns br,Text,0.0
reunion,Text,0.0
reuse,Text,0.0
reveal,Text,0.0
revenue,Text,0.0
revenue br,Text,0.0
revenue stream,Text,0.0
revenue year,Text,0.0
revenues,Text,0.0
review team,Text,0.0
reverse mortgage,Text,0.0
review,Text,0.0
review application,Text,0.0
review br,Text,0.0
review credit,Text,0.0
review loan,Text,0.0
review process,Text,0.0
review request,Text,0.0
review status,Text,0.0
reverse,Text,0.0
repeat customers,Text,0.0
repeated,Text,0.0
replace 20,Text,0.0
replace ac,Text,0.0
replace aging,Text,0.0
replace air,Text,0.0
replace appliances,Text,0.0
replace br,Text,0.0
response questions,Text,0.0
replace carpet,Text,0.0
replace central,Text,0.0
replace credit,Text,0.0
replace current,Text,0.0
replace deck,Text,0.0
replace engine,Text,0.0
replace existing,Text,0.0
replace fence,Text,0.0
replace flooring,Text,0.0
replace car,Text,0.0
repaying loan,Text,0.0
repaying loans,Text,0.0
repayment budget,Text,0.0
repayment credit,Text,0.0
repayment debt,Text,0.0
repayment issue,Text,0.0
repayment loan,Text,0.0
repayment loans,Text,0.0
repayment period,Text,0.0
repeat,Text,0.0
repayment problem,Text,0.0
repayment process,Text,0.0
repayment record,Text,0.0
repayment term,Text,0.0
repayment terms,Text,0.0
repayment thank,Text,0.0
repayment time,Text,0.0
repayments,Text,0.0
repayments br,Text,0.0
repayment plan,Text,0.0
replacing flooring,Text,0.0
replacing kitchen,Text,0.0
replacing old,Text,0.0
replacing roof,Text,0.0
replacing windows,Text,0.0
replenish,Text,0.0
replenish savings,Text,0.0
reply,Text,0.0
repo,Text,0.0
replace furnace,Text,0.0
report br,Text,0.0
report credit,Text,0.0
report delinquent,Text,0.0
report job,Text,0.0
report late,Text,0.0
report loan,Text,0.0
report make,Text,0.0
report missed,Text,0.0
report paid,Text,0.0
reponsible,Text,0.0
replace high,Text,0.0
replace hvac,Text,0.0
replace kitchen,Text,0.0
replace loan,Text,0.0
replace lower,Text,0.0
replace payments,Text,0.0
replace siding,Text,0.0
replace transmission,Text,0.0
replace water,Text,0.0
replacing,Text,0.0
replaced,Text,0.0
replaced br,Text,0.0
replaced loan,Text,0.0
replacement,Text,0.0
replacement br,Text,0.0
replacement surgery,Text,0.0
replacement vehicle,Text,0.0
replacement windows,Text,0.0
replacements,Text,0.0
replace windows,Text,0.0
repair improvement,Text,0.0
repair loan,Text,0.0
repair needed,Text,0.0
repair new,Text,0.0
repair replace,Text,0.0
repair shop,Text,0.0
repair vehicle,Text,0.0
repair vehicles,Text,0.0
repaying debt,Text,0.0
repair work,Text,0.0
repaired,Text,0.0
repaired br,Text,0.0
repairing,Text,0.0
repairs car,Text,0.0
repairs credit,Text,0.0
repairs expenses,Text,0.0
repairs family,Text,0.0
repairs good,Text,0.0
repair want,Text,0.0
repaid br,Text,0.0
repaid debt,Text,0.0
repaid debts,Text,0.0
repaid loan,Text,0.0
repaid loans,Text,0.0
repaid time,Text,0.0
repaid year,Text,0.0
repaid years,Text,0.0
repainting,Text,0.0
repair house,Text,0.0
repair business,Text,0.0
repair car,Text,0.0
repair costs,Text,0.0
repair credit,Text,0.0
repair damage,Text,0.0
repair debt,Text,0.0
repair deck,Text,0.0
repair expenses,Text,0.0
repair home,Text,0.0
repair bills,Text,0.0
repay 000,Text,0.0
repay 401k,Text,0.0
repay br,Text,0.0
repay current,Text,0.0
repay debt,Text,0.0
repay debts,Text,0.0
repay faster,Text,0.0
repay higher,Text,0.0
repay loan,Text,0.0
repairs house,Text,0.0
repay money,Text,0.0
repay monthly,Text,0.0
repay personal,Text,0.0
repay quickly,Text,0.0
repay sooner,Text,0.0
repay time,Text,0.0
repay years,Text,0.0
repayed,Text,0.0
repaying credit,Text,0.0
repay loans,Text,0.0
repairs improvements,Text,0.0
repairs job,Text,0.0
repairs loan,Text,0.0
repairs maintenance,Text,0.0
repairs medical,Text,0.0
repairs need,Text,0.0
repairs needed,Text,0.0
repairs new,Text,0.0
repairs pay,Text,0.0
repairs work,Text,0.0
repairs rental,Text,0.0
repairs roof,Text,0.0
repairs small,Text,0.0
repairs thank,Text,0.0
repairs thanks,Text,0.0
repairs truck,Text,0.0
repairs unexpected,Text,0.0
repairs upgrades,Text,0.0
repairs vehicle,Text,0.0
repairs renovations,Text,0.0
research assistant,Text,0.0
research development,Text,0.0
research scientist,Text,0.0
researched,Text,0.0
researcher,Text,0.0
resell,Text,0.0
reselling,Text,0.0
reserve br,Text,0.0
report pay,Text,0.0
reserve emergency,Text,0.0
reserve funds,Text,0.0
reserves br,Text,0.0
reside,Text,0.0
residence,Text,0.0
residence br,Text,0.0
residence years,Text,0.0
residences,Text,0.0
residency,Text,0.0
reserve cash,Text,0.0
required credit,Text,0.0
required loan,Text,0.0
required minimum,Text,0.0
required month,Text,0.0
required monthly,Text,0.0
required new,Text,0.0
required pay,Text,0.0
required payment,Text,0.0
required payments,Text,0.0
rescue,Text,0.0
required use,Text,0.0
requirement,Text,0.0
requirement br,Text,0.0
requirements,Text,0.0
requires,Text,0.0
requires good,Text,0.0
requiring,Text,0.0
resale,Text,0.0
resale value,Text,0.0
required time,Text,0.0
resources,Text,0.0
resources pay,Text,0.0
respect,Text,0.0
respectable,Text,0.0
respected,Text,0.0
respectfully,Text,0.0
respective,Text,0.0
respectively,Text,0.0
respectively br,Text,0.0
resident,Text,0.0
respond promptly,Text,0.0
respond questions,Text,0.0
responded,Text,0.0
responding,Text,0.0
responsable,Text,0.0
responsable person,Text,0.0
response,Text,0.0
response br,Text,0.0
response question,Text,0.0
respond,Text,0.0
resident physician,Text,0.0
residential,Text,0.0
residential property,Text,0.0
residing,Text,0.0
residual,Text,0.0
residual income,Text,0.0
resigned,Text,0.0
resistant,Text,0.0
resolution,Text,0.0
resource,Text,0.0
resolve,Text,0.0
resolve debt,Text,0.0
resolved,Text,0.0
resolved br,Text,0.0
resolving,Text,0.0
resort,Text,0.0
resort credit,Text,0.0
resorted,Text,0.0
resorts,Text,0.0
resolution debt,Text,0.0
reputation br,Text,0.0
req,Text,0.0
request allow,Text,0.0
request approved,Text,0.0
request br,Text,0.0
request consolidate,Text,0.0
request consolidation,Text,0.0
request credit,Text,0.0
required br,Text,0.0
request debt,Text,0.0
request far,Text,0.0
request feel,Text,0.0
request fund,Text,0.0
request funded,Text,0.0
request funds,Text,0.0
request greatly,Text,0.0
request help,Text,0.0
request hope,Text,0.0
request currently,Text,0.0
report reflects,Text,0.0
report shows,Text,0.0
report updated,Text,0.0
report verify,Text,0.0
report years,Text,0.0
reported,Text,0.0
reported br,Text,0.0
reported credit,Text,0.0
reported income,Text,0.0
reputation,Text,0.0
reporting agencies,Text,0.0
reports,Text,0.0
represent,Text,0.0
representation,Text,0.0
representative,Text,0.0
reps,Text,0.0
republic,Text,0.0
reputable,Text,0.0
reputable company,Text,0.0
reporting,Text,0.0
requested monthly,Text,0.0
requested thank,Text,0.0
requested used,Text,0.0
requesting 000,Text,0.0
requesting borrow,Text,0.0
requesting br,Text,0.0
requesting funding,Text,0.0
requesting funds,Text,0.0
requesting help,Text,0.0
request know,Text,0.0
requesting money,Text,0.0
requesting pay,Text,0.0
requesting personal,Text,0.0
requesting small,Text,0.0
requesting used,Text,0.0
requests,Text,0.0
require additional,Text,0.0
require cash,Text,0.0
require loan,Text,0.0
requesting loan,Text,0.0
request like,Text,0.0
request loan,Text,0.0
request look,Text,0.0
request looking,Text,0.0
request lower,Text,0.0
request pay,Text,0.0
request personal,Text,0.0
request purchase,Text,0.0
request thank,Text,0.0
requested loan,Text,0.0
request time,Text,0.0
request used,Text,0.0
request work,Text,0.0
requested debt,Text,0.0
requested documents,Text,0.0
requested funds,Text,0.0
requested help,Text,0.0
requested information,Text,0.0
requested lending,Text,0.0
request thanks,Text,0.0
savings debt,Text,0.0
savings depleted,Text,0.0
savings emergencies,Text,0.0
savings emergency,Text,0.0
savings family,Text,0.0
savings fund,Text,0.0
savings funds,Text,0.0
savings future,Text,0.0
rising,Text,0.0
savings help,Text,0.0
savings home,Text,0.0
savings investment,Text,0.0
savings investments,Text,0.0
savings just,Text,0.0
savings left,Text,0.0
savings like,Text,0.0
savings loan,Text,0.0
savings make,Text,0.0
savings going,Text,0.0
savings 000,Text,0.0
savings 100,Text,0.0
savings 300,Text,0.0
savings 400,Text,0.0
savings 401k,Text,0.0
savings 50,Text,0.0
savings 500,Text,0.0
savings able,Text,0.0
savings account,Text,0.0
savings cushion,Text,0.0
savings allow,Text,0.0
savings amp,Text,0.0
savings approximately,Text,0.0
savings bank,Text,0.0
savings budget,Text,0.0
savings case,Text,0.0
savings cover,Text,0.0
savings credit,Text,0.0
savings currently,Text,0.0
savings accounts,Text,0.0
savings work,Text,0.0
savvy,Text,0.0
saw,Text,0.0
saw credit,Text,0.0
say br,Text,0.0
say credit,Text,0.0
say debt,Text,0.0
say good,Text,0.0
say goodbye,Text,0.0
savings money,Text,0.0
say late,Text,0.0
say loan,Text,0.0
say pay,Text,0.0
say quot,Text,0.0
say thank,Text,0.0
say thanks,Text,0.0
saying,Text,0.0
says,Text,0.0
says br,Text,0.0
say job,Text,0.0
savings month,Text,0.0
savings monthly,Text,0.0
savings need,Text,0.0
savings order,Text,0.0
savings pay,Text,0.0
savings paying,Text,0.0
savings payment,Text,0.0
savings plan,Text,0.0
savings purchase,Text,0.0
savings wish,Text,0.0
savings set,Text,0.0
savings short,Text,0.0
savings thank,Text,0.0
savings thanks,Text,0.0
savings unexpected,Text,0.0
savings use,Text,0.0
savings used,Text,0.0
savings using,Text,0.0
savings want,Text,0.0
savings retirement,Text,0.0
save plan,Text,0.0
save purchase,Text,0.0
save quite,Text,0.0
save rate,Text,0.0
save retirement,Text,0.0
save significant,Text,0.0
save thank,Text,0.0
save things,Text,0.0
saving years,Text,0.0
save thousands,Text,0.0
save time,Text,0.0
save ton,Text,0.0
save tons,Text,0.0
save total,Text,0.0
save wedding,Text,0.0
save year,Text,0.0
saved br,Text,0.0
saved cover,Text,0.0
save thousand,Text,0.0
save great,Text,0.0
save half,Text,0.0
save help,Text,0.0
save high,Text,0.0
save home,Text,0.0
save house,Text,0.0
save improve,Text,0.0
save intrest,Text,0.0
save invest,Text,0.0
save paying,Text,0.0
save little,Text,0.0
save loan,Text,0.0
save long,Text,0.0
save lot,Text,0.0
save lots,Text,0.0
save lower,Text,0.0
save monthly,Text,0.0
save nearly,Text,0.0
save new,Text,0.0
save life,Text,0.0
saving college,Text,0.0
saving family,Text,0.0
saving future,Text,0.0
saving house,Text,0.0
saving hundreds,Text,0.0
saving investing,Text,0.0
saving loan,Text,0.0
saving lot,Text,0.0
saving month,Text,0.0
saved funds,Text,0.0
saving pay,Text,0.0
saving paying,Text,0.0
saving payment,Text,0.0
saving purchase,Text,0.0
saving putting,Text,0.0
saving retirement,Text,0.0
saving thousands,Text,0.0
saving time,Text,0.0
saving wedding,Text,0.0
saving new,Text,0.0
saved need,Text,0.0
saved paid,Text,0.0
saved pay,Text,0.0
saved purchase,Text,0.0
saver,Text,0.0
saver br,Text,0.0
saves money,Text,0.0
saving 100,Text,0.0
saving 150,Text,0.0
saving children,Text,0.0
saving 300,Text,0.0
saving 400,Text,0.0
saving 500,Text,0.0
saving 600,Text,0.0
saving account,Text,0.0
saving additional,Text,0.0
saving approximately,Text,0.0
saving br,Text,0.0
saving buy,Text,0.0
saving 200,Text,0.0
school used,Text,0.0
school using,Text,0.0
school ve,Text,0.0
school want,Text,0.0
school work,Text,0.0
school worked,Text,0.0
school working,Text,0.0
school year,Text,0.0
sba,Text,0.0
schooling,Text,0.0
schools,Text,0.0
science,Text,0.0
science degree,Text,0.0
sciences,Text,0.0
scientist,Text,0.0
scooter,Text,0.0
scooter br,Text,0.0
scope,Text,0.0
school years,Text,0.0
school personal,Text,0.0
school program,Text,0.0
school related,Text,0.0
school school,Text,0.0
school second,Text,0.0
school soon,Text,0.0
school special,Text,0.0
school stable,Text,0.0
school starting,Text,0.0
school use,Text,0.0
school student,Text,0.0
school supplies,Text,0.0
school teacher,Text,0.0
school thank,Text,0.0
school time,Text,0.0
school took,Text,0.0
school trying,Text,0.0
school tuition,Text,0.0
school unfortunately,Text,0.0
school starts,Text,0.0
score better,Text,0.0
score buy,Text,0.0
score checked,Text,0.0
score close,Text,0.0
score continue,Text,0.0
score credit,Text,0.0
score currently,Text,0.0
score debt,Text,0.0
score defaulted,Text,0.0
score 100,Text,0.0
score dropped,Text,0.0
score employed,Text,0.0
score excellent,Text,0.0
score experian,Text,0.0
score financial,Text,0.0
score future,Text,0.0
score getting,Text,0.0
score goal,Text,0.0
score going,Text,0.0
score don,Text,0.0
score 700,Text,0.0
score 710,Text,0.0
score 712,Text,0.0
score 716,Text,0.0
score 720,Text,0.0
score 730,Text,0.0
score 735,Text,0.0
score 738,Text,0.0
score 740,Text,0.0
score average,Text,0.0
score 760,Text,0.0
score 761,Text,0.0
score 770,Text,0.0
score 780,Text,0.0
score 800,Text,0.0
score able,Text,0.0
score affected,Text,0.0
score amp,Text,0.0
score approx,Text,0.0
score 750,Text,0.0
scheduling,Text,0.0
scholarship,Text,0.0
scholarships,Text,0.0
school able,Text,0.0
school amp,Text,0.0
school bills,Text,0.0
school books,Text,0.0
school br,Text,0.0
school paying,Text,0.0
school business,Text,0.0
school car,Text,0.0
school career,Text,0.0
school college,Text,0.0
school credit,Text,0.0
school currently,Text,0.0
school debt,Text,0.0
school degree,Text,0.0
school district,Text,0.0
school bus,Text,0.0
sba loan,Text,0.0
sc,Text,0.0
scale,Text,0.0
scaled,Text,0.0
scam,Text,0.0
scarce,Text,0.0
scare,Text,0.0
scattered,Text,0.0
scenario,Text,0.0
schedules,Text,0.0
scene,Text,0.0
schedule br,Text,0.0
schedule credit,Text,0.0
schedule pay,Text,0.0
scheduled,Text,0.0
scheduled br,Text,0.0
scheduled payment,Text,0.0
scheduled payments,Text,0.0
scheduled time,Text,0.0
scenarios,Text,0.0
school like,Text,0.0
school living,Text,0.0
school loan,Text,0.0
school loans,Text,0.0
school looking,Text,0.0
school make,Text,0.0
school master,Text,0.0
school masters,Text,0.0
school mba,Text,0.0
school districts,Text,0.0
school monthly,Text,0.0
school moving,Text,0.0
school need,Text,0.0
school nursing,Text,0.0
school obtain,Text,0.0
school paid,Text,0.0
school parents,Text,0.0
school past,Text,0.0
school pay,Text,0.0
school medical,Text,0.0
school education,Text,0.0
school employed,Text,0.0
school expenses,Text,0.0
school fall,Text,0.0
school fees,Text,0.0
school finish,Text,0.0
school getting,Text,0.0
school going,Text,0.0
school good,Text,0.0
school just,Text,0.0
school grad,Text,0.0
school graduate,Text,0.0
school graduated,Text,0.0
school great,Text,0.0
school having,Text,0.0
school help,Text,0.0
school high,Text,0.0
school income,Text,0.0
school job,Text,0.0
school got,Text,0.0
root canal,Text,0.0
root canals,Text,0.0
roots,Text,0.0
rose,Text,0.0
rot,Text,0.0
rotations,Text,0.0
roth,Text,0.0
roth ira,Text,0.0
save gas,Text,0.0
rotting,Text,0.0
rough,Text,0.0
rough couple,Text,0.0
rough economy,Text,0.0
rough patch,Text,0.0
rough time,Text,0.0
rough times,Text,0.0
rough year,Text,0.0
roughly 000,Text,0.0
rotors,Text,0.0
room grow,Text,0.0
room growth,Text,0.0
room home,Text,0.0
room house,Text,0.0
room kitchen,Text,0.0
room loan,Text,0.0
room make,Text,0.0
room mate,Text,0.0
room month,Text,0.0
root,Text,0.0
room need,Text,0.0
room new,Text,0.0
room pay,Text,0.0
room save,Text,0.0
roomate,Text,0.0
roommate,Text,0.0
roommates pay,Text,0.0
rooms br,Text,0.0
rooms house,Text,0.0
room monthly,Text,0.0
rsquo looking,Text,0.0
rsquo ve,Text,0.0
rsquo want,Text,0.0
rude,Text,0.0
rug,Text,0.0
ruin,Text,0.0
ruin credit,Text,0.0
ruined,Text,0.0
ruining,Text,0.0
roughly 10,Text,0.0
rule,Text,0.0
rules br,Text,0.0
run,Text,0.0
run approximately,Text,0.0
run br,Text,0.0
run business,Text,0.0
run credit,Text,0.0
run debt,Text,0.0
run home,Text,0.0
ruining credit,Text,0.0
roughly 20,Text,0.0
roughly 300,Text,0.0
roughly 400,Text,0.0
roughly 4000,Text,0.0
roughly 50,Text,0.0
roughly 500,Text,0.0
roughly half,Text,0.0
round trip,Text,0.0
rounded,Text,0.0
rsquo ll,Text,0.0
route br,Text,0.0
routes,Text,0.0
routine,Text,0.0
routinely,Text,0.0
row,Text,0.0
royalty,Text,0.0
rsquo,Text,0.0
rsquo good,Text,0.0
rsquo like,Text,0.0
route,Text,0.0
risky,Text,0.0
river,Text,0.0
riverside,Text,0.0
rn,Text,0.0
ro,Text,0.0
road br,Text,0.0
road debt,Text,0.0
road financial,Text,0.0
room furniture,Text,0.0
robert,Text,0.0
robust,Text,0.0
rock,Text,0.0
rock br,Text,0.0
rock solid,Text,0.0
rocket,Text,0.0
rocketed,Text,0.0
rocky,Text,0.0
rod,Text,0.0
roads,Text,0.0
rising rates,Text,0.0
risk,Text,0.0
risk borrower,Text,0.0
risk br,Text,0.0
risk credit,Text,0.0
risk default,Text,0.0
risk free,Text,0.0
risk getting,Text,0.0
risk good,Text,0.0
risks,Text,0.0
risk investment,Text,0.0
risk investors,Text,0.0
risk just,Text,0.0
risk late,Text,0.0
risk loan,Text,0.0
risk losing,Text,0.0
risk pay,Text,0.0
risk quot,Text,0.0
risk thank,Text,0.0
risk investing,Text,0.0
roof leaks,Text,0.0
roof like,Text,0.0
roof need,Text,0.0
roof new,Text,0.0
roof plumbing,Text,0.0
roof repair,Text,0.0
roof repairs,Text,0.0
roof replace,Text,0.0
roof replacement,Text,0.0
rods,Text,0.0
roofing,Text,0.0
room addition,Text,0.0
room bathroom,Text,0.0
room bedroom,Text,0.0
room board,Text,0.0
room br,Text,0.0
room breathe,Text,0.0
room budget,Text,0.0
room dining,Text,0.0
roof windows,Text,0.0
roi,Text,0.0
role,Text,0.0
role br,Text,0.0
roles,Text,0.0
roll,Text,0.0
roll credit,Text,0.0
roll debt,Text,0.0
roll loan,Text,0.0
roll payment,Text,0.0
roof leaking,Text,0.0
rolling br,Text,0.0
rolling debt,Text,0.0
rolling payments,Text,0.0
rolls,Text,0.0
roof br,Text,0.0
roof fixed,Text,0.0
roof garage,Text,0.0
roof house,Text,0.0
roof leak,Text,0.0
rolled,Text,0.0
sams,Text,0.0
sams club,Text,0.0
san antonio,Text,0.0
san francisco,Text,0.0
san jose,Text,0.0
sand,Text,0.0
sanity,Text,0.0
santa,Text,0.0
run pay,Text,0.0
santa clara,Text,0.0
sat,Text,0.0
satellite,Text,0.0
satisfaction,Text,0.0
satisfactory,Text,0.0
satisfied,Text,0.0
satisfy debt,Text,0.0
satisfying,Text,0.0
saturday,Text,0.0
santa barbara,Text,0.0
sales associate,Text,0.0
sales br,Text,0.0
sales business,Text,0.0
sales director,Text,0.0
sales management,Text,0.0
sales manager,Text,0.0
sales marketing,Text,0.0
sales person,Text,0.0
sales position,Text,0.0
sam club,Text,0.0
sales representative,Text,0.0
sales tax,Text,0.0
sales year,Text,0.0
salon,Text,0.0
salon br,Text,0.0
salon business,Text,0.0
salt,Text,0.0
salvage,Text,0.0
sam,Text,0.0
sales rep,Text,0.0
save average,Text,0.0
save bit,Text,0.0
save bucks,Text,0.0
save buy,Text,0.0
save cash,Text,0.0
save charges,Text,0.0
save close,Text,0.0
save considerable,Text,0.0
save couple,Text,0.0
save 000,Text,0.0
save daughter,Text,0.0
save dollars,Text,0.0
save emergency,Text,0.0
save energy,Text,0.0
save extra,Text,0.0
save family,Text,0.0
save finance,Text,0.0
save funds,Text,0.0
save future,Text,0.0
save credit,Text,0.0
save 10,Text,0.0
save 1000,Text,0.0
save 150,Text,0.0
save 200,Text,0.0
save 25,Text,0.0
save 250,Text,0.0
save 30,Text,0.0
save 300,Text,0.0
save 350,Text,0.0
save approximately,Text,0.0
save 400,Text,0.0
save 50,Text,0.0
save 500,Text,0.0
save 600,Text,0.0
save 700,Text,0.0
save able,Text,0.0
save additional,Text,0.0
save alot,Text,0.0
save approx,Text,0.0
save 40,Text,0.0
sad,Text,0.0
saddled,Text,0.0
sadly,Text,0.0
safe bet,Text,0.0
safe br,Text,0.0
safe comfortable,Text,0.0
safe job,Text,0.0
safe loan,Text,0.0
sales,Text,0.0
safe return,Text,0.0
safe secure,Text,0.0
safe thank,Text,0.0
safely,Text,0.0
safest,Text,0.0
safety,Text,0.0
safety net,Text,0.0
said credit,Text,0.0
said earlier,Text,0.0
safe reliable,Text,0.0
run save,Text,0.0
run small,Text,0.0
run successful,Text,0.0
run thank,Text,0.0
runner,Text,0.0
running br,Text,0.0
running business,Text,0.0
running credit,Text,0.0
running need,Text,0.0
sacrificing,Text,0.0
runs,Text,0.0
rural,Text,0.0
rush,Text,0.0
rushed,Text,0.0
rust,Text,0.0
rut,Text,0.0
sable,Text,0.0
sacrifice,Text,0.0
sacrifices,Text,0.0
running time,Text,0.0
salary listed,Text,0.0
salary loan,Text,0.0
salary make,Text,0.0
salary making,Text,0.0
salary monthly,Text,0.0
salary paid,Text,0.0
salary pay,Text,0.0
salary plus,Text,0.0
salary position,Text,0.0
said loan,Text,0.0
salary stable,Text,0.0
salary work,Text,0.0
salary year,Text,0.0
sale br,Text,0.0
sale current,Text,0.0
sale home,Text,0.0
sale house,Text,0.0
sale need,Text,0.0
sale price,Text,0.0
salary receive,Text,0.0
sail,Text,0.0
sailboat,Text,0.0
sake,Text,0.0
saks,Text,0.0
salaried,Text,0.0
salaried employee,Text,0.0
salaried income,Text,0.0
salaried job,Text,0.0
salaried position,Text,0.0
salary like,Text,0.0
salary 80,Text,0.0
salary based,Text,0.0
salary bonus,Text,0.0
salary br,Text,0.0
salary cover,Text,0.0
salary credit,Text,0.0
salary increase,Text,0.0
salary increases,Text,0.0
salary just,Text,0.0
salaries,Text,0.0
br doing,Text,0.0
br don,Text,0.0
br dont,Text,0.0
br earn,Text,0.0
br easily,Text,0.0
br education,Text,0.0
br electric,Text,0.0
br electricity,Text,0.0
zone,Text,0.0
br emergency,Text,0.0
br employed,Text,0.0
br employee,Text,0.0
br employeed,Text,0.0
br employer,Text,0.0
br employment,Text,0.0
br end,Text,0.0
br entertainment,Text,0.0
br estimated,Text,0.0
br eliminate,Text,0.0
br consolidation,Text,0.0
br contact,Text,0.0
br continue,Text,0.0
br cost,Text,0.0
br creditor,Text,0.0
br current,Text,0.0
br currently,Text,0.0
br day,Text,0.0
br daycare,Text,0.0
br doctor,Text,0.0
br defaulted,Text,0.0
br delinquencies,Text,0.0
br delinquency,Text,0.0
br dell,Text,0.0
br dependable,Text,0.0
br despite,Text,0.0
br determined,Text,0.0
br did,Text,0.0
br discretionary,Text,0.0
br days,Text,0.0
br food,Text,0.0
br free,Text,0.0
br fuel,Text,0.0
br fully,Text,0.0
br fund,Text,0.0
br funding,Text,0.0
br funds,Text,0.0
br furniture,Text,0.0
br gas,Text,0.0
br excellent,Text,0.0
br ge,Text,0.0
br general,Text,0.0
br getting,Text,0.0
br given,Text,0.0
br goals,Text,0.0
br going,Text,0.0
br got,Text,0.0
br graduate,Text,0.0
br graduated,Text,0.0
br gasoline,Text,0.0
br excited,Text,0.0
br executive,Text,0.0
br existing,Text,0.0
br expect,Text,0.0
br expenses,Text,0.0
br experian,Text,0.0
br extra,Text,0.0
br extremely,Text,0.0
br family,Text,0.0
br following,Text,0.0
br feel,Text,0.0
br fiance,Text,0.0
br fiancee,Text,0.0
br field,Text,0.0
br finally,Text,0.0
br finances,Text,0.0
br financial,Text,0.0
br financially,Text,0.0
br fixed,Text,0.0
br far,Text,0.0
br approx,Text,0.0
br approximate,Text,0.0
br approximately,Text,0.0
br apr,Text,0.0
br ask,Text,0.0
br asking,Text,0.0
br assure,Text,0.0
br auto,Text,0.0
br consolidating,Text,0.0
br background,Text,0.0
br balances,Text,0.0
br bank,Text,0.0
br barclay,Text,0.0
br based,Text,0.0
br basically,Text,0.0
br bathroom,Text,0.0
br believe,Text,0.0
br bestbuy,Text,0.0
br average,Text,0.0
br able,Text,0.0
br account,Text,0.0
br accounts,Text,0.0
br active,Text,0.0
br actually,Text,0.0
br add,Text,0.0
br addition,Text,0.0
br additional,Text,0.0
br additionally,Text,0.0
br appreciate,Text,0.0
br air,Text,0.0
br allow,Text,0.0
br american,Text,0.0
br amex,Text,0.0
br amp,Text,0.0
br annual,Text,0.0
br answer,Text,0.0
br applied,Text,0.0
br applying,Text,0.0
br afford,Text,0.0
br cars,Text,0.0
br cash,Text,0.0
br cc,Text,0.0
br cc1,Text,0.0
br cc2,Text,0.0
br cell,Text,0.0
br cheers,Text,0.0
br child,Text,0.0
br citibank,Text,0.0
br big,Text,0.0
br clothing,Text,0.0
br college,Text,0.0
br combined,Text,0.0
br come,Text,0.0
br committed,Text,0.0
br company,Text,0.0
br consider,Text,0.0
br considered,Text,0.0
br consolidate,Text,0.0
br citicard,Text,0.0
br bills,Text,0.0
br boa,Text,0.0
br bofa,Text,0.0
br borrowing,Text,0.0
br bought,Text,0.0
br breakdown,Text,0.0
br budget,Text,0.0
br budgeted,Text,0.0
br bull,Text,0.0
br career,Text,0.0
br buying,Text,0.0
br cable,Text,0.0
br cap,Text,0.0
br capital,Text,0.0
br capitalone,Text,0.0
br card,Text,0.0
br cards,Text,0.0
br care,Text,0.0
br carecredit,Text,0.0
br business,Text,0.0
br missed,Text,0.0
br money,Text,0.0
br month,Text,0.0
br months,Text,0.0
br montly,Text,0.0
br mortgage,Text,0.0
br mortgages,Text,0.0
br moved,Text,0.0
br grateful,Text,0.0
br need,Text,0.0
br net,Text,0.0
br netflix,Text,0.0
br new,Text,0.0
br nullborrower,Text,0.0
br old,Text,0.0
br open,Text,0.0
br orchard,Text,0.0
br order,Text,0.0
br moving,Text,0.0
br maintained,Text,0.0
br major,Text,0.0
br make,Text,0.0
br makes,Text,0.0
br making,Text,0.0
br manager,Text,0.0
br marketing,Text,0.0
br married,Text,0.0
br master,Text,0.0
br miss,Text,0.0
br mbna,Text,0.0
br mc,Text,0.0
br medical,Text,0.0
br mentioned,Text,0.0
br merrick,Text,0.0
br military,Text,0.0
br minimum,Text,0.0
br misc,Text,0.0
br miscellaneous,Text,0.0
br mastercard,Text,0.0
br position,Text,0.0
br positive,Text,0.0
br power,Text,0.0
br pre,Text,0.0
br previous,Text,0.0
br pride,Text,0.0
br primary,Text,0.0
br prior,Text,0.0
br problem,Text,0.0
br original,Text,0.0
br process,Text,0.0
br profession,Text,0.0
br professional,Text,0.0
br project,Text,0.0
br property,Text,0.0
br provide,Text,0.0
br ps,Text,0.0
br purchased,Text,0.0
br purchasing,Text,0.0
br proceeds,Text,0.0
br outstanding,Text,0.0
br owe,Text,0.0
br owned,Text,0.0
br owner,Text,0.0
br paid,Text,0.0
br past,Text,0.0
br paying,Text,0.0
br payments,Text,0.0
br payoff,Text,0.0
br portion,Text,0.0
br people,Text,0.0
br perfect,Text,0.0
br person,Text,0.0
br personally,Text,0.0
br phone,Text,0.0
br plan,Text,0.0
br planning,Text,0.0
br plans,Text,0.0
br plus,Text,0.0
br paypal,Text,0.0
br hope,Text,0.0
br hopefully,Text,0.0
br hoping,Text,0.0
br house,Text,0.0
br household,Text,0.0
br housing,Text,0.0
br hsbc,Text,0.0
br husband,Text,0.0
br main,Text,0.0
br immediate,Text,0.0
br income,Text,0.0
br information,Text,0.0
br installment,Text,0.0
br insurance,Text,0.0
br intend,Text,0.0
br interested,Text,0.0
br internet,Text,0.0
br invest,Text,0.0
br im,Text,0.0
br great,Text,0.0
br greatly,Text,0.0
br groceries,Text,0.0
br gross,Text,0.0
br gym,Text,0.0
br half,Text,0.0
br happy,Text,0.0
br hard,Text,0.0
br haven,Text,0.0
br honest,Text,0.0
br health,Text,0.0
br held,Text,0.0
br hello,Text,0.0
br help,Text,0.0
br high,Text,0.0
br history,Text,0.0
br hoa,Text,0.0
br hold,Text,0.0
br home,Text,0.0
br having,Text,0.0
br lendingclub,Text,0.0
br let,Text,0.0
br life,Text,0.0
br like,Text,0.0
br line,Text,0.0
br lines,Text,0.0
br little,Text,0.0
br live,Text,0.0
br lived,Text,0.0
br investing,Text,0.0
br ll,Text,0.0
br loans,Text,0.0
br long,Text,0.0
br look,Text,0.0
br looking,Text,0.0
br low,Text,0.0
br lower,Text,0.0
br lowes,Text,0.0
br macys,Text,0.0
br living,Text,0.0
br investment,Text,0.0
br investor,Text,0.0
br investors,Text,0.0
br irs,Text,0.0
br ive,Text,0.0
br jobs,Text,0.0
br juniper,Text,0.0
br just,Text,0.0
br kind,Text,0.0
br lending,Text,0.0
br large,Text,0.0
br lastly,Text,0.0
br late,Text,0.0
br later,Text,0.0
br lc,Text,0.0
br leaves,Text,0.0
br left,Text,0.0
br legal,Text,0.0
br lender,Text,0.0
br know,Text,0.0
boat boat,Text,0.0
boat br,Text,0.0
boat credit,Text,0.0
boat family,Text,0.0
boat loan,Text,0.0
boat motor,Text,0.0
boat need,Text,0.0
boat pay,Text,0.0
br ability,Text,0.0
boats,Text,0.0
bobcat,Text,0.0
body,Text,0.0
body damage,Text,0.0
boeing,Text,0.0
bofa,Text,0.0
bofa credit,Text,0.0
boiler,Text,0.0
bolster,Text,0.0
boat purchase,Text,0.0
blessings,Text,0.0
blew,Text,0.0
blind,Text,0.0
blinds,Text,0.0
block,Text,0.0
blocks,Text,0.0
blog,Text,0.0
blood,Text,0.0
blow,Text,0.0
boat,Text,0.0
blue,Text,0.0
blue book,Text,0.0
bmw,Text,0.0
boa,Text,0.0
boa credit,Text,0.0
board,Text,0.0
board br,Text,0.0
boarding,Text,0.0
boards,Text,0.0
blown,Text,0.0
books,Text,0.0
books br,Text,0.0
books living,Text,0.0
books school,Text,0.0
books supplies,Text,0.0
books tuition,Text,0.0
boom,Text,0.0
boomers,Text,0.0
booming,Text,0.0
bond,Text,0.0
boost credit,Text,0.0
boot,Text,0.0
booth,Text,0.0
border,Text,0.0
born,Text,0.0
borrow 000,Text,0.0
borrow 10,Text,0.0
borrow additional,Text,0.0
borrow br,Text,0.0
boost,Text,0.0
bonded,Text,0.0
bonds,Text,0.0
bone,Text,0.0
bones,Text,0.0
bonneville,Text,0.0
bonus,Text,0.0
bonus br,Text,0.0
bonus check,Text,0.0
bonus end,Text,0.0
bookkeeping,Text,0.0
bonus pay,Text,0.0
bonus payments,Text,0.0
bonus tax,Text,0.0
bonus work,Text,0.0
bonus year,Text,0.0
bonuses br,Text,0.0
book value,Text,0.0
booked,Text,0.0
booking,Text,0.0
bonus paid,Text,0.0
bills vehicle,Text,0.0
bills want,Text,0.0
bills way,Text,0.0
bills wife,Text,0.0
bills work,Text,0.0
bills worked,Text,0.0
bills working,Text,0.0
bills worry,Text,0.0
blessing br,Text,0.0
bills years,Text,0.0
bils,Text,0.0
bin,Text,0.0
bind,Text,0.0
bind br,Text,0.0
bio,Text,0.0
biology,Text,0.0
biomedical,Text,0.0
biotech,Text,0.0
bills year,Text,0.0
bills steady,Text,0.0
bills student,Text,0.0
bills taken,Text,0.0
bills taking,Text,0.0
bills thanks,Text,0.0
bills things,Text,0.0
bills timely,Text,0.0
bills total,Text,0.0
bills track,Text,0.0
bills ve,Text,0.0
bills unexpected,Text,0.0
bills unfortunately,Text,0.0
bills use,Text,0.0
bills used,Text,0.0
bills using,Text,0.0
bills usually,Text,0.0
bills utilities,Text,0.0
bills vacation,Text,0.0
bills various,Text,0.0
bills trying,Text,0.0
bit money,Text,0.0
bit short,Text,0.0
bit thanks,Text,0.0
bit work,Text,0.0
bite,Text,0.0
biting,Text,0.0
biweekly,Text,0.0
biz,Text,0.0
black,Text,0.0
biotech company,Text,0.0
blanket,Text,0.0
blazer,Text,0.0
bleeding,Text,0.0
blemish,Text,0.0
blemish credit,Text,0.0
blemishes,Text,0.0
bless,Text,0.0
bless br,Text,0.0
blessed,Text,0.0
black mark,Text,0.0
birth,Text,0.0
birth child,Text,0.0
birth daughter,Text,0.0
birthday,Text,0.0
birthday br,Text,0.0
bit better,Text,0.0
bit br,Text,0.0
bit cash,Text,0.0
bit credit,Text,0.0
bit lower,Text,0.0
bit easier,Text,0.0
bit extra,Text,0.0
bit help,Text,0.0
bit helps,Text,0.0
bit high,Text,0.0
bit higher,Text,0.0
bit information,Text,0.0
bit just,Text,0.0
bit left,Text,0.0
bit debt,Text,0.0
bought paid,Text,0.0
bought short,Text,0.0
bought used,Text,0.0
bought year,Text,0.0
bought years,Text,0.0
bounce,Text,0.0
bounced,Text,0.0
bounced check,Text,0.0
borrow funds,Text,0.0
bout,Text,0.0
boutique,Text,0.0
boxes,Text,0.0
boy,Text,0.0
boyfriend,Text,0.0
boys,Text,0.0
br 000,Text,0.0
br 10,Text,0.0
br 100,Text,0.0
bound,Text,0.0
borrowing br,Text,0.0
borrowing consolidate,Text,0.0
borrowing funds,Text,0.0
borrowing history,Text,0.0
borrowing lending,Text,0.0
borrowing money,Text,0.0
boss,Text,0.0
bosses,Text,0.0
boston,Text,0.0
bought new,Text,0.0
bother,Text,0.0
bothers,Text,0.0
bottle,Text,0.0
bought,Text,0.0
bought car,Text,0.0
bought condo,Text,0.0
bought fixer,Text,0.0
bought home,Text,0.0
bought house,Text,0.0
boston ma,Text,0.0
br 250,Text,0.0
br 27,Text,0.0
br 29,Text,0.0
br 30,Text,0.0
br 300,Text,0.0
br 350,Text,0.0
br 3600,Text,0.0
br 40,Text,0.0
br 400,Text,0.0
br 1000,Text,0.0
br 50,Text,0.0
br 500,Text,0.0
br 60,Text,0.0
br 600,Text,0.0
br 700,Text,0.0
br 75,Text,0.0
br 800,Text,0.0
br 90,Text,0.0
br 900,Text,0.0
br 401k,Text,0.0
br 11,Text,0.0
br 12,Text,0.0
br 120,Text,0.0
br 125,Text,0.0
br 13,Text,0.0
br 14,Text,0.0
br 15,Text,0.0
br 150,Text,0.0
br 1500,Text,0.0
br 25,Text,0.0
br 17,Text,0.0
br 18,Text,0.0
br 20,Text,0.0
br 200,Text,0.0
br 2009,Text,0.0
br 2010,Text,0.0
br 21,Text,0.0
br 22,Text,0.0
br 24,Text,0.0
br 16,Text,0.0
borrower believe,Text,0.0
borrower bills,Text,0.0
borrower br,Text,0.0
borrower care,Text,0.0
borrower credit,Text,0.0
borrower current,Text,0.0
borrower currently,Text,0.0
borrower defaulted,Text,0.0
borrower don,Text,0.0
borrowing,Text,0.0
borrower excellent,Text,0.0
borrower fact,Text,0.0
borrower good,Text,0.0
borrower great,Text,0.0
borrower high,Text,0.0
borrower history,Text,0.0
borrower income,Text,0.0
borrower investor,Text,0.0
borrower job,Text,0.0
borrower employed,Text,0.0
borrow great,Text,0.0
borrow lending,Text,0.0
borrow loan,Text,0.0
borrow make,Text,0.0
borrow pay,Text,0.0
borrow thank,Text,0.0
borrow used,Text,0.0
borrowed,Text,0.0
borrowed br,Text,0.0
borrower becuase,Text,0.0
borrowed funds,Text,0.0
borrowed lending,Text,0.0
borrowed loan,Text,0.0
borrowed money,Text,0.0
borrowed paid,Text,0.0
borrowed used,Text,0.0
borrower account,Text,0.0
borrower amp,Text,0.0
borrower based,Text,0.0
borrowed credit,Text,0.0
borrower reliable,Text,0.0
borrower responsible,Text,0.0
borrower secure,Text,0.0
borrower simply,Text,0.0
borrower solid,Text,0.0
borrower steady,Text,0.0
borrower thank,Text,0.0
borrower thanks,Text,0.0
borrower time,Text,0.0
borrower just,Text,0.0
borrower use,Text,0.0
borrower ve,Text,0.0
borrower want,Text,0.0
borrower work,Text,0.0
borrower worked,Text,0.0
borrower years,Text,0.0
borrowers,Text,0.0
borrowers br,Text,0.0
borrowers investors,Text,0.0
borrower understand,Text,0.0
borrower know,Text,0.0
borrower late,Text,0.0
borrower lender,Text,0.0
borrower lending,Text,0.0
borrower like,Text,0.0
borrower long,Text,0.0
borrower looking,Text,0.0
borrower make,Text,0.0
borrower makes,Text,0.0
borrower proven,Text,0.0
borrower missed,Text,0.0
borrower monthly,Text,0.0
borrower paid,Text,0.0
borrower pay,Text,0.0
borrower paying,Text,0.0
borrower payment,Text,0.0
borrower payments,Text,0.0
borrower pays,Text,0.0
borrower plan,Text,0.0
borrower miss,Text,0.0
bus driver,Text,0.0
buses,Text,0.0
busier,Text,0.0
busiest,Text,0.0
businees,Text,0.0
business 10,Text,0.0
business 100,Text,0.0
business 11,Text,0.0
br purpose,Text,0.0
business 13,Text,0.0
business 15,Text,0.0
business 18,Text,0.0
business 20,Text,0.0
business 2010,Text,0.0
business 25,Text,0.0
business 30,Text,0.0
business 40,Text,0.0
business 60,Text,0.0
business 12,Text,0.0
bungalow,Text,0.0
burden,Text,0.0
burden br,Text,0.0
burden credit,Text,0.0
burden debt,Text,0.0
burden family,Text,0.0
burden high,Text,0.0
burden monthly,Text,0.0
burdened,Text,0.0
bus,Text,0.0
burdensome,Text,0.0
bureau,Text,0.0
bureaus,Text,0.0
burial,Text,0.0
buried,Text,0.0
burn,Text,0.0
burned,Text,0.0
burning,Text,0.0
burst,Text,0.0
burdens,Text,0.0
business consulting,Text,0.0
business continue,Text,0.0
business credit,Text,0.0
business current,Text,0.0
business currently,Text,0.0
business day,Text,0.0
business debt,Text,0.0
business degree,Text,0.0
business development,Text,0.0
business able,Text,0.0
business doing,Text,0.0
business equipment,Text,0.0
business established,Text,0.0
business excellent,Text,0.0
business expansion,Text,0.0
business expenses,Text,0.0
business experience,Text,0.0
business failed,Text,0.0
business family,Text,0.0
business does,Text,0.0
business account,Text,0.0
business administration,Text,0.0
business allow,Text,0.0
business amp,Text,0.0
business analyst,Text,0.0
business area,Text,0.0
business bank,Text,0.0
business based,Text,0.0
business believe,Text,0.0
business company,Text,0.0
business bureau,Text,0.0
business business,Text,0.0
business buy,Text,0.0
business buying,Text,0.0
business called,Text,0.0
business card,Text,0.0
business cards,Text,0.0
business cash,Text,0.0
business community,Text,0.0
business booming,Text,0.0
bug,Text,0.0
buget,Text,0.0
buggy,Text,0.0
buick,Text,0.0
build better,Text,0.0
build br,Text,0.0
build business,Text,0.0
build cash,Text,0.0
bundle,Text,0.0
build emergency,Text,0.0
build equity,Text,0.0
build future,Text,0.0
build garage,Text,0.0
build good,Text,0.0
build house,Text,0.0
build large,Text,0.0
build nest,Text,0.0
build new,Text,0.0
build deck,Text,0.0
budget use,Text,0.0
budget using,Text,0.0
budget varies,Text,0.0
budget ve,Text,0.0
budget want,Text,0.0
budget wise,Text,0.0
budget work,Text,0.0
budget worked,Text,0.0
budget year,Text,0.0
budging,Text,0.0
budgeted br,Text,0.0
budgeted loan,Text,0.0
budgeted monthly,Text,0.0
budgeted pay,Text,0.0
budgeted payment,Text,0.0
budgeter,Text,0.0
budgeting br,Text,0.0
budgeting money,Text,0.0
budgets,Text,0.0
budgeted,Text,0.0
buildings,Text,0.0
builds,Text,0.0
built,Text,0.0
built college,Text,0.0
built credit,Text,0.0
built debt,Text,0.0
built home,Text,0.0
built house,Text,0.0
built new,Text,0.0
build pool,Text,0.0
buisness,Text,0.0
buisness br,Text,0.0
bulk,Text,0.0
bulk debt,Text,0.0
bull,Text,0.0
bullion,Text,0.0
bump,Text,0.0
bunch,Text,0.0
bunch credit,Text,0.0
built years,Text,0.0
build savings,Text,0.0
build small,Text,0.0
build solid,Text,0.0
builder,Text,0.0
builders,Text,0.0
building,Text,0.0
building better,Text,0.0
building br,Text,0.0
building business,Text,0.0
building years,Text,0.0
building emergency,Text,0.0
building good,Text,0.0
building great,Text,0.0
building home,Text,0.0
building house,Text,0.0
building materials,Text,0.0
building new,Text,0.0
building savings,Text,0.0
building solid,Text,0.0
building credit,Text,0.0
business slow,Text,0.0
business small,Text,0.0
business solid,Text,0.0
business soon,Text,0.0
business stable,Text,0.0
business start,Text,0.0
business started,Text,0.0
business starting,Text,0.0
business field,Text,0.0
business state,Text,0.0
business strong,Text,0.0
business successful,Text,0.0
business successfully,Text,0.0
business taking,Text,0.0
business thank,Text,0.0
business thanks,Text,0.0
business time,Text,0.0
business travel,Text,0.0
business startup,Text,0.0
business profit,Text,0.0
business profitable,Text,0.0
business project,Text,0.0
business provides,Text,0.0
business providing,Text,0.0
business purchase,Text,0.0
business purchases,Text,0.0
business purchasing,Text,0.0
business purpose,Text,0.0
business set,Text,0.0
business real,Text,0.0
business really,Text,0.0
business recently,Text,0.0
business right,Text,0.0
business run,Text,0.0
business running,Text,0.0
business school,Text,0.0
business selling,Text,0.0
business sells,Text,0.0
business purposes,Text,0.0
buy additional,Text,0.0
buy apartment,Text,0.0
buy appliances,Text,0.0
buy bigger,Text,0.0
buy bike,Text,0.0
buy boat,Text,0.0
buy books,Text,0.0
buy br,Text,0.0
buy business,Text,0.0
business truck,Text,0.0
buy card,Text,0.0
buy classic,Text,0.0
buy condo,Text,0.0
buy credit,Text,0.0
buy daughter,Text,0.0
buy dream,Text,0.0
buy engagement,Text,0.0
buy equipment,Text,0.0
buy family,Text,0.0
buy car,Text,0.0
business trying,Text,0.0
business unfortunately,Text,0.0
business use,Text,0.0
business used,Text,0.0
business using,Text,0.0
business ve,Text,0.0
business venture,Text,0.0
business ventures,Text,0.0
business want,Text,0.0
button br,Text,0.0
business working,Text,0.0
business years,Text,0.0
business yrs,Text,0.0
businesses,Text,0.0
bussiness,Text,0.0
bust,Text,0.0
busy,Text,0.0
busy br,Text,0.0
button,Text,0.0
business work,Text,0.0
business income,Text,0.0
business increase,Text,0.0
business increased,Text,0.0
business increasing,Text,0.0
business industry,Text,0.0
business invested,Text,0.0
business investing,Text,0.0
business investment,Text,0.0
business just,Text,0.0
business professional,Text,0.0
business large,Text,0.0
business late,Text,0.0
business lending,Text,0.0
business level,Text,0.0
business like,Text,0.0
business line,Text,0.0
business lines,Text,0.0
business little,Text,0.0
business loans,Text,0.0
business know,Text,0.0
business finance,Text,0.0
business financial,Text,0.0
business financing,Text,0.0
business funding,Text,0.0
business funds,Text,0.0
business future,Text,0.0
business getting,Text,0.0
business going,Text,0.0
business good,Text,0.0
business idea,Text,0.0
business ground,Text,0.0
business grow,Text,0.0
business growing,Text,0.0
business grown,Text,0.0
business grows,Text,0.0
business growth,Text,0.0
business help,Text,0.0
business home,Text,0.0
business hours,Text,0.0
business great,Text,0.0
business operations,Text,0.0
business opportunities,Text,0.0
business opportunity,Text,0.0
business order,Text,0.0
business owned,Text,0.0
business owner,Text,0.0
business owners,Text,0.0
business paid,Text,0.0
business partner,Text,0.0
business located,Text,0.0
business past,Text,0.0
business paying,Text,0.0
business people,Text,0.0
business personal,Text,0.0
business picked,Text,0.0
business picking,Text,0.0
business plan,Text,0.0
business planning,Text,0.0
business practices,Text,0.0
business partners,Text,0.0
business looking,Text,0.0
business lot,Text,0.0
business major,Text,0.0
business make,Text,0.0
business making,Text,0.0
business management,Text,0.0
business marketing,Text,0.0
business model,Text,0.0
business month,Text,0.0
business operation,Text,0.0
business nearly,Text,0.0
business need,Text,0.0
business needs,Text,0.0
business new,Text,0.0
business offering,Text,0.0
business offers,Text,0.0
business office,Text,0.0
business opening,Text,0.0
business operating,Text,0.0
business months,Text,0.0
br wanted,Text,0.0
br water,Text,0.0
br way,Text,0.0
br wedding,Text,0.0
br wells,Text,0.0
br wife,Text,0.0
br willing,Text,0.0
br wish,Text,0.0
budget track,Text,0.0
br work,Text,0.0
br worked,Text,0.0
br working,Text,0.0
br year,Text,0.0
br years,Text,0.0
br yes,Text,0.0
br zero,Text,0.0
braces,Text,0.0
braces br,Text,0.0
br won,Text,0.0
br travel,Text,0.0
br truck,Text,0.0
br truly,Text,0.0
br try,Text,0.0
br tv,Text,0.0
br understand,Text,0.0
br unemployed,Text,0.0
br unfortunately,Text,0.0
br usaa,Text,0.0
br want,Text,0.0
br used,Text,0.0
br using,Text,0.0
br utilities,Text,0.0
br utility,Text,0.0
br ve,Text,0.0
br vehicle,Text,0.0
br visa,Text,0.0
br wachovia,Text,0.0
br walmart,Text,0.0
br use,Text,0.0
breakfast,Text,0.0
breaking,Text,0.0
breaks,Text,0.0
breast,Text,0.0
breast cancer,Text,0.0
breath,Text,0.0
breath br,Text,0.0
breath little,Text,0.0
breathe,Text,0.0
bracket,Text,0.0
breathe easier,Text,0.0
breathing,Text,0.0
breathing room,Text,0.0
breathing space,Text,0.0
breeze,Text,0.0
brian,Text,0.0
brick,Text,0.0
brick mortar,Text,0.0
bridal,Text,0.0
breathe br,Text,0.0
brain,Text,0.0
brainer,Text,0.0
brainer br,Text,0.0
brake,Text,0.0
brakes,Text,0.0
branch,Text,0.0
branch manager,Text,0.0
brand,Text,0.0
brand new,Text,0.0
breakdown monthly,Text,0.0
brands,Text,0.0
brazil,Text,0.0
bread,Text,0.0
breadwinner,Text,0.0
break br,Text,0.0
break free,Text,0.0
breakdown,Text,0.0
breakdown br,Text,0.0
breakdown follows,Text,0.0
branding,Text,0.0
br rental,Text,0.0
br repair,Text,0.0
br repayment,Text,0.0
br requested,Text,0.0
br requesting,Text,0.0
br respectfully,Text,0.0
br responsible,Text,0.0
br rest,Text,0.0
br transportation,Text,0.0
br retired,Text,0.0
br right,Text,0.0
br rough,Text,0.0
br rsquo,Text,0.0
br safe,Text,0.0
br salary,Text,0.0
br save,Text,0.0
br saved,Text,0.0
br saving,Text,0.0
br retail,Text,0.0
br question,Text,0.0
br questions,Text,0.0
br quot,Text,0.0
br rate,Text,0.0
br rates,Text,0.0
br read,Text,0.0
br real,Text,0.0
br realize,Text,0.0
br really,Text,0.0
br rent,Text,0.0
br reasons,Text,0.0
br receive,Text,0.0
br received,Text,0.0
br recent,Text,0.0
br recently,Text,0.0
br regarding,Text,0.0
br regards,Text,0.0
br reliable,Text,0.0
br remainder,Text,0.0
br reason,Text,0.0
br store,Text,0.0
br strong,Text,0.0
br successful,Text,0.0
br summary,Text,0.0
br support,Text,0.0
br sure,Text,0.0
br taken,Text,0.0
br taking,Text,0.0
br target,Text,0.0
br savings,Text,0.0
br taxes,Text,0.0
br telephone,Text,0.0
br terms,Text,0.0
br thats,Text,0.0
br things,Text,0.0
br think,Text,0.0
br time,Text,0.0
br track,Text,0.0
br trailer,Text,0.0
br tax,Text,0.0
br school,Text,0.0
br sears,Text,0.0
br secure,Text,0.0
br seeking,Text,0.0
br self,Text,0.0
br send,Text,0.0
br short,Text,0.0
br sincerely,Text,0.0
br single,Text,0.0
br steady,Text,0.0
br software,Text,0.0
br solid,Text,0.0
br sorry,Text,0.0
br spending,Text,0.0
br spouse,Text,0.0
br stability,Text,0.0
br start,Text,0.0
br started,Text,0.0
br starting,Text,0.0
br small,Text,0.0
budget finances,Text,0.0
budget follows,Text,0.0
budget free,Text,0.0
budget goes,Text,0.0
budget good,Text,0.0
budget great,Text,0.0
budget handle,Text,0.0
budget help,Text,0.0
bride,Text,0.0
budget includes,Text,0.0
budget including,Text,0.0
budget income,Text,0.0
budget increase,Text,0.0
budget job,Text,0.0
budget know,Text,0.0
budget leaves,Text,0.0
budget like,Text,0.0
budget live,Text,0.0
budget home,Text,0.0
budget approx,Text,0.0
budget approximately,Text,0.0
budget based,Text,0.0
budget better,Text,0.0
budget bills,Text,0.0
budget consists,Text,0.0
budget control,Text,0.0
budget cover,Text,0.0
budget credit,Text,0.0
budget extra,Text,0.0
budget currently,Text,0.0
budget cuts,Text,0.0
budget debt,Text,0.0
budget does,Text,0.0
budget easier,Text,0.0
budget easily,Text,0.0
budget employed,Text,0.0
budget excel,Text,0.0
budget expenses,Text,0.0
budget current,Text,0.0
budget payment,Text,0.0
budget payments,Text,0.0
budget place,Text,0.0
budget pretty,Text,0.0
budget rent,Text,0.0
budget roughly,Text,0.0
budget save,Text,0.0
budget savings,Text,0.0
budget secure,Text,0.0
budget living,Text,0.0
budget spend,Text,0.0
budget stable,Text,0.0
budget stay,Text,0.0
budget stick,Text,0.0
budget sufficient,Text,0.0
budget thank,Text,0.0
budget thanks,Text,0.0
budget tight,Text,0.0
budget time,Text,0.0
budget set,Text,0.0
budget loan,Text,0.0
budget long,Text,0.0
budget looking,Text,0.0
budget lower,Text,0.0
budget make,Text,0.0
budget making,Text,0.0
budget manageable,Text,0.0
budget means,Text,0.0
budget mint,Text,0.0
budget paying,Text,0.0
budget month,Text,0.0
budget monthly,Text,0.0
budget months,Text,0.0
budget mortgage,Text,0.0
budget need,Text,0.0
budget new,Text,0.0
budget order,Text,0.0
budget paid,Text,0.0
budget pay,Text,0.0
budget money,Text,0.0
bring rates,Text,0.0
bring total,Text,0.0
bringing home,Text,0.0
brings,Text,0.0
brings home,Text,0.0
brochures,Text,0.0
broke,Text,0.0
broker,Text,0.0
broker fee,Text,0.0
budget appreciate,Text,0.0
brokerage,Text,0.0
brokerage account,Text,0.0
brokers,Text,0.0
brooklyn,Text,0.0
brooklyn ny,Text,0.0
brother,Text,0.0
brother college,Text,0.0
brother law,Text,0.0
brother pay,Text,0.0
broker fees,Text,0.0
bridge,Text,0.0
bridge gap,Text,0.0
bridge loan,Text,0.0
bridges,Text,0.0
bright,Text,0.0
bright future,Text,0.0
brighter,Text,0.0
brighter future,Text,0.0
brilliant,Text,0.0
bring rate,Text,0.0
bring balance,Text,0.0
bring br,Text,0.0
bring business,Text,0.0
bring credit,Text,0.0
bring debt,Text,0.0
bring good,Text,0.0
bring home,Text,0.0
bring overall,Text,0.0
bring payments,Text,0.0
bring additional,Text,0.0
budget 2200,Text,0.0
budget 2500,Text,0.0
budget 300,Text,0.0
budget 3000,Text,0.0
budget 3500,Text,0.0
budget 400,Text,0.0
budget 4000,Text,0.0
budget 4500,Text,0.0
budget 500,Text,0.0
brothers,Text,0.0
budget 700,Text,0.0
budget 800,Text,0.0
budget 900,Text,0.0
budget able,Text,0.0
budget afford,Text,0.0
budget allow,Text,0.0
budget allowing,Text,0.0
budget allows,Text,0.0
budget amp,Text,0.0
budget 600,Text,0.0
brought,Text,0.0
brought attention,Text,0.0
brown,Text,0.0
browsing,Text,0.0
bs,Text,0.0
bsn,Text,0.0
btw,Text,0.0
bubble,Text,0.0
buck,Text,0.0
budget 2000,Text,0.0
bucks,Text,0.0
budge,Text,0.0
budget 000,Text,0.0
budget 1000,Text,0.0
budget 1200,Text,0.0
budget 1400,Text,0.0
budget 1500,Text,0.0
budget 1800,Text,0.0
budget 200,Text,0.0
bucket,Text,0.0
backs,Text,0.0
backup,Text,0.0
backup plan,Text,0.0
backyard,Text,0.0
backyard br,Text,0.0
backyard currently,Text,0.0
backyard home,Text,0.0
backyard improvement,Text,0.0
bills stay,Text,0.0
backyard pool,Text,0.0
bad,Text,0.0
bad br,Text,0.0
bad choices,Text,0.0
bad credit,Text,0.0
bad debt,Text,0.0
bad decision,Text,0.0
bad decisions,Text,0.0
bad economic,Text,0.0
backyard landscaping,Text,0.0
baby br,Text,0.0
baby girl,Text,0.0
baby months,Text,0.0
baby room,Text,0.0
baby way,Text,0.0
baby year,Text,0.0
bac,Text,0.0
bachelor,Text,0.0
bachelor degree,Text,0.0
backing,Text,0.0
bachelor science,Text,0.0
bachelors,Text,0.0
bachelors business,Text,0.0
bachelors degree,Text,0.0
backed,Text,0.0
background,Text,0.0
background check,Text,0.0
background information,Text,0.0
backgrounds,Text,0.0
bachelor master,Text,0.0
balance 10,Text,0.0
balance 10k,Text,0.0
balance 11,Text,0.0
balance 12,Text,0.0
balance 13,Text,0.0
balance 14,Text,0.0
balance 16,Text,0.0
balance 17,Text,0.0
balance 18,Text,0.0
bad economy,Text,0.0
balance 19,Text,0.0
balance 20,Text,0.0
balance 200,Text,0.0
balance 2000,Text,0.0
balance 21,Text,0.0
balance 2200,Text,0.0
balance 23,Text,0.0
balance 24,Text,0.0
balance 25,Text,0.0
balance 1800,Text,0.0
bad financial,Text,0.0
bad investments,Text,0.0
bad luck,Text,0.0
bad marks,Text,0.0
bad shape,Text,0.0
bad situation,Text,0.0
bad time,Text,0.0
bad year,Text,0.0
badly,Text,0.0
balance 000,Text,0.0
bag,Text,0.0
bahamas,Text,0.0
bail,Text,0.0
bailed,Text,0.0
bake,Text,0.0
baker,Text,0.0
bakery,Text,0.0
bakery br,Text,0.0
baking,Text,0.0
badly needed,Text,0.0
avid,Text,0.0
avoid,Text,0.0
avoid br,Text,0.0
avoid debt,Text,0.0
avoid future,Text,0.0
avoid having,Text,0.0
avoid high,Text,0.0
avoid higher,Text,0.0
baby boy,Text,0.0
avoid paying,Text,0.0
avoid penalties,Text,0.0
avoid pmi,Text,0.0
avoid using,Text,0.0
avoided,Text,0.0
avoiding,Text,0.0
awaited,Text,0.0
awaiting,Text,0.0
award,Text,0.0
avoid late,Text,0.0
available request,Text,0.0
available right,Text,0.0
available time,Text,0.0
ave,Text,0.0
avenue,Text,0.0
avenues,Text,0.0
average,Text,0.0
average 20,Text,0.0
average 50,Text,0.0
aviation,Text,0.0
average br,Text,0.0
average credit,Text,0.0
average income,Text,0.0
average monthly,Text,0.0
average rate,Text,0.0
averaged,Text,0.0
averages,Text,0.0
averaging,Text,0.0
avg,Text,0.0
average apr,Text,0.0
away savings,Text,0.0
away suddenly,Text,0.0
away thank,Text,0.0
away time,Text,0.0
away using,Text,0.0
away want,Text,0.0
away work,Text,0.0
away year,Text,0.0
away years,Text,0.0
award winning,Text,0.0
awful,Text,0.0
awhile,Text,0.0
awhile br,Text,0.0
az,Text,0.0
ba,Text,0.0
ba degree,Text,0.0
babies,Text,0.0
baby,Text,0.0
baby boomers,Text,0.0
awesome br,Text,0.0
awarded,Text,0.0
awards,Text,0.0
aware,Text,0.0
awareness,Text,0.0
away br,Text,0.0
away college,Text,0.0
away credit,Text,0.0
away debt,Text,0.0
away future,Text,0.0
away retirement,Text,0.0
away home,Text,0.0
away just,Text,0.0
away loan,Text,0.0
away money,Text,0.0
away month,Text,0.0
away pay,Text,0.0
away paying,Text,0.0
away quot,Text,0.0
away rainy,Text,0.0
away high,Text,0.0
balanced,Text,0.0
balanced credit,Text,0.0
balances 500,Text,0.0
balances accounts,Text,0.0
balances accrued,Text,0.0
balances accumulated,Text,0.0
balances allow,Text,0.0
balances amp,Text,0.0
balance 2500,Text,0.0
balances apr,Text,0.0
balances aprs,Text,0.0
balances balances,Text,0.0
balances better,Text,0.0
balances cards,Text,0.0
balances carry,Text,0.0
balances chase,Text,0.0
balances close,Text,0.0
balances come,Text,0.0
balances approximately,Text,0.0
balance reduce,Text,0.0
balance remaining,Text,0.0
balance revolving,Text,0.0
balance sheet,Text,0.0
balance sooner,Text,0.0
balance student,Text,0.0
balance thank,Text,0.0
balance thanks,Text,0.0
balance time,Text,0.0
balance zero,Text,0.0
balance transfers,Text,0.0
balance use,Text,0.0
balance used,Text,0.0
balance ve,Text,0.0
balance want,Text,0.0
balance wedding,Text,0.0
balance work,Text,0.0
balance year,Text,0.0
balance years,Text,0.0
balance transfer,Text,0.0
balances left,Text,0.0
balances loan,Text,0.0
balances loans,Text,0.0
balances looking,Text,0.0
balances low,Text,0.0
balances lower,Text,0.0
balances make,Text,0.0
balances making,Text,0.0
balances manageable,Text,0.0
balances consolidate,Text,0.0
balances money,Text,0.0
balances month,Text,0.0
balances monthly,Text,0.0
balances need,Text,0.0
balances order,Text,0.0
balances owed,Text,0.0
balances paid,Text,0.0
balances pay,Text,0.0
balances paying,Text,0.0
balances minimum,Text,0.0
balances consolidated,Text,0.0
balances current,Text,0.0
balances currently,Text,0.0
balances debt,Text,0.0
balances decreasing,Text,0.0
balances don,Text,0.0
balances excellent,Text,0.0
balances faster,Text,0.0
balances financial,Text,0.0
balances just,Text,0.0
balances goal,Text,0.0
balances going,Text,0.0
balances good,Text,0.0
balances help,Text,0.0
balances high,Text,0.0
balances higher,Text,0.0
balances home,Text,0.0
balances incurred,Text,0.0
balances job,Text,0.0
balances fixed,Text,0.0
balance barely,Text,0.0
balance capital,Text,0.0
balance car,Text,0.0
balance card,Text,0.0
balance chase,Text,0.0
balance citi,Text,0.0
balance citibank,Text,0.0
balance close,Text,0.0
balance reasonable,Text,0.0
balance current,Text,0.0
balance currently,Text,0.0
balance debt,Text,0.0
balance discover,Text,0.0
balance does,Text,0.0
balance doesn,Text,0.0
balance existing,Text,0.0
balance expenses,Text,0.0
balance faster,Text,0.0
balance credit,Text,0.0
balance 29,Text,0.0
balance 300,Text,0.0
balance 3000,Text,0.0
balance 3500,Text,0.0
balance 400,Text,0.0
balance 5000,Text,0.0
balance 600,Text,0.0
balance 6000,Text,0.0
balance 700,Text,0.0
balance balance,Text,0.0
balance 8000,Text,0.0
balance 900,Text,0.0
balance accounts,Text,0.0
balance accumulated,Text,0.0
balance american,Text,0.0
balance approx,Text,0.0
balance approximately,Text,0.0
balance apr,Text,0.0
balance auto,Text,0.0
balance 800,Text,0.0
balance month,Text,0.0
balance monthly,Text,0.0
balance months,Text,0.0
balance mortgage,Text,0.0
balance new,Text,0.0
balance old,Text,0.0
balance owe,Text,0.0
balance owed,Text,0.0
balance pay,Text,0.0
balance goal,Text,0.0
balance payment,Text,0.0
balance payments,Text,0.0
balance personal,Text,0.0
balance previous,Text,0.0
balance purchase,Text,0.0
balance quicker,Text,0.0
balance quickly,Text,0.0
balance rate,Text,0.0
balance really,Text,0.0
balance paying,Text,0.0
balance goes,Text,0.0
balance going,Text,0.0
balance good,Text,0.0
balance help,Text,0.0
balance high,Text,0.0
balance highest,Text,0.0
balance home,Text,0.0
balance just,Text,0.0
balance late,Text,0.0
balance money,Text,0.0
balance like,Text,0.0
balance limit,Text,0.0
balance loan,Text,0.0
balance loans,Text,0.0
balance looking,Text,0.0
balance low,Text,0.0
balance lower,Text,0.0
balance medical,Text,0.0
balance minimum,Text,0.0
balance left,Text,0.0
asking money,Text,0.0
asking pay,Text,0.0
asking price,Text,0.0
aslo,Text,0.0
aspect,Text,0.0
aspects,Text,0.0
asphalt,Text,0.0
assembly,Text,0.0
available purchase,Text,0.0
assessment,Text,0.0
assessments,Text,0.0
assests,Text,0.0
asset,Text,0.0
asset company,Text,0.0
assets,Text,0.0
assets br,Text,0.0
assets pay,Text,0.0
assigned,Text,0.0
assessed,Text,0.0
ask help,Text,0.0
ask ll,Text,0.0
ask loan,Text,0.0
ask question,Text,0.0
ask questions,Text,0.0
ask respond,Text,0.0
ask thank,Text,0.0
ask thanks,Text,0.0
asked,Text,0.0
asking loan,Text,0.0
asked credit,Text,0.0
asked loan,Text,0.0
asked lower,Text,0.0
asked question,Text,0.0
asked questions,Text,0.0
asking borrow,Text,0.0
asking br,Text,0.0
asking chance,Text,0.0
asking help,Text,0.0
asked br,Text,0.0
assistance make,Text,0.0
assistance offer,Text,0.0
assistance pay,Text,0.0
assistance paying,Text,0.0
assistance provide,Text,0.0
assistance thank,Text,0.0
assistant,Text,0.0
assistant br,Text,0.0
assistant director,Text,0.0
assignment,Text,0.0
assistant professor,Text,0.0
assistant vice,Text,0.0
assisted,Text,0.0
assisted living,Text,0.0
assisting,Text,0.0
assisting br,Text,0.0
assisting family,Text,0.0
assists,Text,0.0
assitance,Text,0.0
assistant manager,Text,0.0
assignments,Text,0.0
assist achieving,Text,0.0
assist br,Text,0.0
assist consolidating,Text,0.0
assist daughter,Text,0.0
assist funding,Text,0.0
assist getting,Text,0.0
assist making,Text,0.0
assist mother,Text,0.0
assistance loan,Text,0.0
assist purchase,Text,0.0
assist purchasing,Text,0.0
assist son,Text,0.0
assist thank,Text,0.0
assistance able,Text,0.0
assistance br,Text,0.0
assistance greatly,Text,0.0
assistance help,Text,0.0
assistance lending,Text,0.0
assist moving,Text,0.0
aren really,Text,0.0
arena,Text,0.0
arise,Text,0.0
arise br,Text,0.0
arisen,Text,0.0
arises,Text,0.0
arising,Text,0.0
arizona,Text,0.0
ask consider,Text,0.0
arm,Text,0.0
armed,Text,0.0
armed forces,Text,0.0
arms,Text,0.0
army,Text,0.0
army br,Text,0.0
army just,Text,0.0
army national,Text,0.0
army soldier,Text,0.0
arkansas,Text,0.0
arbitrarily,Text,0.0
arcade,Text,0.0
architect,Text,0.0
architectural,Text,0.0
architecture,Text,0.0
area,Text,0.0
area br,Text,0.0
area business,Text,0.0
area currently,Text,0.0
aren lending,Text,0.0
area live,Text,0.0
area loan,Text,0.0
area looking,Text,0.0
area new,Text,0.0
area ve,Text,0.0
area years,Text,0.0
areas,Text,0.0
areas br,Text,0.0
areas home,Text,0.0
area home,Text,0.0
asap loan,Text,0.0
asap lower,Text,0.0
asap thank,Text,0.0
asap thanks,Text,0.0
ashamed,Text,0.0
ashley,Text,0.0
asia,Text,0.0
asian,Text,0.0
aside emergencies,Text,0.0
army veteran,Text,0.0
aside month,Text,0.0
aside mortgage,Text,0.0
aside pay,Text,0.0
aside savings,Text,0.0
ask additional,Text,0.0
ask appreciate,Text,0.0
ask away,Text,0.0
ask best,Text,0.0
ask br,Text,0.0
aside money,Text,0.0
army years,Text,0.0
arose,Text,0.0
arrange,Text,0.0
arranged,Text,0.0
arrangement,Text,0.0
arrangements,Text,0.0
array,Text,0.0
arrival,Text,0.0
arrive,Text,0.0
asap br,Text,0.0
arrives,Text,0.0
arrives br,Text,0.0
arriving,Text,0.0
art,Text,0.0
arthritis,Text,0.0
article,Text,0.0
artificial,Text,0.0
artist,Text,0.0
asap,Text,0.0
arrived,Text,0.0
auto br,Text,0.0
auto credit,Text,0.0
auto debit,Text,0.0
auto debt,Text,0.0
auto deducted,Text,0.0
auto finance,Text,0.0
auto gas,Text,0.0
auto ins,Text,0.0
associate,Text,0.0
auto lease,Text,0.0
auto life,Text,0.0
auto loan,Text,0.0
auto loans,Text,0.0
auto pay,Text,0.0
auto payment,Text,0.0
auto payments,Text,0.0
auto purchase,Text,0.0
auto repair,Text,0.0
auto insurance,Text,0.0
audit,Text,0.0
auditor,Text,0.0
aug,Text,0.0
augment,Text,0.0
august,Text,0.0
august 2008,Text,0.0
august 2009,Text,0.0
august 2010,Text,0.0
august 2011,Text,0.0
autistic,Text,0.0
august br,Text,0.0
august year,Text,0.0
aunt,Text,0.0
austin,Text,0.0
australia,Text,0.0
authority,Text,0.0
authorized,Text,0.0
authorized user,Text,0.0
autism,Text,0.0
august 2012,Text,0.0
automobile br,Text,0.0
automobile loan,Text,0.0
automobile repairs,Text,0.0
automobiles,Text,0.0
automotive,Text,0.0
automotive industry,Text,0.0
autopay,Text,0.0
autos,Text,0.0
avail,Text,0.0
auto repairs,Text,0.0
available br,Text,0.0
available cash,Text,0.0
available credit,Text,0.0
available emergency,Text,0.0
available funds,Text,0.0
available lending,Text,0.0
available loan,Text,0.0
available monthly,Text,0.0
available pay,Text,0.0
availability,Text,0.0
auto withdrawal,Text,0.0
automate,Text,0.0
automated,Text,0.0
automatic debit,Text,0.0
automatic deduction,Text,0.0
automatic monthly,Text,0.0
automatic pay,Text,0.0
automatic payment,Text,0.0
automatic payments,Text,0.0
automobile,Text,0.0
automatic withdrawl,Text,0.0
automatically,Text,0.0
automatically debited,Text,0.0
automatically deducted,Text,0.0
automatically month,Text,0.0
automatically paid,Text,0.0
automatically taken,Text,0.0
automatically withdrawn,Text,0.0
automation,Text,0.0
automatic withdraw,Text,0.0
assured,Text,0.0
assured loan,Text,0.0
assured pay,Text,0.0
astronomical,Text,0.0
astronomically,Text,0.0
aswell,Text,0.0
ate,Text,0.0
athletes,Text,0.0
athletic,Text,0.0
audio,Text,0.0
atlanta ga,Text,0.0
atleast,Text,0.0
atm,Text,0.0
attached,Text,0.0
attack,Text,0.0
attain,Text,0.0
attain goal,Text,0.0
attainable,Text,0.0
attained,Text,0.0
atlanta,Text,0.0
associated costs,Text,0.0
associated loan,Text,0.0
associated moving,Text,0.0
associates,Text,0.0
association,Text,0.0
asst,Text,0.0
assume,Text,0.0
assumed,Text,0.0
assuming,Text,0.0
assure responsible,Text,0.0
assure good,Text,0.0
assure investors,Text,0.0
assure lenders,Text,0.0
assure loan,Text,0.0
assure make,Text,0.0
assure money,Text,0.0
assure pay,Text,0.0
assure payment,Text,0.0
assure payments,Text,0.0
assurance,Text,0.0
attention,Text,0.0
attention br,Text,0.0
attest,Text,0.0
attic,Text,0.0
attitude,Text,0.0
attorney,Text,0.0
attorney br,Text,0.0
attorney fees,Text,0.0
attorneys,Text,0.0
attaining,Text,0.0
attractive,Text,0.0
attractive rate,Text,0.0
attributed,Text,0.0
atv,Text,0.0
atv br,Text,0.0
auction,Text,0.0
auctions,Text,0.0
audi,Text,0.0
audience,Text,0.0
attract,Text,0.0
attempt,Text,0.0
attempt consolidate,Text,0.0
attempt pay,Text,0.0
attempted,Text,0.0
attempting,Text,0.0
attempting consolidate,Text,0.0
attempting pay,Text,0.0
attempts,Text,0.0
attend,Text,0.0
attends,Text,0.0
attend school,Text,0.0
attend wedding,Text,0.0
attendance,Text,0.0
attended,Text,0.0
attending,Text,0.0
attending college,Text,0.0
attending graduate,Text,0.0
attending law,Text,0.0
attending school,Text,0.0
attend college,Text,0.0
bids,Text,0.0
bids br,Text,0.0
big accounting,Text,0.0
big bank,Text,0.0
big box,Text,0.0
big chunk,Text,0.0
big credit,Text,0.0
big day,Text,0.0
balances payments,Text,0.0
big difference,Text,0.0
big expenses,Text,0.0
big fan,Text,0.0
big help,Text,0.0
big monthly,Text,0.0
big payment,Text,0.0
big purchases,Text,0.0
big relief,Text,0.0
big step,Text,0.0
big dent,Text,0.0
better shape,Text,0.0
better situation,Text,0.0
better solution,Text,0.0
better terms,Text,0.0
better thank,Text,0.0
better thanks,Text,0.0
better things,Text,0.0
better time,Text,0.0
better track,Text,0.0
bidding,Text,0.0
better want,Text,0.0
better way,Text,0.0
bettering,Text,0.0
beverage,Text,0.0
beverages,Text,0.0
bi,Text,0.0
bi weekly,Text,0.0
bicycle,Text,0.0
bid,Text,0.0
better use,Text,0.0
bills 200,Text,0.0
bills 300,Text,0.0
bills 400,Text,0.0
bills 500,Text,0.0
bills able,Text,0.0
bills accrued,Text,0.0
bills accumulated,Text,0.0
bills acquired,Text,0.0
bills add,Text,0.0
big thank,Text,0.0
bills amp,Text,0.0
bills auto,Text,0.0
bills away,Text,0.0
bills bank,Text,0.0
bills believe,Text,0.0
bills better,Text,0.0
bills bills,Text,0.0
bills budget,Text,0.0
bills built,Text,0.0
bills ahead,Text,0.0
big ticket,Text,0.0
big time,Text,0.0
bigger,Text,0.0
bigger better,Text,0.0
bigger house,Text,0.0
bigger place,Text,0.0
biils,Text,0.0
bike br,Text,0.0
bike loan,Text,0.0
bills 1500,Text,0.0
bikes,Text,0.0
billed,Text,0.0
billing,Text,0.0
billing cycle,Text,0.0
billion,Text,0.0
billion dollar,Text,0.0
billpay,Text,0.0
bills 000,Text,0.0
bills 100,Text,0.0
bike work,Text,0.0
best time,Text,0.0
best way,Text,0.0
best wedding,Text,0.0
best wishes,Text,0.0
best year,Text,0.0
bestbuy,Text,0.0
bet,Text,0.0
bet br,Text,0.0
better school,Text,0.0
better apr,Text,0.0
better average,Text,0.0
better bank,Text,0.0
better benefits,Text,0.0
better better,Text,0.0
better br,Text,0.0
better business,Text,0.0
better care,Text,0.0
better cash,Text,0.0
better able,Text,0.0
best answer,Text,0.0
best bet,Text,0.0
best br,Text,0.0
best deal,Text,0.0
best decision,Text,0.0
best financial,Text,0.0
best friend,Text,0.0
best friends,Text,0.0
best investment,Text,0.0
best thing,Text,0.0
best loan,Text,0.0
best make,Text,0.0
best pay,Text,0.0
best plan,Text,0.0
best possible,Text,0.0
best rate,Text,0.0
best rates,Text,0.0
best regards,Text,0.0
best solution,Text,0.0
best job,Text,0.0
better make,Text,0.0
better manage,Text,0.0
better money,Text,0.0
better monthly,Text,0.0
better neighborhood,Text,0.0
better night,Text,0.0
better opportunity,Text,0.0
better option,Text,0.0
better paid,Text,0.0
better chance,Text,0.0
better payment,Text,0.0
better percentage,Text,0.0
better place,Text,0.0
better plan,Text,0.0
better position,Text,0.0
better prepared,Text,0.0
better provide,Text,0.0
better quality,Text,0.0
better rates,Text,0.0
better pay,Text,0.0
better consolidate,Text,0.0
better day,Text,0.0
better deal,Text,0.0
better debt,Text,0.0
better employment,Text,0.0
better end,Text,0.0
better family,Text,0.0
better financial,Text,0.0
better financially,Text,0.0
better loan,Text,0.0
better gas,Text,0.0
better handle,Text,0.0
better help,Text,0.0
better idea,Text,0.0
better intrest,Text,0.0
better job,Text,0.0
better just,Text,0.0
better life,Text,0.0
better living,Text,0.0
better future,Text,0.0
bills money,Text,0.0
bills month,Text,0.0
bills monthly,Text,0.0
bills months,Text,0.0
bills mortgage,Text,0.0
bills mother,Text,0.0
bills need,Text,0.0
bills needed,Text,0.0
bills buy,Text,0.0
bills online,Text,0.0
bills ontime,Text,0.0
bills order,Text,0.0
bills paid,Text,0.0
bills past,Text,0.0
bills pay,Text,0.0
bills payed,Text,0.0
bills paying,Text,0.0
bills payment,Text,0.0
bills new,Text,0.0
bills listed,Text,0.0
bills little,Text,0.0
bills live,Text,0.0
bills living,Text,0.0
bills loan,Text,0.0
bills loans,Text,0.0
bills long,Text,0.0
bills look,Text,0.0
bills looking,Text,0.0
bills missed,Text,0.0
bills love,Text,0.0
bills low,Text,0.0
bills lump,Text,0.0
bills make,Text,0.0
bills makes,Text,0.0
bills making,Text,0.0
bills manageable,Text,0.0
bills maybe,Text,0.0
bills minor,Text,0.0
bills lot,Text,0.0
bills remaining,Text,0.0
bills remodel,Text,0.0
bills rent,Text,0.0
bills responsible,Text,0.0
bills rest,Text,0.0
bills right,Text,0.0
bills save,Text,0.0
bills saving,Text,0.0
bills school,Text,0.0
bills payments,Text,0.0
bills seriously,Text,0.0
bills simple,Text,0.0
bills simply,Text,0.0
bills single,Text,0.0
bills smaller,Text,0.0
bills son,Text,0.0
bills soon,Text,0.0
bills stable,Text,0.0
bills start,Text,0.0
bills secure,Text,0.0
bills payoff,Text,0.0
bills personal,Text,0.0
bills piled,Text,0.0
bills piling,Text,0.0
bills place,Text,0.0
bills plan,Text,0.0
bills plus,Text,0.0
bills priority,Text,0.0
bills problem,Text,0.0
bills reduce,Text,0.0
bills purchase,Text,0.0
bills quicker,Text,0.0
bills quot,Text,0.0
bills racked,Text,0.0
bills rate,Text,0.0
bills rates,Text,0.0
bills really,Text,0.0
bills recent,Text,0.0
bills recently,Text,0.0
bills promptly,Text,0.0
bills currently,Text,0.0
bills cut,Text,0.0
bills date,Text,0.0
bills daughter,Text,0.0
bills debts,Text,0.0
bills dental,Text,0.0
bills different,Text,0.0
bills dog,Text,0.0
bills doing,Text,0.0
bills like,Text,0.0
bills earlier,Text,0.0
bills early,Text,0.0
bills easier,Text,0.0
bills easily,Text,0.0
bills employed,Text,0.0
bills expenses,Text,0.0
bills extra,Text,0.0
bills extremely,Text,0.0
bills family,Text,0.0
bills don,Text,0.0
bills cancel,Text,0.0
bills care,Text,0.0
bills cell,Text,0.0
bills clear,Text,0.0
bills close,Text,0.0
bills college,Text,0.0
bills come,Text,0.0
bills coming,Text,0.0
bills consist,Text,0.0
bills current,Text,0.0
bills consolidated,Text,0.0
bills consolidating,Text,0.0
bills consolidation,Text,0.0
bills continue,Text,0.0
bills control,Text,0.0
bills convenient,Text,0.0
bills couple,Text,0.0
bills covered,Text,0.0
bills credit,Text,0.0
bills consolidate,Text,0.0
bills higher,Text,0.0
bills hope,Text,0.0
bills husband,Text,0.0
bills improve,Text,0.0
bills include,Text,0.0
bills includes,Text,0.0
bills including,Text,0.0
bills income,Text,0.0
bills increase,Text,0.0
bills faster,Text,0.0
bills instead,Text,0.0
bills insurance,Text,0.0
bills job,Text,0.0
bills just,Text,0.0
bills know,Text,0.0
bills late,Text,0.0
bills left,Text,0.0
bills lending,Text,0.0
bills let,Text,0.0
bills incurred,Text,0.0
bills feel,Text,0.0
bills finally,Text,0.0
bills fix,Text,0.0
bills fixed,Text,0.0
bills follows,Text,0.0
bills food,Text,0.0
bills free,Text,0.0
bills freeing,Text,0.0
bills gas,Text,0.0
bills high,Text,0.0
bills goal,Text,0.0
bills going,Text,0.0
bills good,Text,0.0
bills great,Text,0.0
bills half,Text,0.0
bills hard,Text,0.0
bills having,Text,0.0
bills help,Text,0.0
bills helping,Text,0.0
bills getting,Text,0.0
banks help,Text,0.0
banks high,Text,0.0
banks just,Text,0.0
banks lend,Text,0.0
banks lending,Text,0.0
banks like,Text,0.0
banks loan,Text,0.0
banks make,Text,0.0
berkeley,Text,0.0
banks pay,Text,0.0
banks quot,Text,0.0
banks raised,Text,0.0
banks raising,Text,0.0
banks want,Text,0.0
banks won,Text,0.0
banner,Text,0.0
bar,Text,0.0
bar exam,Text,0.0
banks money,Text,0.0
bank won,Text,0.0
bank years,Text,0.0
banked,Text,0.0
banker,Text,0.0
bankers,Text,0.0
banking,Text,0.0
banking crisis,Text,0.0
banking industry,Text,0.0
banking institution,Text,0.0
banks don,Text,0.0
bankrupt,Text,0.0
bankruptcies,Text,0.0
bankruptcy br,Text,0.0
bankruptcy option,Text,0.0
bankruptcy years,Text,0.0
banks able,Text,0.0
banks aren,Text,0.0
banks br,Text,0.0
banks charge,Text,0.0
bankrupcy,Text,0.0
based,Text,0.0
based business,Text,0.0
based company,Text,0.0
based credit,Text,0.0
based current,Text,0.0
based income,Text,0.0
based loan,Text,0.0
based monthly,Text,0.0
based new,Text,0.0
bar restaurant,Text,0.0
basement add,Text,0.0
basement bathroom,Text,0.0
basement br,Text,0.0
basement home,Text,0.0
basement house,Text,0.0
basement like,Text,0.0
basement new,Text,0.0
basement remodel,Text,0.0
basement rental,Text,0.0
basement,Text,0.0
barbara,Text,0.0
barber,Text,0.0
barclay,Text,0.0
barclay visa,Text,0.0
barclays,Text,0.0
bare,Text,0.0
barely,Text,0.0
barely make,Text,0.0
barely making,Text,0.0
baseball,Text,0.0
barrow,Text,0.0
barrower,Text,0.0
bars,Text,0.0
bartender,Text,0.0
base,Text,0.0
base br,Text,0.0
base income,Text,0.0
base pay,Text,0.0
base salary,Text,0.0
bargain,Text,0.0
balances ve,Text,0.0
balances want,Text,0.0
balances year,Text,0.0
balances years,Text,0.0
balence,Text,0.0
ball,Text,0.0
ball rolling,Text,0.0
balloon payment,Text,0.0
bank want,Text,0.0
baltimore,Text,0.0
banana,Text,0.0
banana republic,Text,0.0
band,Text,0.0
bands,Text,0.0
bank 300,Text,0.0
bank accounts,Text,0.0
bank auto,Text,0.0
bank balance,Text,0.0
ballooned,Text,0.0
balances personal,Text,0.0
balances plan,Text,0.0
balances quicker,Text,0.0
balances rate,Text,0.0
balances rates,Text,0.0
balances remaining,Text,0.0
balances revolving,Text,0.0
balances save,Text,0.0
balances single,Text,0.0
balances using,Text,0.0
balances soon,Text,0.0
balances sooner,Text,0.0
balances start,Text,0.0
balances thank,Text,0.0
balances time,Text,0.0
balances total,Text,0.0
balances totaling,Text,0.0
balances trying,Text,0.0
balances used,Text,0.0
balances small,Text,0.0
bank like,Text,0.0
bank loan,Text,0.0
bank loans,Text,0.0
bank lower,Text,0.0
bank money,Text,0.0
bank offer,Text,0.0
bank offered,Text,0.0
bank owned,Text,0.0
bank paid,Text,0.0
bank bank,Text,0.0
bank paying,Text,0.0
bank personal,Text,0.0
bank raised,Text,0.0
bank rates,Text,0.0
bank statements,Text,0.0
bank thank,Text,0.0
bank thanks,Text,0.0
bank verification,Text,0.0
bank visa,Text,0.0
bank pay,Text,0.0
bank br,Text,0.0
bank business,Text,0.0
bank car,Text,0.0
bank card,Text,0.0
bank cards,Text,0.0
bank charges,Text,0.0
bank chase,Text,0.0
bank credit,Text,0.0
bank current,Text,0.0
bank lending,Text,0.0
bank debt,Text,0.0
bank discover,Text,0.0
bank does,Text,0.0
bank gave,Text,0.0
bank help,Text,0.0
bank higher,Text,0.0
bank increased,Text,0.0
bank just,Text,0.0
bank lend,Text,0.0
bank currently,Text,0.0
begin working,Text,0.0
begining,Text,0.0
beginning,Text,0.0
beginning br,Text,0.0
beginning career,Text,0.0
beginning new,Text,0.0
beginning year,Text,0.0
beginnings,Text,0.0
bases,Text,0.0
begun,Text,0.0
behalf,Text,0.0
behalf family,Text,0.0
behavior,Text,0.0
behavioral,Text,0.0
beleive,Text,0.0
belief,Text,0.0
believe able,Text,0.0
believe br,Text,0.0
begins,Text,0.0
bedroom furniture,Text,0.0
bedroom home,Text,0.0
bedroom living,Text,0.0
bedroom set,Text,0.0
bedrooms,Text,0.0
beds,Text,0.0
bee,Text,0.0
beer,Text,0.0
beetle,Text,0.0
begin saving,Text,0.0
began,Text,0.0
began working,Text,0.0
begin building,Text,0.0
begin debt,Text,0.0
begin investing,Text,0.0
begin pay,Text,0.0
begin paying,Text,0.0
begin process,Text,0.0
begin save,Text,0.0
beg,Text,0.0
belive,Text,0.0
belong,Text,0.0
belongings,Text,0.0
belongs,Text,0.0
beloved,Text,0.0
belt,Text,0.0
ben,Text,0.0
beneficial,Text,0.0
beneficial br,Text,0.0
believe credit,Text,0.0
benefit br,Text,0.0
benefit family,Text,0.0
benefit loan,Text,0.0
benefit lower,Text,0.0
benefited,Text,0.0
benefiting,Text,0.0
benefits,Text,0.0
benefits br,Text,0.0
benz,Text,0.0
benefit,Text,0.0
believe debt,Text,0.0
believe easier,Text,0.0
believe excellent,Text,0.0
believe good,Text,0.0
believe great,Text,0.0
believe help,Text,0.0
believe important,Text,0.0
believe lending,Text,0.0
believe loan,Text,0.0
believing br,Text,0.0
believe makes,Text,0.0
believe pay,Text,0.0
believe paying,Text,0.0
believe responsible,Text,0.0
believe taking,Text,0.0
believed,Text,0.0
believer,Text,0.0
believes,Text,0.0
believing,Text,0.0
believe make,Text,0.0
bath new,Text,0.0
bath remodel,Text,0.0
bath room,Text,0.0
bath tub,Text,0.0
bathroom bedroom,Text,0.0
bathroom br,Text,0.0
bathroom floor,Text,0.0
bathroom home,Text,0.0
bathroom house,Text,0.0
bedroom condo,Text,0.0
bathroom needs,Text,0.0
bathroom new,Text,0.0
bathroom pay,Text,0.0
bathroom plumbing,Text,0.0
bathroom remodel,Text,0.0
bathroom remodeling,Text,0.0
bathroom renovation,Text,0.0
bathrooms home,Text,0.0
bathrooms kitchen,Text,0.0
bathroom need,Text,0.0
basic,Text,0.0
basic living,Text,0.0
basic needs,Text,0.0
basically consolidate,Text,0.0
basically just,Text,0.0
basically looking,Text,0.0
basically pay,Text,0.0
basically paying,Text,0.0
basics,Text,0.0
bath home,Text,0.0
basis br,Text,0.0
basis monthly,Text,0.0
basis pay,Text,0.0
basket,Text,0.0
basketball,Text,0.0
bass,Text,0.0
bass boat,Text,0.0
bat,Text,0.0
bath br,Text,0.0
basis,Text,0.0
beautifully,Text,0.0
beauty,Text,0.0
beauty salon,Text,0.0
bebt,Text,0.0
becasue,Text,0.0
becauseâ,Text,0.0
becouse,Text,0.0
becu,Text,0.0
becuase,Text,0.0
bathrooms new,Text,0.0
bed bath,Text,0.0
bed br,Text,0.0
bed breakfast,Text,0.0
bed room,Text,0.0
bedroom,Text,0.0
bedroom apartment,Text,0.0
bedroom bath,Text,0.0
bedroom bathroom,Text,0.0
bedroom br,Text,0.0
bed,Text,0.0
baths,Text,0.0
bathtub,Text,0.0
battery,Text,0.0
battle,Text,0.0
battled,Text,0.0
bay,Text,0.0
bay area,Text,0.0
bbq,Text,0.0
bbt,Text,0.0
beautiful wedding,Text,0.0
beable,Text,0.0
beach,Text,0.0
bear,Text,0.0
beat,Text,0.0
beater,Text,0.0
beats,Text,0.0
beautiful children,Text,0.0
beautiful day,Text,0.0
beautiful home,Text,0.0
bc,Text,0.0
closer work,Text,0.0
closes,Text,0.0
closest,Text,0.0
closing account,Text,0.0
closing accounts,Text,0.0
closing br,Text,0.0
closing business,Text,0.0
closing cost,Text,0.0
buy franchise,Text,0.0
closing high,Text,0.0
closing loan,Text,0.0
closing revolving,Text,0.0
closure,Text,0.0
clothes,Text,0.0
clothes shoes,Text,0.0
clothing household,Text,0.0
clothing store,Text,0.0
cloud,Text,0.0
closing costs,Text,0.0
closed cards,Text,0.0
closed credit,Text,0.0
closed end,Text,0.0
closed good,Text,0.0
closed home,Text,0.0
closed just,Text,0.0
closed loan,Text,0.0
closed new,Text,0.0
closed paid,Text,0.0
closer job,Text,0.0
closed payment,Text,0.0
closed year,Text,0.0
closely,Text,0.0
closer,Text,0.0
closer debt,Text,0.0
closer dream,Text,0.0
closer family,Text,0.0
closer financial,Text,0.0
closer goal,Text,0.0
closed pay,Text,0.0
club customer,Text,0.0
club debt,Text,0.0
club decided,Text,0.0
club did,Text,0.0
club does,Text,0.0
club early,Text,0.0
club easy,Text,0.0
club excellent,Text,0.0
club experience,Text,0.0
club 10,Text,0.0
club friends,Text,0.0
club funds,Text,0.0
club gave,Text,0.0
club given,Text,0.0
club giving,Text,0.0
club goal,Text,0.0
club good,Text,0.0
club happy,Text,0.0
club help,Text,0.0
club fees,Text,0.0
club 12,Text,0.0
club account,Text,0.0
club allow,Text,0.0
club allows,Text,0.0
club applied,Text,0.0
club approved,Text,0.0
club apr,Text,0.0
club awesome,Text,0.0
club believe,Text,0.0
club currently,Text,0.0
club better,Text,0.0
club borrowers,Text,0.0
club br,Text,0.0
club business,Text,0.0
club community,Text,0.0
club consolidate,Text,0.0
club consolidating,Text,0.0
club credit,Text,0.0
club current,Text,0.0
club best,Text,0.0
clients,Text,0.0
clients br,Text,0.0
clients pay,Text,0.0
climate,Text,0.0
climate br,Text,0.0
climb debt,Text,0.0
climb hole,Text,0.0
climbed,Text,0.0
closed br,Text,0.0
clinical,Text,0.0
clinics,Text,0.0
clock,Text,0.0
close 000,Text,0.0
close 20,Text,0.0
close 200,Text,0.0
close 30,Text,0.0
close 500,Text,0.0
close account,Text,0.0
climbing,Text,0.0
clear higher,Text,0.0
clear loan,Text,0.0
clear personal,Text,0.0
clear time,Text,0.0
clear title,Text,0.0
clear years,Text,0.0
clearance,Text,0.0
cleared,Text,0.0
cleared br,Text,0.0
clientele,Text,0.0
clearing debt,Text,0.0
clearly,Text,0.0
cleveland,Text,0.0
cleveland oh,Text,0.0
click,Text,0.0
clicked,Text,0.0
client base,Text,0.0
client list,Text,0.0
client need,Text,0.0
clearing credit,Text,0.0
close limit,Text,0.0
close loan,Text,0.0
close majority,Text,0.0
close make,Text,0.0
close need,Text,0.0
close old,Text,0.0
close paid,Text,0.0
close pay,Text,0.0
close paying,Text,0.0
close attention,Text,0.0
close thank,Text,0.0
close thanks,Text,0.0
close use,Text,0.0
close want,Text,0.0
close work,Text,0.0
close years,Text,0.0
closed,Text,0.0
closed account,Text,0.0
closed accounts,Text,0.0
close revolving,Text,0.0
close br,Text,0.0
close card,Text,0.0
close cards,Text,0.0
close cc,Text,0.0
close consolidate,Text,0.0
close couple,Text,0.0
close current,Text,0.0
close deal,Text,0.0
close debt,Text,0.0
close just,Text,0.0
close existing,Text,0.0
close eye,Text,0.0
close family,Text,0.0
close friend,Text,0.0
close friends,Text,0.0
close gap,Text,0.0
close goal,Text,0.0
close higher,Text,0.0
close home,Text,0.0
close emergencies,Text,0.0
collection,Text,0.0
collection accounts,Text,0.0
collection agencies,Text,0.0
collection agency,Text,0.0
collection br,Text,0.0
collections,Text,0.0
collections br,Text,0.0
collective,Text,0.0
club helped,Text,0.0
collector,Text,0.0
collectors,Text,0.0
college 2005,Text,0.0
college able,Text,0.0
college accumulated,Text,0.0
college age,Text,0.0
college cards,Text,0.0
college career,Text,0.0
college couple,Text,0.0
collectively,Text,0.0
cod,Text,0.0
code,Text,0.0
codes,Text,0.0
coding,Text,0.0
coffee,Text,0.0
coffee shop,Text,0.0
coins,Text,0.0
cold,Text,0.0
collage,Text,0.0
collecting,Text,0.0
collapsed,Text,0.0
collateral,Text,0.0
collateral br,Text,0.0
collateral loan,Text,0.0
collatoral,Text,0.0
colleagues,Text,0.0
collect,Text,0.0
collected,Text,0.0
collectibles,Text,0.0
collapse,Text,0.0
college graduate,Text,0.0
college graduation,Text,0.0
college great,Text,0.0
college having,Text,0.0
college help,Text,0.0
college high,Text,0.0
college job,Text,0.0
college kids,Text,0.0
college level,Text,0.0
college credit,Text,0.0
college like,Text,0.0
college little,Text,0.0
college living,Text,0.0
college loan,Text,0.0
college loans,Text,0.0
college looking,Text,0.0
college lower,Text,0.0
college make,Text,0.0
college medical,Text,0.0
college life,Text,0.0
college currently,Text,0.0
college days,Text,0.0
college debt,Text,0.0
college degree,Text,0.0
college did,Text,0.0
college early,Text,0.0
college educated,Text,0.0
college education,Text,0.0
college expenses,Text,0.0
college grad,Text,0.0
college fees,Text,0.0
college financial,Text,0.0
college finish,Text,0.0
college fund,Text,0.0
college funds,Text,0.0
college getting,Text,0.0
college goal,Text,0.0
college good,Text,0.0
college got,Text,0.0
college fall,Text,0.0
club makes,Text,0.0
club member,Text,0.0
club members,Text,0.0
club missed,Text,0.0
club money,Text,0.0
club month,Text,0.0
club months,Text,0.0
club need,Text,0.0
cobra,Text,0.0
club offer,Text,0.0
club offered,Text,0.0
club offering,Text,0.0
club opportunity,Text,0.0
club paid,Text,0.0
club past,Text,0.0
club paying,Text,0.0
club payments,Text,0.0
club perfect,Text,0.0
club notes,Text,0.0
club helping,Text,0.0
club higher,Text,0.0
club hope,Text,0.0
club instead,Text,0.0
club investor,Text,0.0
club investors,Text,0.0
club job,Text,0.0
club just,Text,0.0
club late,Text,0.0
club make,Text,0.0
club lenders,Text,0.0
club lending,Text,0.0
club let,Text,0.0
club like,Text,0.0
club loans,Text,0.0
club long,Text,0.0
club looking,Text,0.0
club low,Text,0.0
club lower,Text,0.0
club lender,Text,0.0
club twice,Text,0.0
club use,Text,0.0
club used,Text,0.0
club ve,Text,0.0
club verified,Text,0.0
club verify,Text,0.0
club want,Text,0.0
club way,Text,0.0
club work,Text,0.0
club personal,Text,0.0
club works,Text,0.0
club year,Text,0.0
coach,Text,0.0
coaching,Text,0.0
coal,Text,0.0
coast,Text,0.0
coast guard,Text,0.0
coastal,Text,0.0
coat,Text,0.0
club worked,Text,0.0
club plan,Text,0.0
club process,Text,0.0
club provide,Text,0.0
club quot,Text,0.0
club rate,Text,0.0
club rates,Text,0.0
club real,Text,0.0
club really,Text,0.0
club reasonable,Text,0.0
club try,Text,0.0
club save,Text,0.0
club significantly,Text,0.0
club successfully,Text,0.0
club thank,Text,0.0
club thanks,Text,0.0
club think,Text,0.0
club thought,Text,0.0
club time,Text,0.0
club today,Text,0.0
club received,Text,0.0
charging 24,Text,0.0
charging 25,Text,0.0
charging 29,Text,0.0
charging br,Text,0.0
charging credit,Text,0.0
charging high,Text,0.0
charitable,Text,0.0
charities,Text,0.0
clear high,Text,0.0
charlotte,Text,0.0
charlotte nc,Text,0.0
charter,Text,0.0
chase 000,Text,0.0
chase account,Text,0.0
chase balance,Text,0.0
chase bank,Text,0.0
chase bought,Text,0.0
chase br,Text,0.0
charity,Text,0.0
charge cards,Text,0.0
charge credit,Text,0.0
charge financial,Text,0.0
charge high,Text,0.0
charge offs,Text,0.0
charged,Text,0.0
charged br,Text,0.0
charged credit,Text,0.0
charges br,Text,0.0
charging 20,Text,0.0
charges credit,Text,0.0
charges loan,Text,0.0
charges making,Text,0.0
charges month,Text,0.0
charges pay,Text,0.0
charges paying,Text,0.0
charging 13,Text,0.0
charging 14,Text,0.0
charging 15,Text,0.0
charges cards,Text,0.0
cheaper rate,Text,0.0
cheapest,Text,0.0
check bank,Text,0.0
check br,Text,0.0
check check,Text,0.0
check loan,Text,0.0
check month,Text,0.0
check pay,Text,0.0
check website,Text,0.0
chase capital,Text,0.0
checked credit,Text,0.0
checking accounts,Text,0.0
checking acct,Text,0.0
checking listing,Text,0.0
checking loan,Text,0.0
checking savings,Text,0.0
checks,Text,0.0
checks br,Text,0.0
checks month,Text,0.0
checked,Text,0.0
chase cards,Text,0.0
chase cc,Text,0.0
chase citi,Text,0.0
chase citibank,Text,0.0
chase decided,Text,0.0
chase discover,Text,0.0
chase freedom,Text,0.0
chase high,Text,0.0
chase loan,Text,0.0
cheaper payment,Text,0.0
chase mastercard,Text,0.0
chase visa,Text,0.0
chasing,Text,0.0
cheap,Text,0.0
cheaper,Text,0.0
cheaper apartment,Text,0.0
cheaper br,Text,0.0
cheaper monthly,Text,0.0
cheaper pay,Text,0.0
chase master,Text,0.0
chair,Text,0.0
chairs,Text,0.0
challenge,Text,0.0
challenges,Text,0.0
challenging,Text,0.0
chance,Text,0.0
chance br,Text,0.0
chance clear,Text,0.0
charge card,Text,0.0
chance credit,Text,0.0
chance debt,Text,0.0
chance layoff,Text,0.0
chance life,Text,0.0
chance loan,Text,0.0
chance make,Text,0.0
chance money,Text,0.0
chance pay,Text,0.0
chance prove,Text,0.0
chance consolidate,Text,0.0
cerdit card,Text,0.0
ceremony,Text,0.0
ceremony reception,Text,0.0
certain debt,Text,0.0
certain time,Text,0.0
certainly,Text,0.0
certainly help,Text,0.0
certificate,Text,0.0
certificates,Text,0.0
chains,Text,0.0
certification program,Text,0.0
certifications,Text,0.0
certified,Text,0.0
certified financial,Text,0.0
cessna,Text,0.0
cfa,Text,0.0
cfo,Text,0.0
cfp,Text,0.0
chain,Text,0.0
certification,Text,0.0
changed rates,Text,0.0
changed terms,Text,0.0
changes,Text,0.0
changes br,Text,0.0
changes credit,Text,0.0
changes life,Text,0.0
changing,Text,0.0
changing br,Text,0.0
changing event,Text,0.0
chance save,Text,0.0
changing jobs,Text,0.0
channel,Text,0.0
channels,Text,0.0
chapter life,Text,0.0
chapter lives,Text,0.0
character,Text,0.0
charge,Text,0.0
charge accounts,Text,0.0
charge br,Text,0.0
changing events,Text,0.0
chance start,Text,0.0
chance thank,Text,0.0
chances,Text,0.0
chances getting,Text,0.0
change,Text,0.0
change br,Text,0.0
change credit,Text,0.0
change current,Text,0.0
change financial,Text,0.0
changed life,Text,0.0
change life,Text,0.0
change lives,Text,0.0
change loan,Text,0.0
change monthly,Text,0.0
change pay,Text,0.0
change terms,Text,0.0
change way,Text,0.0
changed companies,Text,0.0
changed jobs,Text,0.0
change jobs,Text,0.0
citibank card,Text,0.0
citibank credit,Text,0.0
citibank discover,Text,0.0
citibank loan,Text,0.0
citibank raised,Text,0.0
citicard,Text,0.0
citifinancial,Text,0.0
citifinancial loan,Text,0.0
cheers,Text,0.0
citizen br,Text,0.0
citizens,Text,0.0
citizenship,Text,0.0
city br,Text,0.0
city government,Text,0.0
city job,Text,0.0
city new,Text,0.0
civic,Text,0.0
civil,Text,0.0
citizen,Text,0.0
chrysler,Text,0.0
chunk,Text,0.0
chunk credit,Text,0.0
chunk debt,Text,0.0
chunks,Text,0.0
church,Text,0.0
churches,Text,0.0
circle,Text,0.0
circumstance,Text,0.0
citibank br,Text,0.0
circumstances br,Text,0.0
circumstances control,Text,0.0
citi bank,Text,0.0
citi card,Text,0.0
citi cards,Text,0.0
citi credit,Text,0.0
citi loan,Text,0.0
citi mastercard,Text,0.0
citi platinum,Text,0.0
circumstances,Text,0.0
clean debt,Text,0.0
clean finances,Text,0.0
clean financial,Text,0.0
clean high,Text,0.0
clean slate,Text,0.0
cleaned,Text,0.0
cleaner,Text,0.0
cleaning,Text,0.0
cleaning business,Text,0.0
civil engineer,Text,0.0
cleaning credit,Text,0.0
cleaning debt,Text,0.0
cleanup,Text,0.0
clear balance,Text,0.0
clear br,Text,0.0
clear credit,Text,0.0
clear debt,Text,0.0
clear debts,Text,0.0
clear end,Text,0.0
cleaning company,Text,0.0
civil servant,Text,0.0
civil service,Text,0.0
civilian,Text,0.0
claimed,Text,0.0
claimed bankruptcy,Text,0.0
claims,Text,0.0
clara,Text,0.0
clarification,Text,0.0
clarify br,Text,0.0
clean credit,Text,0.0
clark,Text,0.0
clark howard,Text,0.0
classes,Text,0.0
classic,Text,0.0
classic car,Text,0.0
classified,Text,0.0
classroom,Text,0.0
clause,Text,0.0
clean br,Text,0.0
clarity,Text,0.0
child months,Text,0.0
child need,Text,0.0
child support,Text,0.0
child way,Text,0.0
child year,Text,0.0
childcare,Text,0.0
childhood,Text,0.0
children ages,Text,0.0
children br,Text,0.0
chronic,Text,0.0
children education,Text,0.0
children financial,Text,0.0
children future,Text,0.0
children grown,Text,0.0
children home,Text,0.0
children hospital,Text,0.0
children just,Text,0.0
children like,Text,0.0
children school,Text,0.0
children college,Text,0.0
cheers br,Text,0.0
chef,Text,0.0
chemical,Text,0.0
chemical engineer,Text,0.0
chemicals,Text,0.0
chemistry,Text,0.0
cherokee,Text,0.0
chevrolet,Text,0.0
chevron,Text,0.0
child just,Text,0.0
chicago,Text,0.0
chicago br,Text,0.0
chicagoland,Text,0.0
chief,Text,0.0
child,Text,0.0
child br,Text,0.0
child care,Text,0.0
child college,Text,0.0
child custody,Text,0.0
chevy,Text,0.0
chose,Text,0.0
chose invest,Text,0.0
chose lending,Text,0.0
chose year,Text,0.0
chosen,Text,0.0
chris,Text,0.0
christian,Text,0.0
christmas,Text,0.0
christmas br,Text,0.0
children thank,Text,0.0
christmas gifts,Text,0.0
christmas holiday,Text,0.0
christmas money,Text,0.0
christmas new,Text,0.0
christmas present,Text,0.0
christmas presents,Text,0.0
christmas shopping,Text,0.0
christmas thank,Text,0.0
christmas time,Text,0.0
christmas gift,Text,0.0
children wife,Text,0.0
children work,Text,0.0
childrens,Text,0.0
childs,Text,0.0
chimney,Text,0.0
china,Text,0.0
chip,Text,0.0
chip away,Text,0.0
chipping,Text,0.0
chop,Text,0.0
choice,Text,0.0
choice br,Text,0.0
choices,Text,0.0
choices br,Text,0.0
choose,Text,0.0
choose help,Text,0.0
choose invest,Text,0.0
choosing,Text,0.0
choosing invest,Text,0.0
chipping away,Text,0.0
completely br,Text,0.0
completely consolidate,Text,0.0
completely credit,Text,0.0
completely debt,Text,0.0
completely eliminate,Text,0.0
completely free,Text,0.0
completely funded,Text,0.0
completely loan,Text,0.0
college month,Text,0.0
completely paying,Text,0.0
completely secure,Text,0.0
completely stable,Text,0.0
completely years,Text,0.0
completing,Text,0.0
completing bachelors,Text,0.0
completing masters,Text,0.0
completion,Text,0.0
completion br,Text,0.0
completely paid,Text,0.0
complete end,Text,0.0
complete funding,Text,0.0
complete job,Text,0.0
complete kitchen,Text,0.0
complete loan,Text,0.0
complete payment,Text,0.0
complete payoff,Text,0.0
complete plan,Text,0.0
complete project,Text,0.0
completed year,Text,0.0
complete purchase,Text,0.0
complete remodel,Text,0.0
complete renovations,Text,0.0
complete sale,Text,0.0
complete transaction,Text,0.0
complete work,Text,0.0
completed college,Text,0.0
completed master,Text,0.0
completed masters,Text,0.0
complete projects,Text,0.0
computer information,Text,0.0
computer programmer,Text,0.0
computer programming,Text,0.0
computer science,Text,0.0
computer software,Text,0.0
computer systems,Text,0.0
computers,Text,0.0
concentrate,Text,0.0
concentrate paying,Text,0.0
completion course,Text,0.0
concentrate saving,Text,0.0
concentrated,Text,0.0
concentrating,Text,0.0
concentration,Text,0.0
concept,Text,0.0
concept br,Text,0.0
concept lending,Text,0.0
concept peer,Text,0.0
concepts,Text,0.0
concentrate payment,Text,0.0
completion degree,Text,0.0
completion loan,Text,0.0
completly,Text,0.0
complex,Text,0.0
compliance,Text,0.0
complicated,Text,0.0
complications,Text,0.0
comply,Text,0.0
component,Text,0.0
computer hardware,Text,0.0
composite,Text,0.0
compounding,Text,0.0
comprehensive,Text,0.0
compressor,Text,0.0
comprised,Text,0.0
comps,Text,0.0
computer br,Text,0.0
computer engineer,Text,0.0
computer equipment,Text,0.0
components,Text,0.0
company raised,Text,0.0
company rate,Text,0.0
company recently,Text,0.0
company responsible,Text,0.0
company secure,Text,0.0
company seeking,Text,0.0
company seven,Text,0.0
company solid,Text,0.0
complete degree,Text,0.0
company stable,Text,0.0
company start,Text,0.0
company started,Text,0.0
company starting,Text,0.0
company steady,Text,0.0
company strong,Text,0.0
company thank,Text,0.0
company thanks,Text,0.0
company time,Text,0.0
company soon,Text,0.0
company moved,Text,0.0
company nearly,Text,0.0
company need,Text,0.0
company needs,Text,0.0
company new,Text,0.0
company offer,Text,0.0
company offering,Text,0.0
company offers,Text,0.0
company owned,Text,0.0
company purchasing,Text,0.0
company past,Text,0.0
company pay,Text,0.0
company paying,Text,0.0
company personal,Text,0.0
company plan,Text,0.0
company position,Text,0.0
company promoted,Text,0.0
company provide,Text,0.0
company provides,Text,0.0
company paid,Text,0.0
comparison,Text,0.0
compensate,Text,0.0
compensated,Text,0.0
compensation,Text,0.0
compete,Text,0.0
competent,Text,0.0
competing,Text,0.0
competition,Text,0.0
competitive,Text,0.0
company told,Text,0.0
competitor,Text,0.0
competitors,Text,0.0
compiled,Text,0.0
complain,Text,0.0
complaints,Text,0.0
complement,Text,0.0
complete backyard,Text,0.0
complete br,Text,0.0
complete debt,Text,0.0
competitive rate,Text,0.0
company using,Text,0.0
company ve,Text,0.0
company vehicle,Text,0.0
company went,Text,0.0
company wide,Text,0.0
company won,Text,0.0
company work,Text,0.0
company worked,Text,0.0
company working,Text,0.0
compared paying,Text,0.0
company year,Text,0.0
company years,Text,0.0
company yrs,Text,0.0
companys,Text,0.0
comparable,Text,0.0
compare,Text,0.0
compared credit,Text,0.0
compared current,Text,0.0
compared income,Text,0.0
company world,Text,0.0
consider lending,Text,0.0
consider loan,Text,0.0
consider low,Text,0.0
consider request,Text,0.0
consider responsible,Text,0.0
consider safe,Text,0.0
considerable,Text,0.0
considerable credit,Text,0.0
concern,Text,0.0
considerable money,Text,0.0
considerably br,Text,0.0
considerably lower,Text,0.0
consideration application,Text,0.0
consideration appreciate,Text,0.0
consideration appreciated,Text,0.0
consideration assistance,Text,0.0
consideration best,Text,0.0
consideration feel,Text,0.0
considerable debt,Text,0.0
consecutively,Text,0.0
consequences,Text,0.0
consequently,Text,0.0
conservative,Text,0.0
conservative estimate,Text,0.0
conservative money,Text,0.0
conservatively,Text,0.0
considate,Text,0.0
considate credit,Text,0.0
consider job,Text,0.0
consider,Text,0.0
consider application,Text,0.0
consider br,Text,0.0
consider excellent,Text,0.0
consider funding,Text,0.0
consider good,Text,0.0
consider great,Text,0.0
consider helping,Text,0.0
consider investing,Text,0.0
considation,Text,0.0
considerations br,Text,0.0
consideraton,Text,0.0
considered,Text,0.0
considered excellent,Text,0.0
considered good,Text,0.0
considered loan,Text,0.0
considering application,Text,0.0
considering fund,Text,0.0
considering funding,Text,0.0
consideration funding,Text,0.0
considering helping,Text,0.0
considering investing,Text,0.0
considering investment,Text,0.0
considering lending,Text,0.0
considers,Text,0.0
consildate,Text,0.0
consildate credit,Text,0.0
consilidate,Text,0.0
consilidate credit,Text,0.0
considering help,Text,0.0
consideration greatly,Text,0.0
consideration happy,Text,0.0
consideration help,Text,0.0
consideration helping,Text,0.0
consideration hope,Text,0.0
consideration investing,Text,0.0
consideration let,Text,0.0
consideration loan,Text,0.0
consideration look,Text,0.0
considerations,Text,0.0
consideration plan,Text,0.0
consideration promise,Text,0.0
consideration questions,Text,0.0
consideration request,Text,0.0
consideration sincerely,Text,0.0
consideration support,Text,0.0
consideration thank,Text,0.0
consideration thanks,Text,0.0
consideration time,Text,0.0
consideration matter,Text,0.0
condition br,Text,0.0
condition car,Text,0.0
condition needs,Text,0.0
conditioner,Text,0.0
conditioning,Text,0.0
conditioning unit,Text,0.0
conditions,Text,0.0
conditions br,Text,0.0
condo,Text,0.0
consecutive years,Text,0.0
condo fee,Text,0.0
condo years,Text,0.0
condolidate,Text,0.0
condominium,Text,0.0
condos,Text,0.0
conduct,Text,0.0
conducted,Text,0.0
conducting,Text,0.0
conference,Text,0.0
condo br,Text,0.0
concern applying,Text,0.0
concern br,Text,0.0
concern requesting,Text,0.0
concerned,Text,0.0
concerning,Text,0.0
concerns,Text,0.0
concerns br,Text,0.0
concerns feel,Text,0.0
concerns thank,Text,0.0
condition,Text,0.0
concert,Text,0.0
concession,Text,0.0
concluded,Text,0.0
conclusion,Text,0.0
concolidate,Text,0.0
concrete,Text,0.0
concrete patio,Text,0.0
concrete slab,Text,0.0
condense,Text,0.0
concerns thanks,Text,0.0
confusion br,Text,0.0
conglomerate,Text,0.0
congress,Text,0.0
conjunction,Text,0.0
connect,Text,0.0
connected,Text,0.0
connecticut,Text,0.0
connection,Text,0.0
connections,Text,0.0
conferences,Text,0.0
conquer,Text,0.0
consalidate,Text,0.0
consalidate credit,Text,0.0
consalidation,Text,0.0
consalidation br,Text,0.0
conscience,Text,0.0
conscientious,Text,0.0
conscious,Text,0.0
consecutive,Text,0.0
conolidate,Text,0.0
confidence loan,Text,0.0
confident,Text,0.0
confident abilities,Text,0.0
confident ability,Text,0.0
confident able,Text,0.0
confident job,Text,0.0
confident lending,Text,0.0
confident ll,Text,0.0
confident loan,Text,0.0
confusion,Text,0.0
confident pay,Text,0.0
confidential,Text,0.0
confidently,Text,0.0
confirm,Text,0.0
confirmation,Text,0.0
confirmed,Text,0.0
conflict,Text,0.0
confused,Text,0.0
confusing,Text,0.0
confident make,Text,0.0
come money,Text,0.0
come need,Text,0.0
come point,Text,0.0
come realize,Text,0.0
come thank,Text,0.0
come way,Text,0.0
comes,Text,0.0
comes bills,Text,0.0
company months,Text,0.0
comes credit,Text,0.0
comes finances,Text,0.0
comes making,Text,0.0
comes paying,Text,0.0
comfort,Text,0.0
comfort level,Text,0.0
comfortable,Text,0.0
comfortable br,Text,0.0
comfortable income,Text,0.0
comes br,Text,0.0
combined pay,Text,0.0
combined payment,Text,0.0
combined payments,Text,0.0
combined rate,Text,0.0
combined total,Text,0.0
combining debt,Text,0.0
combining high,Text,0.0
combo,Text,0.0
comcast,Text,0.0
come loan,Text,0.0
come close,Text,0.0
come conclusion,Text,0.0
come directly,Text,0.0
come funds,Text,0.0
come help,Text,0.0
come high,Text,0.0
come home,Text,0.0
come lending,Text,0.0
come like,Text,0.0
come br,Text,0.0
coming years,Text,0.0
command,Text,0.0
comment,Text,0.0
comments,Text,0.0
commerce,Text,0.0
commerce business,Text,0.0
commercial,Text,0.0
commercial bank,Text,0.0
commercial property,Text,0.0
comfortable making,Text,0.0
commercials,Text,0.0
commision,Text,0.0
commission,Text,0.0
commissioned,Text,0.0
commissions,Text,0.0
commit,Text,0.0
commit paying,Text,0.0
commited,Text,0.0
commitment,Text,0.0
commercial real,Text,0.0
comfortable monthly,Text,0.0
comfortable paying,Text,0.0
comfortable payment,Text,0.0
comfortable payments,Text,0.0
comfortably,Text,0.0
comfortably afford,Text,0.0
comfortably br,Text,0.0
comfortably budget,Text,0.0
comfortably make,Text,0.0
coming year,Text,0.0
coming,Text,0.0
coming april,Text,0.0
coming br,Text,0.0
coming lending,Text,0.0
coming month,Text,0.0
coming months,Text,0.0
coming need,Text,0.0
coming soon,Text,0.0
coming time,Text,0.0
comfortably pay,Text,0.0
college time,Text,0.0
college trying,Text,0.0
college tuition,Text,0.0
college unfortunately,Text,0.0
college used,Text,0.0
college using,Text,0.0
college ve,Text,0.0
college want,Text,0.0
combined monthly,Text,0.0
college worked,Text,0.0
college working,Text,0.0
college year,Text,0.0
college years,Text,0.0
colleges,Text,0.0
collegiate,Text,0.0
collision,Text,0.0
color,Text,0.0
colorado,Text,0.0
college work,Text,0.0
college moving,Text,0.0
college need,Text,0.0
college paid,Text,0.0
college parents,Text,0.0
college past,Text,0.0
college paying,Text,0.0
college professor,Text,0.0
college racked,Text,0.0
college rate,Text,0.0
college thanks,Text,0.0
college savings,Text,0.0
college spending,Text,0.0
college stable,Text,0.0
college start,Text,0.0
college starting,Text,0.0
college state,Text,0.0
college students,Text,0.0
college taking,Text,0.0
college thank,Text,0.0
college right,Text,0.0
combine loans,Text,0.0
combine lower,Text,0.0
combine make,Text,0.0
combine monthly,Text,0.0
combine pay,Text,0.0
combine payment,Text,0.0
combine payments,Text,0.0
combine small,Text,0.0
combine smaller,Text,0.0
columbia,Text,0.0
combined balance,Text,0.0
combined br,Text,0.0
combined credit,Text,0.0
combined debt,Text,0.0
combined experience,Text,0.0
combined gross,Text,0.0
combined household,Text,0.0
combined income,Text,0.0
combined make,Text,0.0
combined annual,Text,0.0
columbia university,Text,0.0
columbus,Text,0.0
com,Text,0.0
com br,Text,0.0
com loan,Text,0.0
com thank,Text,0.0
com track,Text,0.0
com year,Text,0.0
comapny,Text,0.0
combine loan,Text,0.0
combination credit,Text,0.0
combination things,Text,0.0
combine accounts,Text,0.0
combine bills,Text,0.0
combine credit,Text,0.0
combine debt,Text,0.0
combine debts,Text,0.0
combine high,Text,0.0
combine higher,Text,0.0
combat,Text,0.0
company called,Text,0.0
company car,Text,0.0
company close,Text,0.0
company college,Text,0.0
company company,Text,0.0
company continue,Text,0.0
company continues,Text,0.0
company credit,Text,0.0
commitment br,Text,0.0
company currently,Text,0.0
company debt,Text,0.0
company did,Text,0.0
company does,Text,0.0
company doing,Text,0.0
company employed,Text,0.0
company established,Text,0.0
company excellent,Text,0.0
company expanding,Text,0.0
company current,Text,0.0
company 2003,Text,0.0
company 21,Text,0.0
company 22,Text,0.0
company 23,Text,0.0
company 24,Text,0.0
company 25,Text,0.0
company 28,Text,0.0
company 29,Text,0.0
company 30,Text,0.0
company business,Text,0.0
company 35,Text,0.0
company 401k,Text,0.0
company able,Text,0.0
company actually,Text,0.0
company allow,Text,0.0
company based,Text,0.0
company best,Text,0.0
company bought,Text,0.0
company br,Text,0.0
company 34,Text,0.0
company job,Text,0.0
company june,Text,0.0
company just,Text,0.0
company know,Text,0.0
company laid,Text,0.0
company late,Text,0.0
company little,Text,0.0
company loan,Text,0.0
company located,Text,0.0
company experienced,Text,0.0
company looking,Text,0.0
company lower,Text,0.0
company make,Text,0.0
company makes,Text,0.0
company making,Text,0.0
company march,Text,0.0
company missed,Text,0.0
company money,Text,0.0
company monthly,Text,0.0
company long,Text,0.0
company feel,Text,0.0
company financially,Text,0.0
company fully,Text,0.0
company funds,Text,0.0
company getting,Text,0.0
company going,Text,0.0
company good,Text,0.0
company got,Text,0.0
company great,Text,0.0
company jacked,Text,0.0
company grown,Text,0.0
company help,Text,0.0
company high,Text,0.0
company hiring,Text,0.0
company home,Text,0.0
company income,Text,0.0
company increased,Text,0.0
company industry,Text,0.0
company instead,Text,0.0
company growing,Text,0.0
communications,Text,0.0
communities,Text,0.0
community,Text,0.0
community bank,Text,0.0
community br,Text,0.0
community college,Text,0.0
community help,Text,0.0
commute,Text,0.0
commute br,Text,0.0
company 20,Text,0.0
commuter,Text,0.0
commuter car,Text,0.0
commuting,Text,0.0
commuting work,Text,0.0
comp,Text,0.0
companies able,Text,0.0
companies br,Text,0.0
companies charge,Text,0.0
companies charging,Text,0.0
commute work,Text,0.0
commitment debt,Text,0.0
commitment paying,Text,0.0
commitments br,Text,0.0
commitments seriously,Text,0.0
committed,Text,0.0
committed debt,Text,0.0
committed eliminating,Text,0.0
committed getting,Text,0.0
committed making,Text,0.0
communication,Text,0.0
committed repaying,Text,0.0
committment,Text,0.0
committments,Text,0.0
commodities,Text,0.0
commodity,Text,0.0
common,Text,0.0
common questions,Text,0.0
common sense,Text,0.0
communicate,Text,0.0
committed paying,Text,0.0
companies raised,Text,0.0
companies raising,Text,0.0
companies rates,Text,0.0
companies refuse,Text,0.0
companies stable,Text,0.0
companies thank,Text,0.0
companies want,Text,0.0
companies willing,Text,0.0
companies won,Text,0.0
companies continue,Text,0.0
companies years,Text,0.0
company 10,Text,0.0
company 11,Text,0.0
company 12,Text,0.0
company 13,Text,0.0
company 15,Text,0.0
company 16,Text,0.0
company 17,Text,0.0
company 19,Text,0.0
companies world,Text,0.0
companies credit,Text,0.0
companies currently,Text,0.0
companies decided,Text,0.0
companies good,Text,0.0
companies help,Text,0.0
companies high,Text,0.0
companies increased,Text,0.0
companies increasing,Text,0.0
companies just,Text,0.0
companies raise,Text,0.0
companies loan,Text,0.0
companies looking,Text,0.0
companies lower,Text,0.0
companies make,Text,0.0
companies month,Text,0.0
companies past,Text,0.0
companies pay,Text,0.0
companies paying,Text,0.0
companies plan,Text,0.0
companies like,Text,0.0
card getting,Text,0.0
card goal,Text,0.0
card going,Text,0.0
card gone,Text,0.0
card got,Text,0.0
card great,Text,0.0
card having,Text,0.0
card help,Text,0.0
cerdit,Text,0.0
card home,Text,0.0
card hsbc,Text,0.0
card immediately,Text,0.0
card increased,Text,0.0
card industry,Text,0.0
card instead,Text,0.0
card intrest,Text,0.0
card introductory,Text,0.0
card issuer,Text,0.0
card highest,Text,0.0
card doing,Text,0.0
card don,Text,0.0
card emergencies,Text,0.0
card emergency,Text,0.0
card end,Text,0.0
card excellent,Text,0.0
card expenses,Text,0.0
card extremely,Text,0.0
card faster,Text,0.0
card ge,Text,0.0
card finally,Text,0.0
card finance,Text,0.0
card financial,Text,0.0
card financing,Text,0.0
card fix,Text,0.0
card fixed,Text,0.0
card free,Text,0.0
card freedom,Text,0.0
card fund,Text,0.0
card fees,Text,0.0
card look,Text,0.0
card looking,Text,0.0
card love,Text,0.0
card low,Text,0.0
card make,Text,0.0
card making,Text,0.0
card maxed,Text,0.0
card medical,Text,0.0
card mess,Text,0.0
card issuers,Text,0.0
card missed,Text,0.0
card money,Text,0.0
card month,Text,0.0
card monthly,Text,0.0
card months,Text,0.0
card mortgage,Text,0.0
card nearly,Text,0.0
card need,Text,0.0
card needed,Text,0.0
card minimum,Text,0.0
card job,Text,0.0
card just,Text,0.0
card know,Text,0.0
card large,Text,0.0
card late,Text,0.0
card laws,Text,0.0
card left,Text,0.0
card legislation,Text,0.0
card lenders,Text,0.0
card longer,Text,0.0
card let,Text,0.0
card limit,Text,0.0
card limits,Text,0.0
card line,Text,0.0
card lines,Text,0.0
card little,Text,0.0
card ll,Text,0.0
card loans,Text,0.0
card long,Text,0.0
card lending,Text,0.0
card 30,Text,0.0
card 300,Text,0.0
card 3000,Text,0.0
card 3500,Text,0.0
card 400,Text,0.0
card 50,Text,0.0
card 500,Text,0.0
card 5000,Text,0.0
card discover,Text,0.0
card 700,Text,0.0
card 800,Text,0.0
card 900,Text,0.0
card 99,Text,0.0
card act,Text,0.0
card active,Text,0.0
card allow,Text,0.0
card american,Text,0.0
card amex,Text,0.0
card 600,Text,0.0
card 13,Text,0.0
card 14,Text,0.0
card 15,Text,0.0
card 1500,Text,0.0
card 16,Text,0.0
card 17,Text,0.0
card 18,Text,0.0
card 1800,Text,0.0
card 20,Text,0.0
card 29,Text,0.0
card 2000,Text,0.0
card 21,Text,0.0
card 22,Text,0.0
card 23,Text,0.0
card 24,Text,0.0
card 25,Text,0.0
card 26,Text,0.0
card 27,Text,0.0
card 28,Text,0.0
card 200,Text,0.0
card citibank,Text,0.0
card close,Text,0.0
card closed,Text,0.0
card closing,Text,0.0
card college,Text,0.0
card companys,Text,0.0
card completely,Text,0.0
card consolidate,Text,0.0
card consolodation,Text,0.0
card amp,Text,0.0
card couple,Text,0.0
card current,Text,0.0
card currently,Text,0.0
card cut,Text,0.0
card cycle,Text,0.0
card date,Text,0.0
card debits,Text,0.0
card dedt,Text,0.0
card didn,Text,0.0
card consumer,Text,0.0
card apr,Text,0.0
card aprs,Text,0.0
card auto,Text,0.0
card avoid,Text,0.0
card bank,Text,0.0
card banks,Text,0.0
card best,Text,0.0
card better,Text,0.0
card business,Text,0.0
card citi,Text,0.0
card cancel,Text,0.0
card capital,Text,0.0
card card,Text,0.0
card cards,Text,0.0
card carries,Text,0.0
card cash,Text,0.0
card charges,Text,0.0
card charging,Text,0.0
card cheaper,Text,0.0
card buy,Text,0.0
cards 300,Text,0.0
cards 3000,Text,0.0
cards 400,Text,0.0
cards 401k,Text,0.0
cards 50,Text,0.0
cards 500,Text,0.0
cards 5000,Text,0.0
cards 600,Text,0.0
card new,Text,0.0
cards 800,Text,0.0
cards able,Text,0.0
cards account,Text,0.0
cards accounts,Text,0.0
cards accrued,Text,0.0
cards accumulated,Text,0.0
cards acquired,Text,0.0
cards active,Text,0.0
cards actually,Text,0.0
cards 6000,Text,0.0
cards 13,Text,0.0
cards 14,Text,0.0
cards 16,Text,0.0
cards 17,Text,0.0
cards 18,Text,0.0
cards 19,Text,0.0
cards 20,Text,0.0
cards 200,Text,0.0
cards 2000,Text,0.0
cards 30,Text,0.0
cards 22,Text,0.0
cards 23,Text,0.0
cards 24,Text,0.0
cards 25,Text,0.0
cards 250,Text,0.0
cards 26,Text,0.0
cards 27,Text,0.0
cards 28,Text,0.0
cards 29,Text,0.0
cards 21,Text,0.0
cards avoid,Text,0.0
cards away,Text,0.0
cards bad,Text,0.0
cards bank,Text,0.0
cards banks,Text,0.0
cards begin,Text,0.0
cards beginning,Text,0.0
cards believe,Text,0.0
cards best,Text,0.0
cards add,Text,0.0
cards big,Text,0.0
cards bills,Text,0.0
cards bit,Text,0.0
cards boost,Text,0.0
cards bring,Text,0.0
cards budget,Text,0.0
cards build,Text,0.0
cards business,Text,0.0
cards buy,Text,0.0
cards better,Text,0.0
cards adding,Text,0.0
cards addition,Text,0.0
cards afford,Text,0.0
cards ahead,Text,0.0
cards allow,Text,0.0
cards altogether,Text,0.0
cards american,Text,0.0
cards amex,Text,0.0
cards amounts,Text,0.0
cards average,Text,0.0
cards anymore,Text,0.0
cards apply,Text,0.0
cards applying,Text,0.0
cards appreciate,Text,0.0
cards approximately,Text,0.0
cards apr,Text,0.0
cards aprs,Text,0.0
cards attempting,Text,0.0
cards auto,Text,0.0
cards amp,Text,0.0
card really,Text,0.0
card recently,Text,0.0
card reduce,Text,0.0
card refi,Text,0.0
card reform,Text,0.0
card regular,Text,0.0
card remainder,Text,0.0
card remaining,Text,0.0
card rent,Text,0.0
cards 12,Text,0.0
card rest,Text,0.0
card retail,Text,0.0
card revolving,Text,0.0
card rid,Text,0.0
card right,Text,0.0
card save,Text,0.0
card school,Text,0.0
card sears,Text,0.0
card set,Text,0.0
card repayment,Text,0.0
card obligations,Text,0.0
card offers,Text,0.0
card open,Text,0.0
card opened,Text,0.0
card order,Text,0.0
card outrageous,Text,0.0
card outstanding,Text,0.0
card owe,Text,0.0
card paid,Text,0.0
card rate,Text,0.0
card paying,Text,0.0
card payoffs,Text,0.0
card plan,Text,0.0
card promotional,Text,0.0
card purchase,Text,0.0
card purchases,Text,0.0
card quickly,Text,0.0
card quot,Text,0.0
card raised,Text,0.0
card pay,Text,0.0
card used,Text,0.0
card using,Text,0.0
card utility,Text,0.0
card ve,Text,0.0
card visa,Text,0.0
card want,Text,0.0
card way,Text,0.0
card wedding,Text,0.0
card went,Text,0.0
card single,Text,0.0
card wish,Text,0.0
card work,Text,0.0
card working,Text,0.0
card year,Text,0.0
card years,Text,0.0
card zero,Text,0.0
cards 000,Text,0.0
cards 100,Text,0.0
cards 11,Text,0.0
card wife,Text,0.0
card small,Text,0.0
card smaller,Text,0.0
card soon,Text,0.0
card stable,Text,0.0
card start,Text,0.0
card store,Text,0.0
card tax,Text,0.0
card thank,Text,0.0
card thanks,Text,0.0
card use,Text,0.0
card total,Text,0.0
card trap,Text,0.0
card treadmill,Text,0.0
card tried,Text,0.0
card try,Text,0.0
card trying,Text,0.0
card unexpected,Text,0.0
card unfortunately,Text,0.0
card usage,Text,0.0
card time,Text,0.0
campaigns,Text,0.0
camper,Text,0.0
camper br,Text,0.0
campground,Text,0.0
camping,Text,0.0
camping membership,Text,0.0
camps,Text,0.0
campus,Text,0.0
card 1200,Text,0.0
canada,Text,0.0
canal,Text,0.0
canals,Text,0.0
cancel accounts,Text,0.0
cancel br,Text,0.0
cancel card,Text,0.0
cancel cards,Text,0.0
cancel high,Text,0.0
cancel loan,Text,0.0
camry,Text,0.0
calculation,Text,0.0
calculations,Text,0.0
calculator,Text,0.0
calendar,Text,0.0
calendar year,Text,0.0
california br,Text,0.0
california state,Text,0.0
called credit,Text,0.0
called lending,Text,0.0
campaign br,Text,0.0
calls,Text,0.0
camaro,Text,0.0
came,Text,0.0
came home,Text,0.0
came lending,Text,0.0
came time,Text,0.0
camera,Text,0.0
camp,Text,0.0
campaign,Text,0.0
calling,Text,0.0
candidates,Text,0.0
canidate,Text,0.0
canidate loan,Text,0.0
cap,Text,0.0
capabilities,Text,0.0
capability,Text,0.0
capable,Text,0.0
capable making,Text,0.0
capable paying,Text,0.0
cancel pay,Text,0.0
capacity,Text,0.0
cape,Text,0.0
capital 500,Text,0.0
capital account,Text,0.0
capital balance,Text,0.0
capital bank,Text,0.0
capital br,Text,0.0
capital business,Text,0.0
capital buy,Text,0.0
capable repaying,Text,0.0
canceled,Text,0.0
canceling,Text,0.0
canceling cards,Text,0.0
cancellation,Text,0.0
cancelled,Text,0.0
cancelled br,Text,0.0
cancelled credit,Text,0.0
cancelling,Text,0.0
cancelling credit,Text,0.0
candidate stable,Text,0.0
cancer free,Text,0.0
cancer research,Text,0.0
cancer survivor,Text,0.0
cancer treatment,Text,0.0
candidate,Text,0.0
candidate br,Text,0.0
candidate good,Text,0.0
candidate loan,Text,0.0
candidate pay,Text,0.0
cancer,Text,0.0
buy things,Text,0.0
buy tools,Text,0.0
buy truck,Text,0.0
buy used,Text,0.0
buy vehicle,Text,0.0
buy years,Text,0.0
buyer,Text,0.0
buyer br,Text,0.0
calculating,Text,0.0
buyers,Text,0.0
buyers market,Text,0.0
buying boat,Text,0.0
buying br,Text,0.0
buying car,Text,0.0
buying engagement,Text,0.0
buying existing,Text,0.0
buying furniture,Text,0.0
buying house,Text,0.0
buyer tax,Text,0.0
buy furniture,Text,0.0
buy girlfriend,Text,0.0
buy gold,Text,0.0
buy inventory,Text,0.0
buy investment,Text,0.0
buy land,Text,0.0
buy materials,Text,0.0
buy motorcycle,Text,0.0
buy newer,Text,0.0
buy thank,Text,0.0
buy pay,Text,0.0
buy piece,Text,0.0
buy property,Text,0.0
buy reliable,Text,0.0
buy rental,Text,0.0
buy ring,Text,0.0
buy second,Text,0.0
buy sell,Text,0.0
buy small,Text,0.0
buy nice,Text,0.0
cabinets br,Text,0.0
cabinets countertops,Text,0.0
cabinets kitchen,Text,0.0
cable 100,Text,0.0
cable amp,Text,0.0
cable br,Text,0.0
cable cell,Text,0.0
cable company,Text,0.0
cable food,Text,0.0
buying inventory,Text,0.0
cable phone,Text,0.0
cable tv,Text,0.0
cable utilities,Text,0.0
cad,Text,0.0
cafe,Text,0.0
cake,Text,0.0
cakes,Text,0.0
cal,Text,0.0
calculate,Text,0.0
cable internet,Text,0.0
buying motorcycle,Text,0.0
buying new,Text,0.0
buying second,Text,0.0
buying selling,Text,0.0
buying small,Text,0.0
buying things,Text,0.0
buying truck,Text,0.0
buying used,Text,0.0
buyout,Text,0.0
cabinets appliances,Text,0.0
bye,Text,0.0
bye credit,Text,0.0
ca,Text,0.0
ca br,Text,0.0
cab,Text,0.0
cabin,Text,0.0
cabinet,Text,0.0
cabinetry,Text,0.0
cabinets,Text,0.0
buys,Text,0.0
car order,Text,0.0
car outright,Text,0.0
car payments,Text,0.0
car payoff,Text,0.0
car personal,Text,0.0
car plan,Text,0.0
car private,Text,0.0
car purchase,Text,0.0
capital card,Text,0.0
car ready,Text,0.0
car recently,Text,0.0
car reliable,Text,0.0
car rent,Text,0.0
car repair,Text,0.0
car right,Text,0.0
car running,Text,0.0
car sale,Text,0.0
car save,Text,0.0
car purchased,Text,0.0
car lease,Text,0.0
car left,Text,0.0
car like,Text,0.0
car long,Text,0.0
car looking,Text,0.0
car lot,Text,0.0
car low,Text,0.0
car lower,Text,0.0
car major,Text,0.0
car older,Text,0.0
car money,Text,0.0
car month,Text,0.0
car monthly,Text,0.0
car mortgage,Text,0.0
car motorcycle,Text,0.0
car need,Text,0.0
car needs,Text,0.0
car new,Text,0.0
car notes,Text,0.0
car make,Text,0.0
car used,Text,0.0
car utilities,Text,0.0
car ve,Text,0.0
car want,Text,0.0
car way,Text,0.0
car wife,Text,0.0
car work,Text,0.0
car working,Text,0.0
car worth,Text,0.0
car school,Text,0.0
car year,Text,0.0
car years,Text,0.0
carbon,Text,0.0
carbon footprint,Text,0.0
card 10,Text,0.0
card 100,Text,0.0
card 1000,Text,0.0
card 11,Text,0.0
card 12,Text,0.0
car wreck,Text,0.0
car sell,Text,0.0
car small,Text,0.0
car sold,Text,0.0
car son,Text,0.0
car stable,Text,0.0
car student,Text,0.0
car taxes,Text,0.0
car thank,Text,0.0
car thanks,Text,0.0
car use,Text,0.0
car title,Text,0.0
car totaled,Text,0.0
car toyota,Text,0.0
car trailer,Text,0.0
car transmission,Text,0.0
car transportation,Text,0.0
car trouble,Text,0.0
car truck,Text,0.0
car trying,Text,0.0
car time,Text,0.0
capitalone,Text,0.0
capitol,Text,0.0
captain,Text,0.0
capture,Text,0.0
car 000,Text,0.0
car 10,Text,0.0
car 100,Text,0.0
car 200,Text,0.0
car 2002,Text,0.0
car job,Text,0.0
car 450,Text,0.0
car amp,Text,0.0
car auction,Text,0.0
car balance,Text,0.0
car bought,Text,0.0
car broke,Text,0.0
car business,Text,0.0
car buy,Text,0.0
car buying,Text,0.0
car 2003,Text,0.0
capital cards,Text,0.0
capital chase,Text,0.0
capital expand,Text,0.0
capital fund,Text,0.0
capital grow,Text,0.0
capital help,Text,0.0
capital loan,Text,0.0
capital make,Text,0.0
capital needed,Text,0.0
capitalized,Text,0.0
capital pay,Text,0.0
capital purchase,Text,0.0
capital small,Text,0.0
capital start,Text,0.0
capital started,Text,0.0
capital thank,Text,0.0
capital used,Text,0.0
capital visa,Text,0.0
capitalize,Text,0.0
capital new,Text,0.0
car fixed,Text,0.0
car food,Text,0.0
car free,Text,0.0
car friend,Text,0.0
car fully,Text,0.0
car garage,Text,0.0
car gas,Text,0.0
car getting,Text,0.0
car going,Text,0.0
car car,Text,0.0
car got,Text,0.0
car great,Text,0.0
car help,Text,0.0
car high,Text,0.0
car home,Text,0.0
car house,Text,0.0
car ins,Text,0.0
car insurance,Text,0.0
car issues,Text,0.0
car good,Text,0.0
car college,Text,0.0
car commute,Text,0.0
car company,Text,0.0
car consolidate,Text,0.0
car current,Text,0.0
car currently,Text,0.0
car daughter,Text,0.0
car dealer,Text,0.0
car dealership,Text,0.0
car financing,Text,0.0
car decided,Text,0.0
car didn,Text,0.0
car don,Text,0.0
car drive,Text,0.0
car excellent,Text,0.0
car expense,Text,0.0
car family,Text,0.0
car feel,Text,0.0
car finance,Text,0.0
car debt,Text,0.0
cares,Text,0.0
caretaker,Text,0.0
cargo,Text,0.0
caribbean,Text,0.0
caring,Text,0.0
carlo,Text,0.0
carmax,Text,0.0
carolina,Text,0.0
cards canceled,Text,0.0
carpentry,Text,0.0
carpet br,Text,0.0
carpet cleaning,Text,0.0
carpet flooring,Text,0.0
carpet furniture,Text,0.0
carpet hardwood,Text,0.0
carpet home,Text,0.0
carpet house,Text,0.0
carpet living,Text,0.0
carpenter,Text,0.0
career military,Text,0.0
career monthly,Text,0.0
career opportunity,Text,0.0
career path,Text,0.0
career pay,Text,0.0
career position,Text,0.0
career professional,Text,0.0
career stable,Text,0.0
career started,Text,0.0
careless,Text,0.0
career track,Text,0.0
career want,Text,0.0
career work,Text,0.0
career worked,Text,0.0
career years,Text,0.0
careful,Text,0.0
careful money,Text,0.0
carefully,Text,0.0
caregiver,Text,0.0
career thank,Text,0.0
carry little,Text,0.0
carry loan,Text,0.0
carrying balances,Text,0.0
carrying credit,Text,0.0
carrying debt,Text,0.0
cars,Text,0.0
cars br,Text,0.0
cars credit,Text,0.0
cars paid,Text,0.0
carpet new,Text,0.0
cart,Text,0.0
case br,Text,0.0
case emergencies,Text,0.0
case emergency,Text,0.0
case manager,Text,0.0
case need,Text,0.0
case scenario,Text,0.0
case unexpected,Text,0.0
case wondering,Text,0.0
cars personal,Text,0.0
carpet paint,Text,0.0
carpeting,Text,0.0
carpets,Text,0.0
carport,Text,0.0
carreer,Text,0.0
carried,Text,0.0
carried away,Text,0.0
carried balance,Text,0.0
carrier,Text,0.0
carry large,Text,0.0
carries,Text,0.0
carries higher,Text,0.0
carry,Text,0.0
carry balance,Text,0.0
carry balances,Text,0.0
carry credit,Text,0.0
carry debt,Text,0.0
carry high,Text,0.0
carry higher,Text,0.0
carriers,Text,0.0
cards worked,Text,0.0
cards working,Text,0.0
cards worry,Text,0.0
cards year,Text,0.0
cards years,Text,0.0
cards younger,Text,0.0
cards zero,Text,0.0
care bills,Text,0.0
career medical,Text,0.0
care business,Text,0.0
care children,Text,0.0
care costs,Text,0.0
care debt,Text,0.0
care debts,Text,0.0
care expenses,Text,0.0
care family,Text,0.0
care father,Text,0.0
care field,Text,0.0
care br,Text,0.0
cards unexpected,Text,0.0
cards unfortunately,Text,0.0
cards unsecured,Text,0.0
cards use,Text,0.0
cards using,Text,0.0
cards usually,Text,0.0
cards utility,Text,0.0
cards variable,Text,0.0
cards various,Text,0.0
cards work,Text,0.0
cards ve,Text,0.0
cards vehicle,Text,0.0
cards visa,Text,0.0
cards wanted,Text,0.0
cards wanting,Text,0.0
cards went,Text,0.0
cards wife,Text,0.0
cards wish,Text,0.0
cards won,Text,0.0
cards varying,Text,0.0
care things,Text,0.0
care unexpected,Text,0.0
cared,Text,0.0
career 20,Text,0.0
career advancement,Text,0.0
career br,Text,0.0
career change,Text,0.0
career choice,Text,0.0
career credit,Text,0.0
care financial,Text,0.0
career currently,Text,0.0
career field,Text,0.0
career good,Text,0.0
career great,Text,0.0
career healthcare,Text,0.0
career income,Text,0.0
career job,Text,0.0
career like,Text,0.0
career love,Text,0.0
career current,Text,0.0
care help,Text,0.0
care high,Text,0.0
care home,Text,0.0
care industry,Text,0.0
care job,Text,0.0
care loan,Text,0.0
care medical,Text,0.0
care monthly,Text,0.0
care mother,Text,0.0
care thank,Text,0.0
care needed,Text,0.0
care obligations,Text,0.0
care parents,Text,0.0
care pay,Text,0.0
care payment,Text,0.0
care professional,Text,0.0
care provider,Text,0.0
care responsibilities,Text,0.0
care rest,Text,0.0
care need,Text,0.0
causing,Text,0.0
cautious,Text,0.0
cave,Text,0.0
cbr,Text,0.0
cc accounts,Text,0.0
cc balance,Text,0.0
cc balances,Text,0.0
cc bills,Text,0.0
cash advance,Text,0.0
cc card,Text,0.0
cc companies,Text,0.0
cc company,Text,0.0
cc consolidation,Text,0.0
cc debts,Text,0.0
cc high,Text,0.0
cc higher,Text,0.0
cc loan,Text,0.0
cc loans,Text,0.0
cc br,Text,0.0
category,Text,0.0
cater,Text,0.0
caterer,Text,0.0
catering,Text,0.0
catering business,Text,0.0
caters,Text,0.0
catholic,Text,0.0
cats,Text,0.0
cattle,Text,0.0
causes,Text,0.0
caught bills,Text,0.0
caught br,Text,0.0
caught credit,Text,0.0
caught debt,Text,0.0
caught guard,Text,0.0
cause,Text,0.0
cause br,Text,0.0
caused credit,Text,0.0
caused use,Text,0.0
caught,Text,0.0
ceilings,Text,0.0
celebrate,Text,0.0
celebrated,Text,0.0
celebrating,Text,0.0
celebration,Text,0.0
cell phones,Text,0.0
cellphone,Text,0.0
cellular,Text,0.0
cement,Text,0.0
cc lower,Text,0.0
center,Text,0.0
center br,Text,0.0
centers,Text,0.0
central,Text,0.0
central air,Text,0.0
central florida,Text,0.0
centralize,Text,0.0
century,Text,0.0
ceo,Text,0.0
cent,Text,0.0
cc monthly,Text,0.0
cc paid,Text,0.0
cc pay,Text,0.0
cc payment,Text,0.0
cc payments,Text,0.0
cc rate,Text,0.0
cc rates,Text,0.0
cc time,Text,0.0
cc1,Text,0.0
ceiling fans,Text,0.0
ccs,Text,0.0
ccs br,Text,0.0
cd,Text,0.0
cds,Text,0.0
ceased,Text,0.0
cedit,Text,0.0
cedit card,Text,0.0
cedit cards,Text,0.0
ceiling,Text,0.0
cc2,Text,0.0
cash flows,Text,0.0
cash fund,Text,0.0
cash hand,Text,0.0
cash help,Text,0.0
cash holidays,Text,0.0
cash home,Text,0.0
cash house,Text,0.0
cash infusion,Text,0.0
cash instead,Text,0.0
categories,Text,0.0
cash left,Text,0.0
cash like,Text,0.0
cash loan,Text,0.0
cash looking,Text,0.0
cash make,Text,0.0
cash moment,Text,0.0
cash money,Text,0.0
cash month,Text,0.0
cash monthly,Text,0.0
cash just,Text,0.0
cash advances,Text,0.0
cash available,Text,0.0
cash bank,Text,0.0
cash basis,Text,0.0
cash br,Text,0.0
cash business,Text,0.0
cash buy,Text,0.0
cash cars,Text,0.0
cash complete,Text,0.0
cash finish,Text,0.0
cash cover,Text,0.0
cash crunch,Text,0.0
cash cushion,Text,0.0
cash debit,Text,0.0
cash don,Text,0.0
cash emergencies,Text,0.0
cash expenses,Text,0.0
cash fast,Text,0.0
cash financing,Text,0.0
cash consolidate,Text,0.0
cash trying,Text,0.0
cash use,Text,0.0
cash used,Text,0.0
cash using,Text,0.0
cash want,Text,0.0
cash wedding,Text,0.0
cashcall,Text,0.0
cashed,Text,0.0
cashflow,Text,0.0
cash moving,Text,0.0
cast,Text,0.0
casualty,Text,0.0
cat,Text,0.0
catch,Text,0.0
catch 22,Text,0.0
catch bills,Text,0.0
catch br,Text,0.0
catch credit,Text,0.0
catch debt,Text,0.0
casino,Text,0.0
cash need,Text,0.0
cash needed,Text,0.0
cash needs,Text,0.0
cash new,Text,0.0
cash outlay,Text,0.0
cash pay,Text,0.0
cash paying,Text,0.0
cash payment,Text,0.0
cash pocket,Text,0.0
cash time,Text,0.0
cash property,Text,0.0
cash purchase,Text,0.0
cash purchases,Text,0.0
cash saved,Text,0.0
cash savings,Text,0.0
cash set,Text,0.0
cash thank,Text,0.0
cash thanks,Text,0.0
cash things,Text,0.0
cash project,Text,0.0
cards free,Text,0.0
cards fresh,Text,0.0
cards fully,Text,0.0
cards fund,Text,0.0
cards funding,Text,0.0
cards funds,Text,0.0
cards future,Text,0.0
cards getting,Text,0.0
cards unable,Text,0.0
cards goal,Text,0.0
cards gone,Text,0.0
cards good,Text,0.0
cards got,Text,0.0
cards gotten,Text,0.0
cards great,Text,0.0
cards hard,Text,0.0
cards haven,Text,0.0
cards helped,Text,0.0
cards giving,Text,0.0
cards extremely,Text,0.0
cards fact,Text,0.0
cards faithfully,Text,0.0
cards family,Text,0.0
cards far,Text,0.0
cards fast,Text,0.0
cards faster,Text,0.0
cards feel,Text,0.0
cards final,Text,0.0
cards forever,Text,0.0
cards finance,Text,0.0
cards finances,Text,0.0
cards financial,Text,0.0
cards financially,Text,0.0
cards financing,Text,0.0
cards finish,Text,0.0
cards fix,Text,0.0
cards fixed,Text,0.0
cards focus,Text,0.0
cards finally,Text,0.0
cards interests,Text,0.0
cards intrest,Text,0.0
cards invest,Text,0.0
cards irs,Text,0.0
cards jacked,Text,0.0
cards job,Text,0.0
cards jumped,Text,0.0
cards just,Text,0.0
cards keeping,Text,0.0
cards helping,Text,0.0
cards know,Text,0.0
cards large,Text,0.0
cards late,Text,0.0
cards learned,Text,0.0
cards leaving,Text,0.0
cards lending,Text,0.0
cards let,Text,0.0
cards life,Text,0.0
cards like,Text,0.0
cards killing,Text,0.0
cards highest,Text,0.0
cards hold,Text,0.0
cards hope,Text,0.0
cards hopefully,Text,0.0
cards hospital,Text,0.0
cards huge,Text,0.0
cards husband,Text,0.0
cards im,Text,0.0
cards immediately,Text,0.0
cards instead,Text,0.0
cards include,Text,0.0
cards including,Text,0.0
cards income,Text,0.0
cards increase,Text,0.0
cards increased,Text,0.0
cards increasing,Text,0.0
cards incurred,Text,0.0
cards individually,Text,0.0
cards installment,Text,0.0
cards improve,Text,0.0
cards combining,Text,0.0
cards come,Text,0.0
cards companies,Text,0.0
cards company,Text,0.0
cards complete,Text,0.0
cards consolidated,Text,0.0
cards consolidating,Text,0.0
cards consolidation,Text,0.0
cards extra,Text,0.0
cards control,Text,0.0
cards convenient,Text,0.0
cards couple,Text,0.0
cards cover,Text,0.0
cards crazy,Text,0.0
cards create,Text,0.0
cards credit,Text,0.0
cards current,Text,0.0
cards currently,Text,0.0
cards continue,Text,0.0
cards canceling,Text,0.0
cards cancelled,Text,0.0
cards capital,Text,0.0
cards card,Text,0.0
cards cards,Text,0.0
cards care,Text,0.0
cards carry,Text,0.0
cards carrying,Text,0.0
cards cash,Text,0.0
cards college,Text,0.0
cards charge,Text,0.0
cards charged,Text,0.0
cards charges,Text,0.0
cards chase,Text,0.0
cards citibank,Text,0.0
cards clean,Text,0.0
cards clear,Text,0.0
cards closed,Text,0.0
cards closing,Text,0.0
cards cc,Text,0.0
cards dont,Text,0.0
cards easier,Text,0.0
cards easily,Text,0.0
cards easy,Text,0.0
cards economy,Text,0.0
cards emergencies,Text,0.0
cards emergency,Text,0.0
cards employed,Text,0.0
cards employment,Text,0.0
cards cutting,Text,0.0
cards end,Text,0.0
cards enjoy,Text,0.0
cards entirely,Text,0.0
cards especially,Text,0.0
cards establish,Text,0.0
cards excellent,Text,0.0
cards exception,Text,0.0
cards existing,Text,0.0
cards expenses,Text,0.0
cards enable,Text,0.0
cards daughter,Text,0.0
cards debit,Text,0.0
cards decided,Text,0.0
cards decrease,Text,0.0
cards defaulted,Text,0.0
cards definitely,Text,0.0
cards delinquent,Text,0.0
cards dental,Text,0.0
cards department,Text,0.0
cards don,Text,0.0
cards destroy,Text,0.0
cards destroyed,Text,0.0
cards did,Text,0.0
cards different,Text,0.0
cards difficult,Text,0.0
cards discover,Text,0.0
cards doctor,Text,0.0
cards doesn,Text,0.0
cards doing,Text,0.0
cards dept,Text,0.0
cards retire,Text,0.0
cards revolving,Text,0.0
cards rid,Text,0.0
cards ridiculous,Text,0.0
cards ridiculously,Text,0.0
cards right,Text,0.0
cards roof,Text,0.0
cards roughly,Text,0.0
cards liked,Text,0.0
cards saving,Text,0.0
cards savings,Text,0.0
cards school,Text,0.0
cards secure,Text,0.0
cards seeking,Text,0.0
cards set,Text,0.0
cards short,Text,0.0
cards shredded,Text,0.0
cards simple,Text,0.0
cards run,Text,0.0
cards reasonable,Text,0.0
cards receive,Text,0.0
cards received,Text,0.0
cards receiving,Text,0.0
cards recent,Text,0.0
cards recently,Text,0.0
cards reduce,Text,0.0
cards reduced,Text,0.0
cards refinance,Text,0.0
cards retail,Text,0.0
cards reliable,Text,0.0
cards remainder,Text,0.0
cards rent,Text,0.0
cards repair,Text,0.0
cards repay,Text,0.0
cards replace,Text,0.0
cards responsible,Text,0.0
cards rest,Text,0.0
cards result,Text,0.0
cards refinancing,Text,0.0
cards taking,Text,0.0
cards taxes,Text,0.0
cards thank,Text,0.0
cards thanks,Text,0.0
cards things,Text,0.0
cards think,Text,0.0
cards time,Text,0.0
cards timely,Text,0.0
cards times,Text,0.0
cards simplify,Text,0.0
cards took,Text,0.0
cards totaling,Text,0.0
cards totalling,Text,0.0
cards totals,Text,0.0
cards track,Text,0.0
cards trouble,Text,0.0
cards truck,Text,0.0
cards try,Text,0.0
cards trying,Text,0.0
cards tired,Text,0.0
cards simply,Text,0.0
cards sky,Text,0.0
cards slowly,Text,0.0
cards small,Text,0.0
cards smaller,Text,0.0
cards solid,Text,0.0
cards soon,Text,0.0
cards sooner,Text,0.0
cards stable,Text,0.0
cards taken,Text,0.0
cards started,Text,0.0
cards starting,Text,0.0
cards stay,Text,0.0
cards steady,Text,0.0
cards stop,Text,0.0
cards store,Text,0.0
cards structured,Text,0.0
cards struggling,Text,0.0
cards survive,Text,0.0
cards start,Text,0.0
cards makes,Text,0.0
cards making,Text,0.0
cards manage,Text,0.0
cards manageable,Text,0.0
cards maxed,Text,0.0
cards maybe,Text,0.0
cards means,Text,0.0
cards medical,Text,0.0
cards minimum,Text,0.0
cards reason,Text,0.0
cards misc,Text,0.0
cards miss,Text,0.0
cards missed,Text,0.0
cards moment,Text,0.0
cards month,Text,0.0
cards months,Text,0.0
cards mortgage,Text,0.0
cards motorcycle,Text,0.0
cards moving,Text,0.0
cards minor,Text,0.0
cards limit,Text,0.0
cards line,Text,0.0
cards lines,Text,0.0
cards listed,Text,0.0
cards little,Text,0.0
cards living,Text,0.0
cards ll,Text,0.0
cards longer,Text,0.0
cards look,Text,0.0
cards majority,Text,0.0
cards love,Text,0.0
cards low,Text,0.0
cards lowered,Text,0.0
cards lowering,Text,0.0
cards lowes,Text,0.0
cards lowest,Text,0.0
cards lump,Text,0.0
cards maintain,Text,0.0
cards major,Text,0.0
cards lot,Text,0.0
cards pretty,Text,0.0
cards previous,Text,0.0
cards previously,Text,0.0
cards problem,Text,0.0
cards process,Text,0.0
cards promotional,Text,0.0
cards provide,Text,0.0
cards providing,Text,0.0
cards purchases,Text,0.0
cards near,Text,0.0
cards quot,Text,0.0
cards racked,Text,0.0
cards raise,Text,0.0
cards raised,Text,0.0
cards range,Text,0.0
cards ranging,Text,0.0
cards ready,Text,0.0
cards realize,Text,0.0
cards really,Text,0.0
cards purchasing,Text,0.0
cards need,Text,0.0
cards nice,Text,0.0
cards offer,Text,0.0
cards older,Text,0.0
cards open,Text,0.0
cards opened,Text,0.0
cards order,Text,0.0
cards outstanding,Text,0.0
cards owe,Text,0.0
cards prefer,Text,0.0
cards payed,Text,0.0
cards payoff,Text,0.0
cards place,Text,0.0
cards plan,Text,0.0
cards planning,Text,0.0
cards plus,Text,0.0
cards point,Text,0.0
cards possible,Text,0.0
cards possibly,Text,0.0
cards past,Text,0.0
12 rsquo,Text,0.0
12 run,Text,0.0
12 save,Text,0.0
12 saving,Text,0.0
12 say,Text,0.0
12 school,Text,0.0
12 second,Text,0.0
12 secure,Text,0.0
ar,Text,0.0
12 self,Text,0.0
12 selling,Text,0.0
12 set,Text,0.0
12 short,Text,0.0
12 sick,Text,0.0
12 significant,Text,0.0
12 simple,Text,0.0
12 simply,Text,0.0
12 single,Text,0.0
12 seeking,Text,0.0
12 remodeling,Text,0.0
12 renovating,Text,0.0
12 renovations,Text,0.0
12 rent,Text,0.0
12 rental,Text,0.0
12 repair,Text,0.0
12 repairs,Text,0.0
12 repay,Text,0.0
12 replace,Text,0.0
12 roof,Text,0.0
12 replacing,Text,0.0
12 request,Text,0.0
12 requested,Text,0.0
12 responsible,Text,0.0
12 restructuring,Text,0.0
12 returning,Text,0.0
12 revolving,Text,0.0
12 rid,Text,0.0
12 right,Text,0.0
12 replacement,Text,0.0
12 support,Text,0.0
12 sure,Text,0.0
12 surgery,Text,0.0
12 swimming,Text,0.0
12 taken,Text,0.0
12 taking,Text,0.0
12 taxes,Text,0.0
12 tell,Text,0.0
12 test,Text,0.0
12 slowly,Text,0.0
12 thanking,Text,0.0
12 thanks,Text,0.0
12 things,Text,0.0
12 think,Text,0.0
12 thought,Text,0.0
12 times,Text,0.0
12 tired,Text,0.0
12 today,Text,0.0
12 took,Text,0.0
12 thankful,Text,0.0
12 small,Text,0.0
12 sold,Text,0.0
12 sole,Text,0.0
12 solid,Text,0.0
12 son,Text,0.0
12 sorry,Text,0.0
12 spent,Text,0.0
12 stable,Text,0.0
12 start,Text,0.0
12 successfully,Text,0.0
12 starting,Text,0.0
12 stated,Text,0.0
12 steady,Text,0.0
12 story,Text,0.0
12 strong,Text,0.0
12 struggling,Text,0.0
12 student,Text,0.0
12 submitted,Text,0.0
12 successful,Text,0.0
12 started,Text,0.0
12 owned,Text,0.0
12 owner,Text,0.0
12 paid,Text,0.0
12 parents,Text,0.0
12 past,Text,0.0
12 payment,Text,0.0
12 payments,Text,0.0
12 payoff,Text,0.0
12 remodel,Text,0.0
12 perfect,Text,0.0
12 person,Text,0.0
12 personal,Text,0.0
12 planing,Text,0.0
12 planning,Text,0.0
12 plans,Text,0.0
12 plus,Text,0.0
12 pool,Text,0.0
12 poor,Text,0.0
12 people,Text,0.0
12 multiple,Text,0.0
12 need,Text,0.0
12 needed,Text,0.0
12 needing,Text,0.0
12 new,Text,0.0
12 note,Text,0.0
12 number,Text,0.0
12 objective,Text,0.0
12 obtaining,Text,0.0
12 owe,Text,0.0
12 old,Text,0.0
12 open,Text,0.0
12 opened,Text,0.0
12 opening,Text,0.0
12 opportunity,Text,0.0
12 order,Text,0.0
12 original,Text,0.0
12 originally,Text,0.0
12 outstanding,Text,0.0
12 offer,Text,0.0
12 rate,Text,0.0
12 rates,Text,0.0
12 ready,Text,0.0
12 real,Text,0.0
12 really,Text,0.0
12 reasons,Text,0.0
12 received,Text,0.0
12 receiving,Text,0.0
12 recent,Text,0.0
12 prefer,Text,0.0
12 reduce,Text,0.0
12 reducing,Text,0.0
12 refi,Text,0.0
12 refinance,Text,0.0
12 refinancing,Text,0.0
12 reliable,Text,0.0
12 relocated,Text,0.0
12 relocating,Text,0.0
12 relocation,Text,0.0
12 redoing,Text,0.0
12 preparing,Text,0.0
12 presently,Text,0.0
12 pretty,Text,0.0
12 previous,Text,0.0
12 previously,Text,0.0
12 primarily,Text,0.0
12 primary,Text,0.0
12 problem,Text,0.0
12 proceeds,Text,0.0
12 ran,Text,0.0
12 professional,Text,0.0
12 property,Text,0.0
12 provide,Text,0.0
12 purchased,Text,0.0
12 purchasing,Text,0.0
12 putting,Text,0.0
12 questions,Text,0.0
12 quot,Text,0.0
12 racked,Text,0.0
12 process,Text,0.0
1300 monthly,Text,0.0
13000,Text,0.0
130k,Text,0.0
131,Text,0.0
132,Text,0.0
133,Text,0.0
134,Text,0.0
135,Text,0.0
12 total,Text,0.0
135 br,Text,0.0
135 month,Text,0.0
1350,Text,0.0
136,Text,0.0
136 br,Text,0.0
137,Text,0.0
1370,Text,0.0
1375,Text,0.0
138,Text,0.0
135 00,Text,0.0
13 18,Text,0.0
13 24,Text,0.0
13 25,Text,0.0
13 90,Text,0.0
13 99,Text,0.0
13 br,Text,0.0
13 credit,Text,0.0
13 months,Text,0.0
13 rate,Text,0.0
1300 month,Text,0.0
13 years,Text,0.0
13 yrs,Text,0.0
130,Text,0.0
130 00,Text,0.0
130 000,Text,0.0
130 br,Text,0.0
1300,Text,0.0
1300 00,Text,0.0
1300 br,Text,0.0
13 year,Text,0.0
1400 br,Text,0.0
1400 month,Text,0.0
14000,Text,0.0
140k,Text,0.0
141,Text,0.0
142,Text,0.0
143,Text,0.0
144,Text,0.0
145,Text,0.0
139,Text,0.0
146,Text,0.0
147,Text,0.0
148,Text,0.0
149,Text,0.0
14k,Text,0.0
14th,Text,0.0
14yrs,Text,0.0
15 00,Text,0.0
15 09,Text,0.0
1450,Text,0.0
13k,Text,0.0
13th,Text,0.0
14 000,Text,0.0
14 09,Text,0.0
14 10,Text,0.0
14 2010,Text,0.0
14 24,Text,0.0
14 25,Text,0.0
14 500,Text,0.0
1400 00,Text,0.0
14 br,Text,0.0
14 days,Text,0.0
14 months,Text,0.0
14 yrs,Text,0.0
140,Text,0.0
140 00,Text,0.0
140 000,Text,0.0
140 br,Text,0.0
1400,Text,0.0
14 apr,Text,0.0
12 wan,Text,0.0
12 wanna,Text,0.0
12 wanted,Text,0.0
12 wanting,Text,0.0
12 wants,Text,0.0
12 water,Text,0.0
12 way,Text,0.0
12 wedding,Text,0.0
13 11,Text,0.0
12 wife,Text,0.0
12 wish,Text,0.0
12 wishing,Text,0.0
12 work,Text,0.0
12 worked,Text,0.0
12 working,Text,0.0
12 wow,Text,0.0
12 year,Text,0.0
12 yes,Text,0.0
12 went,Text,0.0
12 tough,Text,0.0
12 tried,Text,0.0
12 truck,Text,0.0
12 truly,Text,0.0
12 try,Text,0.0
12 ultimate,Text,0.0
12 unemployed,Text,0.0
12 unexpected,Text,0.0
12 unfortunately,Text,0.0
12 wait,Text,0.0
12 update,Text,0.0
12 updating,Text,0.0
12 use,Text,0.0
12 using,Text,0.0
12 vacation,Text,0.0
12 various,Text,0.0
12 vehicle,Text,0.0
12 veteran,Text,0.0
12 visa,Text,0.0
12 unsecured,Text,0.0
125 000,Text,0.0
125 br,Text,0.0
125 mo,Text,0.0
125 month,Text,0.0
1250,Text,0.0
1250 00,Text,0.0
1250 month,Text,0.0
125k,Text,0.0
126,Text,0.0
12 young,Text,0.0
1275,Text,0.0
128,Text,0.0
129,Text,0.0
12k,Text,0.0
12months,Text,0.0
12th,Text,0.0
12yrs,Text,0.0
13 000,Text,0.0
13 09,Text,0.0
127,Text,0.0
12 yrs,Text,0.0
12 zero,Text,0.0
120,Text,0.0
120 00,Text,0.0
120 000,Text,0.0
120 br,Text,0.0
120 days,Text,0.0
120 month,Text,0.0
1200,Text,0.0
125 00,Text,0.0
1200 br,Text,0.0
1200 month,Text,0.0
12000,Text,0.0
120k,Text,0.0
121,Text,0.0
122,Text,0.0
123,Text,0.0
124,Text,0.0
125,Text,0.0
1200 00,Text,0.0
12 closing,Text,0.0
12 college,Text,0.0
12 combine,Text,0.0
12 come,Text,0.0
12 committed,Text,0.0
12 company,Text,0.0
12 complete,Text,0.0
12 completed,Text,0.0
12 moving,Text,0.0
12 concern,Text,0.0
12 consoladate,Text,0.0
12 consolidated,Text,0.0
12 consolodate,Text,0.0
12 construction,Text,0.0
12 continue,Text,0.0
12 control,Text,0.0
12 correction,Text,0.0
12 couple,Text,0.0
12 completely,Text,0.0
12 buy,Text,0.0
12 buying,Text,0.0
12 capital,Text,0.0
12 car,Text,0.0
12 card,Text,0.0
12 cards,Text,0.0
12 care,Text,0.0
12 career,Text,0.0
12 cash,Text,0.0
12 close,Text,0.0
12 cc,Text,0.0
12 chance,Text,0.0
12 change,Text,0.0
12 chase,Text,0.0
12 child,Text,0.0
12 children,Text,0.0
12 christmas,Text,0.0
12 clarify,Text,0.0
12 clear,Text,0.0
12 catch,Text,0.0
12 desperately,Text,0.0
12 details,Text,0.0
12 did,Text,0.0
12 didn,Text,0.0
12 different,Text,0.0
12 discover,Text,0.0
12 doing,Text,0.0
12 don,Text,0.0
12 dont,Text,0.0
12 cover,Text,0.0
12 eager,Text,0.0
12 economy,Text,0.0
12 effort,Text,0.0
12 eliminate,Text,0.0
12 emergency,Text,0.0
12 employed,Text,0.0
12 employer,Text,0.0
12 employment,Text,0.0
12 enable,Text,0.0
12 dream,Text,0.0
12 current,Text,0.0
12 cut,Text,0.0
12 daughter,Text,0.0
12 daughters,Text,0.0
12 days,Text,0.0
12 dear,Text,0.0
12 debit,Text,0.0
12 debts,Text,0.0
12 decided,Text,0.0
12 desire,Text,0.0
12 decrease,Text,0.0
12 dedt,Text,0.0
12 defaulted,Text,0.0
12 delinquencies,Text,0.0
12 delinquency,Text,0.0
12 delinquent,Text,0.0
12 dental,Text,0.0
12 dept,Text,0.0
12 description,Text,0.0
12 deck,Text,0.0
12 accumulated,Text,0.0
12 acquired,Text,0.0
12 active,Text,0.0
12 actually,Text,0.0
12 add,Text,0.0
12 added,Text,0.0
12 adding,Text,0.0
12 addition,Text,0.0
12 business,Text,0.0
12 additionally,Text,0.0
12 air,Text,0.0
12 allow,Text,0.0
12 alot,Text,0.0
12 amazing,Text,0.0
12 american,Text,0.0
12 amex,Text,0.0
12 answer,Text,0.0
12 applied,Text,0.0
12 additional,Text,0.0
12 2009,Text,0.0
12 2010,Text,0.0
12 2011,Text,0.0
12 2012,Text,0.0
12 21,Text,0.0
12 25,Text,0.0
12 26,Text,0.0
12 27,Text,0.0
12 29,Text,0.0
12 accrued,Text,0.0
12 300,Text,0.0
12 36,Text,0.0
12 50,Text,0.0
12 500,Text,0.0
12 90,Text,0.0
12 99,Text,0.0
12 able,Text,0.0
12 account,Text,0.0
12 accounts,Text,0.0
12 2nd,Text,0.0
12 basically,Text,0.0
12 bathroom,Text,0.0
12 believe,Text,0.0
12 best,Text,0.0
12 better,Text,0.0
12 big,Text,0.0
12 bills,Text,0.0
12 boat,Text,0.0
12 borrowed,Text,0.0
12 applying,Text,0.0
12 borrowing,Text,0.0
12 bought,Text,0.0
12 br,Text,0.0
12 bridge,Text,0.0
12 brother,Text,0.0
12 budget,Text,0.0
12 build,Text,0.0
12 building,Text,0.0
12 built,Text,0.0
12 borrower,Text,0.0
12 appreciate,Text,0.0
12 approved,Text,0.0
12 approximately,Text,0.0
12 apr,Text,0.0
12 army,Text,0.0
12 ask,Text,0.0
12 asked,Text,0.0
12 asking,Text,0.0
12 assist,Text,0.0
12 basement,Text,0.0
12 attempting,Text,0.0
12 attending,Text,0.0
12 atv,Text,0.0
12 auto,Text,0.0
12 baby,Text,0.0
12 bad,Text,0.0
12 balance,Text,0.0
12 bank,Text,0.0
12 banks,Text,0.0
12 assure,Text,0.0
12 investment,Text,0.0
12 investor,Text,0.0
12 investors,Text,0.0
12 irs,Text,0.0
12 ive,Text,0.0
12 job,Text,0.0
12 just,Text,0.0
12 kids,Text,0.0
12 end,Text,0.0
12 know,Text,0.0
12 laid,Text,0.0
12 landscaping,Text,0.0
12 large,Text,0.0
12 late,Text,0.0
12 learned,Text,0.0
12 legal,Text,0.0
12 lending,Text,0.0
12 let,Text,0.0
12 kitchen,Text,0.0
12 hurricane,Text,0.0
12 husband,Text,0.0
12 iam,Text,0.0
12 id,Text,0.0
12 im,Text,0.0
12 improve,Text,0.0
12 income,Text,0.0
12 increase,Text,0.0
12 incurred,Text,0.0
12 investing,Text,0.0
12 installing,Text,0.0
12 instead,Text,0.0
12 intend,Text,0.0
12 intended,Text,0.0
12 intent,Text,0.0
12 intention,Text,0.0
12 interested,Text,0.0
12 invest,Text,0.0
12 invested,Text,0.0
12 install,Text,0.0
12 makes,Text,0.0
12 making,Text,0.0
12 meant,Text,0.0
12 military,Text,0.0
12 minimum,Text,0.0
12 minor,Text,0.0
12 mission,Text,0.0
12 mistake,Text,0.0
12 mistakes,Text,0.0
12 life,Text,0.0
12 money,Text,0.0
12 month,Text,0.0
12 monthly,Text,0.0
12 months,Text,0.0
12 mortgage,Text,0.0
12 mother,Text,0.0
12 motivated,Text,0.0
12 motorcycle,Text,0.0
12 moved,Text,0.0
12 mom,Text,0.0
12 little,Text,0.0
12 live,Text,0.0
12 lived,Text,0.0
12 living,Text,0.0
12 ll,Text,0.0
12 load,Text,0.0
12 loans,Text,0.0
12 long,Text,0.0
12 look,Text,0.0
12 make,Text,0.0
12 lot,Text,0.0
12 love,Text,0.0
12 low,Text,0.0
12 lower,Text,0.0
12 lowering,Text,0.0
12 main,Text,0.0
12 mainly,Text,0.0
12 major,Text,0.0
12 majority,Text,0.0
12 lost,Text,0.0
12 final,Text,0.0
12 finally,Text,0.0
12 finance,Text,0.0
12 financial,Text,0.0
12 financially,Text,0.0
12 financing,Text,0.0
12 finish,Text,0.0
12 finished,Text,0.0
12 finishing,Text,0.0
12 house,Text,0.0
12 fixing,Text,0.0
12 focused,Text,0.0
12 following,Text,0.0
12 forgot,Text,0.0
12 free,Text,0.0
12 freedom,Text,0.0
12 fresh,Text,0.0
12 friend,Text,0.0
12 fully,Text,0.0
12 fix,Text,0.0
12 engagement,Text,0.0
12 entire,Text,0.0
12 equipment,Text,0.0
12 established,Text,0.0
12 excellent,Text,0.0
12 excited,Text,0.0
12 existing,Text,0.0
12 expanding,Text,0.0
12 expenses,Text,0.0
12 fiancee,Text,0.0
12 extra,Text,0.0
12 extremely,Text,0.0
12 family,Text,0.0
12 father,Text,0.0
12 federal,Text,0.0
12 feel,Text,0.0
12 fell,Text,0.0
12 fianc,Text,0.0
12 fiance,Text,0.0
12 experienced,Text,0.0
12 ground,Text,0.0
12 growing,Text,0.0
12 half,Text,0.0
12 happy,Text,0.0
12 hard,Text,0.0
12 hardworking,Text,0.0
12 having,Text,0.0
12 health,Text,0.0
12 helped,Text,0.0
12 fund,Text,0.0
12 hey,Text,0.0
12 hi,Text,0.0
12 high,Text,0.0
12 higher,Text,0.0
12 highly,Text,0.0
12 honest,Text,0.0
12 hope,Text,0.0
12 hoping,Text,0.0
12 hot,Text,0.0
12 helping,Text,0.0
12 funded,Text,0.0
12 funding,Text,0.0
12 funds,Text,0.0
12 gainfully,Text,0.0
12 general,Text,0.0
12 getting,Text,0.0
12 given,Text,0.0
12 glad,Text,0.0
12 goal,Text,0.0
12 greetings,Text,0.0
12 gonna,Text,0.0
12 got,Text,0.0
12 gotten,Text,0.0
12 graduate,Text,0.0
12 graduated,Text,0.0
12 graduating,Text,0.0
12 grateful,Text,0.0
12 great,Text,0.0
12 greatly,Text,0.0
12 going,Text,0.0
21 99,Text,0.0
21 apr,Text,0.0
21 br,Text,0.0
21 months,Text,0.0
21 rate,Text,0.0
21 yrs,Text,0.0
210,Text,0.0
210 00,Text,0.0
15 10,Text,0.0
2100 00,Text,0.0
21000,Text,0.0
211,Text,0.0
212,Text,0.0
213,Text,0.0
215,Text,0.0
215 br,Text,0.0
216,Text,0.0
218,Text,0.0
210 br,Text,0.0
203,Text,0.0
203k,Text,0.0
204,Text,0.0
205,Text,0.0
206,Text,0.0
207,Text,0.0
20k,Text,0.0
20k br,Text,0.0
20k credit,Text,0.0
21 90,Text,0.0
20k loan,Text,0.0
20s,Text,0.0
20th,Text,0.0
20yrs,Text,0.0
21 00,Text,0.0
21 000,Text,0.0
21 09,Text,0.0
21 10,Text,0.0
21 24,Text,0.0
20k debt,Text,0.0
220 month,Text,0.0
2200,Text,0.0
2200 00,Text,0.0
2200 br,Text,0.0
2200 month,Text,0.0
22000,Text,0.0
222,Text,0.0
223,Text,0.0
224,Text,0.0
21k,Text,0.0
225 000,Text,0.0
225 month,Text,0.0
2250,Text,0.0
226,Text,0.0
227,Text,0.0
228,Text,0.0
229,Text,0.0
22k,Text,0.0
22nd,Text,0.0
225,Text,0.0
21st,Text,0.0
22 00,Text,0.0
22 000,Text,0.0
22 24,Text,0.0
22 25,Text,0.0
22 26,Text,0.0
22 29,Text,0.0
22 500,Text,0.0
22 90,Text,0.0
220 br,Text,0.0
22 apr,Text,0.0
22 br,Text,0.0
22 credit,Text,0.0
22 rate,Text,0.0
22 year,Text,0.0
22 years,Text,0.0
22 yrs,Text,0.0
220,Text,0.0
220 00,Text,0.0
22 99,Text,0.0
2006 br,Text,0.0
2006 honda,Text,0.0
2007,Text,0.0
2007 br,Text,0.0
2007 paid,Text,0.0
2008,Text,0.0
2008 2009,Text,0.0
2008 br,Text,0.0
202,Text,0.0
2008 working,Text,0.0
2009 10,Text,0.0
2009 2010,Text,0.0
2009 br,Text,0.0
2009 credit,Text,0.0
2009 currently,Text,0.0
2009 got,Text,0.0
2009 honda,Text,0.0
2009 tax,Text,0.0
2008 ve,Text,0.0
2000 br,Text,0.0
2000 cash,Text,0.0
2000 credit,Text,0.0
2000 dollars,Text,0.0
2000 ford,Text,0.0
2000 month,Text,0.0
2000 monthly,Text,0.0
2000 time,Text,0.0
20000,Text,0.0
2006 2007,Text,0.0
2002,Text,0.0
2002 br,Text,0.0
2003 br,Text,0.0
2003 ford,Text,0.0
2004,Text,0.0
2004 br,Text,0.0
2004 honda,Text,0.0
2005 br,Text,0.0
2006,Text,0.0
2001,Text,0.0
2011 taxes,Text,0.0
2011 want,Text,0.0
2011 wedding,Text,0.0
2012 br,Text,0.0
2012 loan,Text,0.0
2012 need,Text,0.0
2012 paid,Text,0.0
2012 plan,Text,0.0
2013 br,Text,0.0
2009 ve,Text,0.0
2013 need,Text,0.0
2013 wedding,Text,0.0
2014 br,Text,0.0
2015,Text,0.0
2015 br,Text,0.0
2015 loan,Text,0.0
2016,Text,0.0
2016 br,Text,0.0
2017,Text,0.0
2013 loan,Text,0.0
2009 year,Text,0.0
200k,Text,0.0
200k year,Text,0.0
201,Text,0.0
2010,Text,0.0
2010 2011,Text,0.0
2010 br,Text,0.0
2010 credit,Text,0.0
2010 loan,Text,0.0
2011 plan,Text,0.0
2010 started,Text,0.0
2010 tax,Text,0.0
2010 taxes,Text,0.0
2010 time,Text,0.0
2010 ve,Text,0.0
2011,Text,0.0
2011 br,Text,0.0
2011 need,Text,0.0
2011 pay,Text,0.0
2010 pay,Text,0.0
25 like,Text,0.0
25 loan,Text,0.0
25 month,Text,0.0
25 monthly,Text,0.0
25 paid,Text,0.0
25 pay,Text,0.0
25 percent,Text,0.0
25 plus,Text,0.0
22yrs,Text,0.0
25 rates,Text,0.0
25 year,Text,0.0
25 yrs,Text,0.0
250 00,Text,0.0
250 000,Text,0.0
250 300,Text,0.0
250 350,Text,0.0
250 br,Text,0.0
250 car,Text,0.0
25 rate,Text,0.0
244,Text,0.0
245,Text,0.0
246,Text,0.0
247,Text,0.0
248,Text,0.0
24k,Text,0.0
24th,Text,0.0
25 00,Text,0.0
25 000,Text,0.0
25 higher,Text,0.0
25 10,Text,0.0
25 11,Text,0.0
25 24,Text,0.0
25 25,Text,0.0
25 30,Text,0.0
25 40,Text,0.0
25 99,Text,0.0
25 apr,Text,0.0
25 credit,Text,0.0
25 09,Text,0.0
25th,Text,0.0
26 09,Text,0.0
26 10,Text,0.0
26 11,Text,0.0
26 24,Text,0.0
26 500,Text,0.0
26 99,Text,0.0
26 apr,Text,0.0
26 br,Text,0.0
250 credit,Text,0.0
26 rate,Text,0.0
26 years,Text,0.0
26 yrs,Text,0.0
260,Text,0.0
2600,Text,0.0
2600 00,Text,0.0
2600 br,Text,0.0
2600 month,Text,0.0
261,Text,0.0
26 credit,Text,0.0
250 mo,Text,0.0
250 month,Text,0.0
250 monthly,Text,0.0
250 utilities,Text,0.0
2500,Text,0.0
2500 00,Text,0.0
2500 3000,Text,0.0
2500 br,Text,0.0
2500 month,Text,0.0
25k,Text,0.0
250k,Text,0.0
251,Text,0.0
252,Text,0.0
253,Text,0.0
255,Text,0.0
256,Text,0.0
257,Text,0.0
258,Text,0.0
259,Text,0.0
25000,Text,0.0
2300 00,Text,0.0
2300 month,Text,0.0
232,Text,0.0
234,Text,0.0
235,Text,0.0
235 br,Text,0.0
2350,Text,0.0
237,Text,0.0
23k,Text,0.0
243,Text,0.0
24 000,Text,0.0
24 09,Text,0.0
24 10,Text,0.0
24 100,Text,0.0
24 150,Text,0.0
24 19,Text,0.0
24 24,Text,0.0
24 25,Text,0.0
24 26,Text,0.0
24 00,Text,0.0
23 000,Text,0.0
23 10,Text,0.0
23 11,Text,0.0
23 15,Text,0.0
23 24,Text,0.0
23 25,Text,0.0
23 90,Text,0.0
23 99,Text,0.0
23 apr,Text,0.0
2300,Text,0.0
23 credit,Text,0.0
23 rate,Text,0.0
23 year,Text,0.0
23 years,Text,0.0
23 yrs,Text,0.0
230,Text,0.0
230 00,Text,0.0
230 br,Text,0.0
230 month,Text,0.0
23 br,Text,0.0
24 monthly,Text,0.0
24 months,Text,0.0
24 paid,Text,0.0
24 pay,Text,0.0
24 paying,Text,0.0
24 percent,Text,0.0
24 rate,Text,0.0
24 really,Text,0.0
24 years,Text,0.0
24 29,Text,0.0
240 00,Text,0.0
240 000,Text,0.0
240 month,Text,0.0
2400,Text,0.0
2400 00,Text,0.0
2400 br,Text,0.0
2400 month,Text,0.0
24000,Text,0.0
241,Text,0.0
240,Text,0.0
24 30,Text,0.0
24 36,Text,0.0
24 50,Text,0.0
24 500,Text,0.0
24 99,Text,0.0
24 amp,Text,0.0
24 apr,Text,0.0
24 balance,Text,0.0
24 br,Text,0.0
24 month,Text,0.0
24 hour,Text,0.0
24 hours,Text,0.0
24 just,Text,0.0
24 late,Text,0.0
24 like,Text,0.0
24 loan,Text,0.0
24 looking,Text,0.0
24 min,Text,0.0
24 minimum,Text,0.0
24 credit,Text,0.0
17 19,Text,0.0
17 20,Text,0.0
17 24,Text,0.0
17 27,Text,0.0
17 29,Text,0.0
17 500,Text,0.0
17 74,Text,0.0
17 90,Text,0.0
2000 00,Text,0.0
17 apr,Text,0.0
17 br,Text,0.0
17 months,Text,0.0
17 rate,Text,0.0
17 year,Text,0.0
17 years,Text,0.0
17 yrs,Text,0.0
170,Text,0.0
170 00,Text,0.0
17 99,Text,0.0
16000,Text,0.0
160k,Text,0.0
161,Text,0.0
163,Text,0.0
164,Text,0.0
165,Text,0.0
165 00,Text,0.0
165 000,Text,0.0
165k,Text,0.0
17 11,Text,0.0
168,Text,0.0
169,Text,0.0
16k,Text,0.0
16k credit,Text,0.0
16th,Text,0.0
16yrs,Text,0.0
17 000,Text,0.0
17 09,Text,0.0
17 10,Text,0.0
167,Text,0.0
17k,Text,0.0
18 00,Text,0.0
18 000,Text,0.0
18 09,Text,0.0
18 10,Text,0.0
18 20,Text,0.0
18 21,Text,0.0
18 22,Text,0.0
18 24,Text,0.0
170 000,Text,0.0
18 500,Text,0.0
18 90,Text,0.0
18 99,Text,0.0
18 apr,Text,0.0
18 balance,Text,0.0
18 br,Text,0.0
18 loan,Text,0.0
18 month,Text,0.0
18 months,Text,0.0
18 25,Text,0.0
170 month,Text,0.0
1700,Text,0.0
1700 00,Text,0.0
1700 br,Text,0.0
1700 month,Text,0.0
17000,Text,0.0
170k,Text,0.0
171,Text,0.0
173,Text,0.0
179,Text,0.0
175,Text,0.0
175 00,Text,0.0
175 000,Text,0.0
175 br,Text,0.0
175 month,Text,0.0
1750,Text,0.0
175k,Text,0.0
176,Text,0.0
1760,Text,0.0
174,Text,0.0
15 monthly,Text,0.0
15 months,Text,0.0
15 plus,Text,0.0
15 rate,Text,0.0
15 year,Text,0.0
15 yrs,Text,0.0
150 00,Text,0.0
150 000,Text,0.0
1600 br,Text,0.0
150 br,Text,0.0
150 car,Text,0.0
150 mo,Text,0.0
1500 00,Text,0.0
1500 2000,Text,0.0
1500 br,Text,0.0
1500 credit,Text,0.0
1500 dollars,Text,0.0
1500 loan,Text,0.0
150 200,Text,0.0
15 11,Text,0.0
15 16,Text,0.0
15 18,Text,0.0
15 20,Text,0.0
15 21,Text,0.0
15 24,Text,0.0
15 25,Text,0.0
15 29,Text,0.0
15 30,Text,0.0
15 month,Text,0.0
15 95,Text,0.0
15 99,Text,0.0
15 apr,Text,0.0
15 br,Text,0.0
15 credit,Text,0.0
15 days,Text,0.0
15 income,Text,0.0
15 like,Text,0.0
15 min,Text,0.0
15 5k,Text,0.0
16 09,Text,0.0
16 10,Text,0.0
16 19,Text,0.0
16 24,Text,0.0
16 500,Text,0.0
16 99,Text,0.0
16 apr,Text,0.0
16 br,Text,0.0
16 months,Text,0.0
1500 month,Text,0.0
16 year,Text,0.0
16 years,Text,0.0
16 yrs,Text,0.0
160,Text,0.0
160 00,Text,0.0
160 000,Text,0.0
160 br,Text,0.0
160 month,Text,0.0
1600 00,Text,0.0
16 rate,Text,0.0
1500 monthly,Text,0.0
1500 pay,Text,0.0
15000,Text,0.0
150k,Text,0.0
151,Text,0.0
153,Text,0.0
154,Text,0.0
155,Text,0.0
1550,Text,0.0
15yrs,Text,0.0
157,Text,0.0
158,Text,0.0
159,Text,0.0
15k,Text,0.0
15k balance,Text,0.0
15k credit,Text,0.0
15k loan,Text,0.0
15th,Text,0.0
15th month,Text,0.0
156,Text,0.0
1st 15th,Text,0.0
1st 2nd,Text,0.0
1st home,Text,0.0
1st loan,Text,0.0
1st month,Text,0.0
1st mortgage,Text,0.0
1st time,Text,0.0
1st year,Text,0.0
18 rate,Text,0.0
20 00,Text,0.0
20 000,Text,0.0
20 09,Text,0.0
20 20,Text,0.0
20 24,Text,0.0
20 25,Text,0.0
20 29,Text,0.0
20 30,Text,0.0
20 99,Text,0.0
1yr,Text,0.0
1988,Text,0.0
1989,Text,0.0
1990,Text,0.0
1991,Text,0.0
1992,Text,0.0
1993,Text,0.0
1993 br,Text,0.0
1994,Text,0.0
1995,Text,0.0
1st,Text,0.0
1998,Text,0.0
1998 br,Text,0.0
1999,Text,0.0
1999 br,Text,0.0
19k,Text,0.0
19th,Text,0.0
19yrs,Text,0.0
1k,Text,0.0
1k month,Text,0.0
1997,Text,0.0
200 12,Text,0.0
200 250,Text,0.0
200 300,Text,0.0
200 balance,Text,0.0
200 car,Text,0.0
200 credit,Text,0.0
200 currently,Text,0.0
200 dollars,Text,0.0
200 food,Text,0.0
20 apr,Text,0.0
200 insurance,Text,0.0
200 loan,Text,0.0
200 mo,Text,0.0
200 month,Text,0.0
200 monthly,Text,0.0
200 pay,Text,0.0
200 utilities,Text,0.0
200 year,Text,0.0
2000,Text,0.0
200 gas,Text,0.0
20 br,Text,0.0
20 credit,Text,0.0
20 funded,Text,0.0
20 hours,Text,0.0
20 just,Text,0.0
20 loan,Text,0.0
20 month,Text,0.0
20 monthly,Text,0.0
20 months,Text,0.0
200 000,Text,0.0
20 payment,Text,0.0
20 percent,Text,0.0
20 plus,Text,0.0
20 range,Text,0.0
20 rate,Text,0.0
20 rates,Text,0.0
20 year,Text,0.0
20 yrs,Text,0.0
200 00,Text,0.0
20 pay,Text,0.0
189,Text,0.0
18k,Text,0.0
18th,Text,0.0
18yrs,Text,0.0
19 000,Text,0.0
19 09,Text,0.0
19 10,Text,0.0
19 23,Text,0.0
19 24,Text,0.0
1987,Text,0.0
19 80,Text,0.0
19 apr,Text,0.0
19 credit,Text,0.0
19 months,Text,0.0
19 percent,Text,0.0
19 year,Text,0.0
19 years,Text,0.0
19 yrs,Text,0.0
190,Text,0.0
19 29,Text,0.0
18 ve,Text,0.0
18 year,Text,0.0
18 yrs,Text,0.0
180,Text,0.0
180 00,Text,0.0
180 000,Text,0.0
180 br,Text,0.0
180 month,Text,0.0
1800,Text,0.0
188,Text,0.0
1800 br,Text,0.0
1800 month,Text,0.0
18000,Text,0.0
181,Text,0.0
182,Text,0.0
183,Text,0.0
1850,Text,0.0
186,Text,0.0
187,Text,0.0
1800 00,Text,0.0
197,Text,0.0
1970,Text,0.0
1971,Text,0.0
1972,Text,0.0
1973,Text,0.0
1974,Text,0.0
1975,Text,0.0
1976,Text,0.0
1977,Text,0.0
190 br,Text,0.0
1979,Text,0.0
198,Text,0.0
1980,Text,0.0
1981,Text,0.0
1982,Text,0.0
1983,Text,0.0
1984,Text,0.0
1985,Text,0.0
1986,Text,0.0
1978,Text,0.0
190 month,Text,0.0
1900,Text,0.0
1900 00,Text,0.0
1900 br,Text,0.0
19000,Text,0.0
192,Text,0.0
1920,Text,0.0
194,Text,0.0
195,Text,0.0
1969,Text,0.0
1957,Text,0.0
1958,Text,0.0
1959,Text,0.0
196,Text,0.0
1960,Text,0.0
1964,Text,0.0
1965,Text,0.0
1966,Text,0.0
1968,Text,0.0
1950,Text,0.0
09 home,Text,0.0
09 husband,Text,0.0
09 im,Text,0.0
09 income,Text,0.0
09 job,Text,0.0
09 just,Text,0.0
09 length,Text,0.0
09 like,Text,0.0
12 2008,Text,0.0
09 looking,Text,0.0
09 make,Text,0.0
09 medical,Text,0.0
09 money,Text,0.0
09 monthly,Text,0.0
09 moving,Text,0.0
09 need,Text,0.0
09 new,Text,0.0
09 note,Text,0.0
09 loan,Text,0.0
09 borrowing,Text,0.0
09 br,Text,0.0
09 business,Text,0.0
09 car,Text,0.0
09 consolidate,Text,0.0
09 consolidating,Text,0.0
09 correction,Text,0.0
09 credit,Text,0.0
09 current,Text,0.0
09 hi,Text,0.0
09 debt,Text,0.0
09 excellent,Text,0.0
09 feel,Text,0.0
09 getting,Text,0.0
09 going,Text,0.0
09 good,Text,0.0
09 great,Text,0.0
09 hello,Text,0.0
09 help,Text,0.0
09 currently,Text,0.0
09 use,Text,0.0
09 used,Text,0.0
09 using,Text,0.0
09 ve,Text,0.0
09 want,Text,0.0
09 wanted,Text,0.0
09 wife,Text,0.0
09 work,Text,0.0
09 working,Text,0.0
09 pay,Text,0.0
10 01,Text,0.0
10 02,Text,0.0
10 03,Text,0.0
10 04,Text,0.0
10 05,Text,0.0
10 06,Text,0.0
10 07,Text,0.0
10 08,Text,0.0
10 09,Text,0.0
10 00,Text,0.0
09 paying,Text,0.0
09 personal,Text,0.0
09 plan,Text,0.0
09 planning,Text,0.0
09 purchase,Text,0.0
09 purchasing,Text,0.0
09 purpose,Text,0.0
09 really,Text,0.0
09 reason,Text,0.0
09 update,Text,0.0
09 requesting,Text,0.0
09 stable,Text,0.0
09 starting,Text,0.0
09 sure,Text,0.0
09 taking,Text,0.0
09 thank,Text,0.0
09 thanks,Text,0.0
09 time,Text,0.0
09 trying,Text,0.0
09 recently,Text,0.0
06 27,Text,0.0
06 28,Text,0.0
06 29,Text,0.0
06 30,Text,0.0
06 br,Text,0.0
07 01,Text,0.0
07 02,Text,0.0
07 03,Text,0.0
09 30,Text,0.0
07 05,Text,0.0
07 07,Text,0.0
07 08,Text,0.0
07 17,Text,0.0
07 19,Text,0.0
07 23,Text,0.0
07 24,Text,0.0
07 25,Text,0.0
07 26,Text,0.0
07 04,Text,0.0
05 27,Text,0.0
05 28,Text,0.0
05 29,Text,0.0
05 31,Text,0.0
05 br,Text,0.0
050,Text,0.0
06 02,Text,0.0
06 03,Text,0.0
06 04,Text,0.0
06 26,Text,0.0
06 06,Text,0.0
06 08,Text,0.0
06 09,Text,0.0
06 15,Text,0.0
06 16,Text,0.0
06 17,Text,0.0
06 18,Text,0.0
06 20,Text,0.0
06 23,Text,0.0
06 05,Text,0.0
09 02,Text,0.0
09 05,Text,0.0
09 06,Text,0.0
09 08,Text,0.0
09 10,Text,0.0
09 13,Text,0.0
09 15,Text,0.0
09 16,Text,0.0
09 17,Text,0.0
07 30,Text,0.0
09 20,Text,0.0
09 21,Text,0.0
09 22,Text,0.0
09 23,Text,0.0
09 24,Text,0.0
09 25,Text,0.0
09 27,Text,0.0
09 28,Text,0.0
09 29,Text,0.0
09 18,Text,0.0
070,Text,0.0
08 02,Text,0.0
08 03,Text,0.0
08 07,Text,0.0
08 08,Text,0.0
08 10,Text,0.0
08 12,Text,0.0
08 13,Text,0.0
08 15,Text,0.0
09 01,Text,0.0
08 21,Text,0.0
08 22,Text,0.0
08 23,Text,0.0
08 24,Text,0.0
08 25,Text,0.0
08 29,Text,0.0
08 30,Text,0.0
08 31,Text,0.0
08 br,Text,0.0
08 18,Text,0.0
10 funding,Text,0.0
10 funds,Text,0.0
10 fyi,Text,0.0
10 getting,Text,0.0
10 goal,Text,0.0
10 going,Text,0.0
10 good,Text,0.0
10 got,Text,0.0
10 10,Text,0.0
10 graduated,Text,0.0
10 great,Text,0.0
10 greatly,Text,0.0
10 greetings,Text,0.0
10 gross,Text,0.0
10 guaranteed,Text,0.0
10 half,Text,0.0
10 hard,Text,0.0
10 having,Text,0.0
10 graduate,Text,0.0
10 different,Text,0.0
10 don,Text,0.0
10 dont,Text,0.0
10 employed,Text,0.0
10 employer,Text,0.0
10 employment,Text,0.0
10 engagement,Text,0.0
10 excellent,Text,0.0
10 excited,Text,0.0
10 funded,Text,0.0
10 extremely,Text,0.0
10 family,Text,0.0
10 father,Text,0.0
10 feel,Text,0.0
10 fiance,Text,0.0
10 fiancee,Text,0.0
10 forgot,Text,0.0
10 fully,Text,0.0
10 fund,Text,0.0
10 extra,Text,0.0
10 kitchen,Text,0.0
10 know,Text,0.0
10 late,Text,0.0
10 lenders,Text,0.0
10 lending,Text,0.0
10 let,Text,0.0
10 like,Text,0.0
10 little,Text,0.0
10 live,Text,0.0
10 hello,Text,0.0
10 long,Text,0.0
10 looking,Text,0.0
10 looks,Text,0.0
10 love,Text,0.0
10 low,Text,0.0
10 lower,Text,0.0
10 main,Text,0.0
10 major,Text,0.0
10 make,Text,0.0
10 ll,Text,0.0
10 help,Text,0.0
10 helping,Text,0.0
10 hey,Text,0.0
10 hi,Text,0.0
10 high,Text,0.0
10 home,Text,0.0
10 hope,Text,0.0
10 hoping,Text,0.0
10 house,Text,0.0
10 just,Text,0.0
10 im,Text,0.0
10 income,Text,0.0
10 information,Text,0.0
10 intend,Text,0.0
10 intention,Text,0.0
10 interested,Text,0.0
10 invest,Text,0.0
10 investor,Text,0.0
10 investors,Text,0.0
10 husband,Text,0.0
10 actually,Text,0.0
10 add,Text,0.0
10 added,Text,0.0
10 adding,Text,0.0
10 addition,Text,0.0
10 additional,Text,0.0
10 additionally,Text,0.0
10 annual,Text,0.0
10 answer,Text,0.0
10 details,Text,0.0
10 applied,Text,0.0
10 applying,Text,0.0
10 appreciate,Text,0.0
10 approved,Text,0.0
10 apr,Text,0.0
10 ask,Text,0.0
10 asked,Text,0.0
10 asking,Text,0.0
10 attempting,Text,0.0
10 apologize,Text,0.0
10 100,Text,0.0
10 13,Text,0.0
10 15,Text,0.0
10 16,Text,0.0
10 17,Text,0.0
10 18,Text,0.0
10 19,Text,0.0
10 20,Text,0.0
10 200,Text,0.0
10 acres,Text,0.0
10 2010,Text,0.0
10 25,Text,0.0
10 27,Text,0.0
10 28,Text,0.0
10 30,Text,0.0
10 31,Text,0.0
10 500,Text,0.0
10 800,Text,0.0
10 able,Text,0.0
10 2008,Text,0.0
10 college,Text,0.0
10 company,Text,0.0
10 concern,Text,0.0
10 consider,Text,0.0
10 consolidate,Text,0.0
10 consolidating,Text,0.0
10 correction,Text,0.0
10 couple,Text,0.0
10 current,Text,0.0
10 attorney,Text,0.0
10 daughter,Text,0.0
10 day,Text,0.0
10 days,Text,0.0
10 dear,Text,0.0
10 debt,Text,0.0
10 debts,Text,0.0
10 decided,Text,0.0
10 defaulted,Text,0.0
10 delinquency,Text,0.0
10 currently,Text,0.0
10 auto,Text,0.0
10 balance,Text,0.0
10 bank,Text,0.0
10 basically,Text,0.0
10 beginning,Text,0.0
10 better,Text,0.0
10 big,Text,0.0
10 bills,Text,0.0
10 borrower,Text,0.0
10 closing,Text,0.0
10 br,Text,0.0
10 budget,Text,0.0
10 building,Text,0.0
10 business,Text,0.0
10 buying,Text,0.0
10 car,Text,0.0
10 card,Text,0.0
10 cards,Text,0.0
10 child,Text,0.0
10 bought,Text,0.0
00 taxes,Text,0.0
00 thank,Text,0.0
00 thanks,Text,0.0
00 total,Text,0.0
00 transportation,Text,0.0
00 truck,Text,0.0
00 use,Text,0.0
00 used,Text,0.0
05 26,Text,0.0
00 ve,Text,0.0
00 vehicle,Text,0.0
00 week,Text,0.0
00 weeks,Text,0.0
00 work,Text,0.0
00 worth,Text,0.0
00 year,Text,0.0
00 years,Text,0.0
000 00,Text,0.0
00 utilities,Text,0.0
00 net,Text,0.0
00 new,Text,0.0
00 paid,Text,0.0
00 pay,Text,0.0
00 paying,Text,0.0
00 payment,Text,0.0
00 payments,Text,0.0
00 payoff,Text,0.0
00 personal,Text,0.0
00 student,Text,0.0
00 plan,Text,0.0
00 plus,Text,0.0
00 rate,Text,0.0
00 remaining,Text,0.0
00 rent,Text,0.0
00 rest,Text,0.0
00 saving,Text,0.0
00 savings,Text,0.0
00 stable,Text,0.0
00 phone,Text,0.0
000 annually,Text,0.0
000 apr,Text,0.0
000 asking,Text,0.0
000 available,Text,0.0
000 average,Text,0.0
000 base,Text,0.0
000 bonus,Text,0.0
000 buy,Text,0.0
000 cash,Text,0.0
000 10,Text,0.0
000 chase,Text,0.0
000 close,Text,0.0
000 closing,Text,0.0
000 consolidate,Text,0.0
000 cost,Text,0.0
000 cover,Text,0.0
000 credit,Text,0.0
000 current,Text,0.0
000 currently,Text,0.0
000 cc,Text,0.0
000 100,Text,0.0
000 11,Text,0.0
000 12,Text,0.0
000 13,Text,0.0
000 15,Text,0.0
000 16,Text,0.0
000 19,Text,0.0
000 20,Text,0.0
000 22,Text,0.0
000 annual,Text,0.0
000 30,Text,0.0
000 35,Text,0.0
000 401k,Text,0.0
000 50,Text,0.0
000 500,Text,0.0
000 able,Text,0.0
000 addition,Text,0.0
000 additional,Text,0.0
000 allow,Text,0.0
000 25,Text,0.0
00 25,Text,0.0
00 29,Text,0.0
00 300,Text,0.0
00 50,Text,0.0
00 annually,Text,0.0
00 apr,Text,0.0
00 auto,Text,0.0
00 average,Text,0.0
00 need,Text,0.0
00 balance,Text,0.0
00 bank,Text,0.0
00 buy,Text,0.0
00 cable,Text,0.0
00 capital,Text,0.0
00 car,Text,0.0
00 cards,Text,0.0
00 cell,Text,0.0
00 chase,Text,0.0
00 away,Text,0.0
yrs excellent,Text,0.0
ytd,Text,0.0
yrs working,Text,0.0
zoning,Text,0.0
home_ownership_NONE,Structured,0.0
purpose_educational,Structured,0.0
purpose_renewable_energy,Structured,0.0
purpose_wedding,Structured,0.0
00 00,Text,0.0
00 24,Text,0.0
00 12,Text,0.0
00 13,Text,0.0
00 15,Text,0.0
00 150,Text,0.0
00 16,Text,0.0
00 18,Text,0.0
00 19,Text,0.0
00 21,Text,0.0
00 22,Text,0.0
00 000,Text,0.0
00 house,Text,0.0
00 includes,Text,0.0
00 including,Text,0.0
00 income,Text,0.0
00 insurance,Text,0.0
00 just,Text,0.0
00 left,Text,0.0
00 lending,Text,0.0
00 like,Text,0.0
00 citi,Text,0.0
00 medical,Text,0.0
00 min,Text,0.0
00 minimum,Text,0.0
00 misc,Text,0.0
00 mo,Text,0.0
00 money,Text,0.0
00 monthly,Text,0.0
00 months,Text,0.0
00 mortgage,Text,0.0
00 loan,Text,0.0
00 combined,Text,0.0
00 consolidate,Text,0.0
00 credit,Text,0.0
00 current,Text,0.0
00 currently,Text,0.0
00 cut,Text,0.0
00 debt,Text,0.0
00 discover,Text,0.0
00 dollar,Text,0.0
00 home,Text,0.0
00 electric,Text,0.0
00 employed,Text,0.0
00 food,Text,0.0
00 funded,Text,0.0
00 gas,Text,0.0
00 going,Text,0.0
00 good,Text,0.0
00 groceries,Text,0.0
00 help,Text,0.0
00 dollars,Text,0.0
02 29,Text,0.0
03 19,Text,0.0
03 21,Text,0.0
03 22,Text,0.0
03 23,Text,0.0
03 25,Text,0.0
03 26,Text,0.0
03 27,Text,0.0
000 debt,Text,0.0
03 29,Text,0.0
03 30,Text,0.0
03 31,Text,0.0
03 br,Text,0.0
04 01,Text,0.0
04 02,Text,0.0
04 03,Text,0.0
04 04,Text,0.0
04 05,Text,0.0
03 28,Text,0.0
000 time,Text,0.0
000 total,Text,0.0
000 usd,Text,0.0
000 use,Text,0.0
000 used,Text,0.0
000 ve,Text,0.0
000 vehicle,Text,0.0
000 wedding,Text,0.0
000 week,Text,0.0
02 23,Text,0.0
000 worth,Text,0.0
000 year,Text,0.0
000 yearly,Text,0.0
000 yr,Text,0.0
0000,Text,0.0
01 01,Text,0.0
01 05,Text,0.0
02 01,Text,0.0
02 15,Text,0.0
000 work,Text,0.0
05 04,Text,0.0
05 05,Text,0.0
05 06,Text,0.0
05 07,Text,0.0
05 08,Text,0.0
05 09,Text,0.0
05 10,Text,0.0
05 13,Text,0.0
05 15,Text,0.0
04 06,Text,0.0
05 17,Text,0.0
05 18,Text,0.0
05 19,Text,0.0
05 20,Text,0.0
05 21,Text,0.0
05 22,Text,0.0
05 23,Text,0.0
05 24,Text,0.0
05 25,Text,0.0
05 16,Text,0.0
04 07,Text,0.0
04 10,Text,0.0
04 15,Text,0.0
04 16,Text,0.0
04 17,Text,0.0
04 19,Text,0.0
04 20,Text,0.0
04 21,Text,0.0
04 22,Text,0.0
05 03,Text,0.0
04 24,Text,0.0
04 25,Text,0.0
04 26,Text,0.0
04 27,Text,0.0
04 28,Text,0.0
04 29,Text,0.0
04 30,Text,0.0
05 01,Text,0.0
05 02,Text,0.0
04 23,Text,0.0
000 including,Text,0.0
000 income,Text,0.0
000 invested,Text,0.0
000 irs,Text,0.0
000 job,Text,0.0
000 just,Text,0.0
000 left,Text,0.0
000 lending,Text,0.0
000 like,Text,0.0
000 thanks,Text,0.0
000 loans,Text,0.0
000 looking,Text,0.0
000 make,Text,0.0
000 making,Text,0.0
000 medical,Text,0.0
000 miles,Text,0.0
000 minimum,Text,0.0
000 mo,Text,0.0
000 monthly,Text,0.0
000 loan,Text,0.0
000 dollar,Text,0.0
000 dollars,Text,0.0
000 emergency,Text,0.0
000 equity,Text,0.0
000 excellent,Text,0.0
000 expenses,Text,0.0
000 extra,Text,0.0
000 far,Text,0.0
000 finish,Text,0.0
000 house,Text,0.0
000 funds,Text,0.0
000 going,Text,0.0
000 good,Text,0.0
000 gross,Text,0.0
000 help,Text,0.0
000 high,Text,0.0
000 higher,Text,0.0
000 home,Text,0.0
000 hope,Text,0.0
000 fully,Text,0.0
000 recently,Text,0.0
000 remaining,Text,0.0
000 rent,Text,0.0
000 repair,Text,0.0
000 repairs,Text,0.0
000 rest,Text,0.0
000 sales,Text,0.0
000 saved,Text,0.0
000 savings,Text,0.0
000 mortgage,Text,0.0
000 second,Text,0.0
000 short,Text,0.0
000 spread,Text,0.0
000 square,Text,0.0
000 start,Text,0.0
000 student,Text,0.0
000 tax,Text,0.0
000 taxes,Text,0.0
000 thank,Text,0.0
000 school,Text,0.0
000 need,Text,0.0
000 needed,Text,0.0
000 net,Text,0.0
000 order,Text,0.0
000 outstanding,Text,0.0
000 paid,Text,0.0
000 past,Text,0.0
000 pay,Text,0.0
000 paying,Text,0.0
000 reason,Text,0.0
000 people,Text,0.0
000 personal,Text,0.0
000 plan,Text,0.0
000 plus,Text,0.0
000 profit,Text,0.0
000 purchase,Text,0.0
000 range,Text,0.0
000 rate,Text,0.0
000 rates,Text,0.0
000 payoff,Text,0.0
11 little,Text,0.0
11 live,Text,0.0
11 living,Text,0.0
11 ll,Text,0.0
11 load,Text,0.0
11 loans,Text,0.0
11 long,Text,0.0
11 look,Text,0.0
10 makes,Text,0.0
11 looks,Text,0.0
11 lot,Text,0.0
11 love,Text,0.0
11 lower,Text,0.0
11 main,Text,0.0
11 major,Text,0.0
11 majority,Text,0.0
11 make,Text,0.0
11 makes,Text,0.0
11 looking,Text,0.0
11 intent,Text,0.0
11 interested,Text,0.0
11 invest,Text,0.0
11 invested,Text,0.0
11 investing,Text,0.0
11 investment,Text,0.0
11 investors,Text,0.0
11 ive,Text,0.0
11 job,Text,0.0
11 like,Text,0.0
11 kitchen,Text,0.0
11 know,Text,0.0
11 large,Text,0.0
11 late,Text,0.0
11 lender,Text,0.0
11 lenders,Text,0.0
11 lending,Text,0.0
11 lendingclub,Text,0.0
11 let,Text,0.0
11 just,Text,0.0
11 open,Text,0.0
11 opening,Text,0.0
11 order,Text,0.0
11 originally,Text,0.0
11 owe,Text,0.0
11 owned,Text,0.0
11 paid,Text,0.0
11 past,Text,0.0
11 paying,Text,0.0
11 making,Text,0.0
11 payments,Text,0.0
11 payoff,Text,0.0
11 perfect,Text,0.0
11 personal,Text,0.0
11 place,Text,0.0
11 planing,Text,0.0
11 planning,Text,0.0
11 plans,Text,0.0
11 pool,Text,0.0
11 payment,Text,0.0
11 medical,Text,0.0
11 military,Text,0.0
11 miss,Text,0.0
11 missed,Text,0.0
11 money,Text,0.0
11 month,Text,0.0
11 monthly,Text,0.0
11 months,Text,0.0
11 monthy,Text,0.0
11 ok,Text,0.0
11 motorcycle,Text,0.0
11 moved,Text,0.0
11 moving,Text,0.0
11 needed,Text,0.0
11 net,Text,0.0
11 new,Text,0.0
11 nice,Text,0.0
11 note,Text,0.0
11 oh,Text,0.0
11 mortgage,Text,0.0
11 expanding,Text,0.0
11 extremely,Text,0.0
11 family,Text,0.0
11 feel,Text,0.0
11 fiance,Text,0.0
11 fico,Text,0.0
11 final,Text,0.0
11 finally,Text,0.0
11 intended,Text,0.0
11 financial,Text,0.0
11 financially,Text,0.0
11 financing,Text,0.0
11 finishing,Text,0.0
11 fixed,Text,0.0
11 following,Text,0.0
11 forgot,Text,0.0
11 free,Text,0.0
11 fully,Text,0.0
11 finance,Text,0.0
11 debts,Text,0.0
11 defaulted,Text,0.0
11 dental,Text,0.0
11 dependable,Text,0.0
11 dept,Text,0.0
11 desire,Text,0.0
11 details,Text,0.0
11 did,Text,0.0
11 doing,Text,0.0
11 existing,Text,0.0
11 eliminate,Text,0.0
11 email,Text,0.0
11 emergency,Text,0.0
11 employed,Text,0.0
11 employeed,Text,0.0
11 employer,Text,0.0
11 employment,Text,0.0
11 excellent,Text,0.0
11 excited,Text,0.0
11 don,Text,0.0
11 having,Text,0.0
11 health,Text,0.0
11 held,Text,0.0
11 help,Text,0.0
11 helping,Text,0.0
11 hey,Text,0.0
11 hi,Text,0.0
11 high,Text,0.0
11 hope,Text,0.0
11 fund,Text,0.0
11 house,Text,0.0
11 husband,Text,0.0
11 im,Text,0.0
11 income,Text,0.0
11 info,Text,0.0
11 information,Text,0.0
11 initial,Text,0.0
11 installing,Text,0.0
11 intend,Text,0.0
11 hoping,Text,0.0
11 funded,Text,0.0
11 funds,Text,0.0
11 fyi,Text,0.0
11 gainfully,Text,0.0
11 getting,Text,0.0
11 given,Text,0.0
11 goal,Text,0.0
11 going,Text,0.0
11 good,Text,0.0
11 hard,Text,0.0
11 graduated,Text,0.0
11 grateful,Text,0.0
11 great,Text,0.0
11 greatly,Text,0.0
11 greetings,Text,0.0
11 gross,Text,0.0
11 gt,Text,0.0
11 half,Text,0.0
11 happy,Text,0.0
11 got,Text,0.0
11 wife,Text,0.0
11 willing,Text,0.0
11 wish,Text,0.0
11 work,Text,0.0
11 worked,Text,0.0
11 working,Text,0.0
11 wow,Text,0.0
11 year,Text,0.0
11 present,Text,0.0
11 young,Text,0.0
11 yrs,Text,0.0
110,Text,0.0
110 00,Text,0.0
110 000,Text,0.0
110 br,Text,0.0
1100,Text,0.0
1100 00,Text,0.0
1100 br,Text,0.0
11 yes,Text,0.0
11 track,Text,0.0
11 truck,Text,0.0
11 truly,Text,0.0
11 try,Text,0.0
11 unexpected,Text,0.0
11 update,Text,0.0
11 use,Text,0.0
11 used,Text,0.0
11 using,Text,0.0
11 wedding,Text,0.0
11 vacation,Text,0.0
11 vehicle,Text,0.0
11 verified,Text,0.0
11 visa,Text,0.0
11 waiting,Text,0.0
11 want,Text,0.0
11 wanted,Text,0.0
11 wanting,Text,0.0
11 way,Text,0.0
11 utilizing,Text,0.0
12 01,Text,0.0
12 02,Text,0.0
12 03,Text,0.0
12 05,Text,0.0
12 06,Text,0.0
12 08,Text,0.0
12 100,Text,0.0
12 1000,Text,0.0
12 11,Text,0.0
1100 month,Text,0.0
12 16,Text,0.0
12 17,Text,0.0
12 18,Text,0.0
12 19,Text,0.0
12 1st,Text,0.0
12 20,Text,0.0
12 2000,Text,0.0
12 2004,Text,0.0
12 2006,Text,0.0
12 15,Text,0.0
11000,Text,0.0
110k,Text,0.0
111,Text,0.0
112,Text,0.0
113,Text,0.0
114,Text,0.0
115,Text,0.0
115 000,Text,0.0
1150,Text,0.0
12 000,Text,0.0
115k,Text,0.0
116,Text,0.0
117,Text,0.0
1175,Text,0.0
118,Text,0.0
119,Text,0.0
11k,Text,0.0
11th,Text,0.0
11yrs,Text,0.0
11500,Text,0.0
11 received,Text,0.0
11 receiving,Text,0.0
11 recent,Text,0.0
11 recently,Text,0.0
11 refinance,Text,0.0
11 refinancing,Text,0.0
11 registered,Text,0.0
11 reliable,Text,0.0
11 relocating,Text,0.0
11 total,Text,0.0
11 rental,Text,0.0
11 repair,Text,0.0
11 repay,Text,0.0
11 replace,Text,0.0
11 replacing,Text,0.0
11 request,Text,0.0
11 requested,Text,0.0
11 requesting,Text,0.0
11 responsible,Text,0.0
11 rent,Text,0.0
11 presently,Text,0.0
11 previous,Text,0.0
11 primary,Text,0.0
11 problem,Text,0.0
11 process,Text,0.0
11 professional,Text,0.0
11 provide,Text,0.0
11 public,Text,0.0
11 purchase,Text,0.0
11 receive,Text,0.0
11 purchasing,Text,0.0
11 purpose,Text,0.0
11 question,Text,0.0
11 quot,Text,0.0
11 rate,Text,0.0
11 ready,Text,0.0
11 real,Text,0.0
11 really,Text,0.0
11 reason,Text,0.0
11 purchased,Text,0.0
11 starting,Text,0.0
11 steady,Text,0.0
11 step,Text,0.0
11 strong,Text,0.0
11 student,Text,0.0
11 submitted,Text,0.0
11 swimming,Text,0.0
11 taking,Text,0.0
11 tax,Text,0.0
11 retired,Text,0.0
11 thank,Text,0.0
11 thanks,Text,0.0
11 thankyou,Text,0.0
11 thing,Text,0.0
11 think,Text,0.0
11 time,Text,0.0
11 tired,Text,0.0
11 title,Text,0.0
11 took,Text,0.0
11 teacher,Text,0.0
11 revolving,Text,0.0
11 right,Text,0.0
11 safe,Text,0.0
11 second,Text,0.0
11 secure,Text,0.0
11 seeking,Text,0.0
11 self,Text,0.0
11 selling,Text,0.0
11 short,Text,0.0
11 started,Text,0.0
11 simply,Text,0.0
11 single,Text,0.0
11 small,Text,0.0
11 sold,Text,0.0
11 solid,Text,0.0
11 son,Text,0.0
11 sorry,Text,0.0
11 spent,Text,0.0
11 start,Text,0.0
11 simple,Text,0.0
10 thank,Text,0.0
10 thanks,Text,0.0
10 thing,Text,0.0
10 things,Text,0.0
10 think,Text,0.0
10 thought,Text,0.0
10 time,Text,0.0
10 tired,Text,0.0
11 debt,Text,0.0
10 total,Text,0.0
10 travel,Text,0.0
10 truck,Text,0.0
10 trying,Text,0.0
10 typo,Text,0.0
10 unfortunately,Text,0.0
10 update,Text,0.0
10 upgrading,Text,0.0
10 used,Text,0.0
10 took,Text,0.0
10 simply,Text,0.0
10 single,Text,0.0
10 small,Text,0.0
10 sole,Text,0.0
10 solid,Text,0.0
10 son,Text,0.0
10 sorry,Text,0.0
10 spouse,Text,0.0
10 stable,Text,0.0
10 teacher,Text,0.0
10 started,Text,0.0
10 starting,Text,0.0
10 steady,Text,0.0
10 step,Text,0.0
10 student,Text,0.0
10 successful,Text,0.0
10 sure,Text,0.0
10 taking,Text,0.0
10 tax,Text,0.0
10 start,Text,0.0
100 00,Text,0.0
100 000,Text,0.0
100 150,Text,0.0
100 200,Text,0.0
100 balance,Text,0.0
100 br,Text,0.0
100 car,Text,0.0
100 cell,Text,0.0
100 committed,Text,0.0
10 using,Text,0.0
100 complete,Text,0.0
100 confident,Text,0.0
100 credit,Text,0.0
100 current,Text,0.0
100 dollars,Text,0.0
100 food,Text,0.0
100 funding,Text,0.0
100 funds,Text,0.0
100 gas,Text,0.0
100 company,Text,0.0
10 vacation,Text,0.0
10 ve,Text,0.0
10 vehicle,Text,0.0
10 verified,Text,0.0
10 want,Text,0.0
10 wanting,Text,0.0
10 way,Text,0.0
10 wedding,Text,0.0
10 wife,Text,0.0
10 yrs,Text,0.0
10 wish,Text,0.0
10 wonderful,Text,0.0
10 work,Text,0.0
10 worked,Text,0.0
10 wow,Text,0.0
10 year,Text,0.0
10 years,Text,0.0
10 yes,Text,0.0
10 young,Text,0.0
10 willing,Text,0.0
10 owe,Text,0.0
10 paid,Text,0.0
10 partner,Text,0.0
10 past,Text,0.0
10 pay,Text,0.0
10 paying,Text,0.0
10 payment,Text,0.0
10 payments,Text,0.0
10 short,Text,0.0
10 percent,Text,0.0
10 perfect,Text,0.0
10 personal,Text,0.0
10 planning,Text,0.0
10 plans,Text,0.0
10 plus,Text,0.0
10 position,Text,0.0
10 potential,Text,0.0
10 previous,Text,0.0
10 payoff,Text,0.0
10 making,Text,0.0
10 medical,Text,0.0
10 military,Text,0.0
10 missed,Text,0.0
10 money,Text,0.0
10 month,Text,0.0
10 monthly,Text,0.0
10 months,Text,0.0
10 mortgage,Text,0.0
10 order,Text,0.0
10 moved,Text,0.0
10 moving,Text,0.0
10 need,Text,0.0
10 needed,Text,0.0
10 new,Text,0.0
10 note,Text,0.0
10 noticed,Text,0.0
10 oh,Text,0.0
10 ok,Text,0.0
10 mother,Text,0.0
10 refinance,Text,0.0
10 refinancing,Text,0.0
10 registered,Text,0.0
10 reliable,Text,0.0
10 remodeling,Text,0.0
10 renovating,Text,0.0
10 requested,Text,0.0
10 requesting,Text,0.0
10 responsible,Text,0.0
10 primary,Text,0.0
10 revolving,Text,0.0
10 rsquo,Text,0.0
10 salary,Text,0.0
10 savings,Text,0.0
10 second,Text,0.0
10 secure,Text,0.0
10 seeking,Text,0.0
10 self,Text,0.0
10 sent,Text,0.0
10 retired,Text,0.0
10 proceeds,Text,0.0
10 process,Text,0.0
10 professional,Text,0.0
10 provide,Text,0.0
10 purchase,Text,0.0
10 purchased,Text,0.0
10 purchasing,Text,0.0
10 purpose,Text,0.0
10 putting,Text,0.0
10 recent,Text,0.0
10 questions,Text,0.0
10 quot,Text,0.0
10 rates,Text,0.0
10 ready,Text,0.0
10 realize,Text,0.0
10 really,Text,0.0
10 reason,Text,0.0
10 receive,Text,0.0
10 received,Text,0.0
10 question,Text,0.0
11 answer,Text,0.0
11 applied,Text,0.0
11 applying,Text,0.0
11 appreciate,Text,0.0
11 apr,Text,0.0
11 army,Text,0.0
11 asked,Text,0.0
11 asking,Text,0.0
100 insurance,Text,0.0
11 attempting,Text,0.0
11 auto,Text,0.0
11 average,Text,0.0
11 bank,Text,0.0
11 basically,Text,0.0
11 believe,Text,0.0
11 big,Text,0.0
11 bills,Text,0.0
11 boat,Text,0.0
11 assist,Text,0.0
11 26,Text,0.0
11 2nd,Text,0.0
11 500,Text,0.0
11 800,Text,0.0
11 99,Text,0.0
11 able,Text,0.0
11 accepted,Text,0.0
11 account,Text,0.0
11 accounts,Text,0.0
11 annual,Text,0.0
11 active,Text,0.0
11 actually,Text,0.0
11 add,Text,0.0
11 adding,Text,0.0
11 addition,Text,0.0
11 additional,Text,0.0
11 additionally,Text,0.0
11 allow,Text,0.0
11 american,Text,0.0
11 accumulated,Text,0.0
11 company,Text,0.0
11 complete,Text,0.0
11 completed,Text,0.0
11 concern,Text,0.0
11 consider,Text,0.0
11 consolidate,Text,0.0
11 consolidated,Text,0.0
11 consolidating,Text,0.0
11 consolidation,Text,0.0
11 borrowed,Text,0.0
11 correction,Text,0.0
11 couple,Text,0.0
11 cover,Text,0.0
11 created,Text,0.0
11 currently,Text,0.0
11 daughter,Text,0.0
11 day,Text,0.0
11 days,Text,0.0
11 debit,Text,0.0
11 continue,Text,0.0
11 borrower,Text,0.0
11 borrowing,Text,0.0
11 bought,Text,0.0
11 br,Text,0.0
11 building,Text,0.0
11 business,Text,0.0
11 buy,Text,0.0
11 buying,Text,0.0
11 capital,Text,0.0
11 combining,Text,0.0
11 card,Text,0.0
11 cards,Text,0.0
11 career,Text,0.0
11 cc,Text,0.0
11 check,Text,0.0
11 clarification,Text,0.0
11 close,Text,0.0
11 college,Text,0.0
11 combine,Text,0.0
11 car,Text,0.0
1000 br,Text,0.0
1000 credit,Text,0.0
1000 dollars,Text,0.0
1000 left,Text,0.0
1000 loan,Text,0.0
1000 mo,Text,0.0
1000 month,Text,0.0
1000 monthly,Text,0.0
1000 pay,Text,0.0
11 25,Text,0.0
1000 year,Text,0.0
10000,Text,0.0
10000 00,Text,0.0
100k,Text,0.0
100k year,Text,0.0
101,Text,0.0
102,Text,0.0
102 000,Text,0.0
103,Text,0.0
1000 payments,Text,0.0
100 loan,Text,0.0
100 minimum,Text,0.0
100 mo,Text,0.0
100 monthly,Text,0.0
100 paid,Text,0.0
100 pay,Text,0.0
100 paying,Text,0.0
100 payment,Text,0.0
100 percent,Text,0.0
1000 00,Text,0.0
100 points,Text,0.0
100 savings,Text,0.0
100 stable,Text,0.0
100 student,Text,0.0
100 time,Text,0.0
100 utilities,Text,0.0
100 year,Text,0.0
100 years,Text,0.0
1000,Text,0.0
100 phone,Text,0.0
10years,Text,0.0
10yrs,Text,0.0
11 000,Text,0.0
11 02,Text,0.0
11 03,Text,0.0
11 04,Text,0.0
11 06,Text,0.0
11 08,Text,0.0
11 100,Text,0.0
104,Text,0.0
11 15,Text,0.0
11 16,Text,0.0
11 17,Text,0.0
11 18,Text,0.0
11 19,Text,0.0
11 20,Text,0.0
11 2010,Text,0.0
11 2011,Text,0.0
11 23,Text,0.0
11 13,Text,0.0
1040,Text,0.0
105,Text,0.0
105 00,Text,0.0
105 000,Text,0.0
105 br,Text,0.0
1050,Text,0.0
10500,Text,0.0
106,Text,0.0
107,Text,0.0
10th,Text,0.0
1080,Text,0.0
109,Text,0.0
1099,Text,0.0
10k,Text,0.0
10k balance,Text,0.0
10k br,Text,0.0
10k credit,Text,0.0
10k loan,Text,0.0
10k money,Text,0.0
108,Text,0.0
advance help,Text,0.0
advance helping,Text,0.0
advance investing,Text,0.0
advance investment,Text,0.0
advance investors,Text,0.0
advance lenders,Text,0.0
advance loan,Text,0.0
advance look,Text,0.0
265,Text,0.0
advance taking,Text,0.0
advance time,Text,0.0
advance trust,Text,0.0
advanced,Text,0.0
advanced degree,Text,0.0
advancement,Text,0.0
advancement br,Text,0.0
advancements,Text,0.0
advances,Text,0.0
advance support,Text,0.0
admit,Text,0.0
admitted,Text,0.0
admittedly,Text,0.0
adopt,Text,0.0
adopted,Text,0.0
adopting,Text,0.0
adoption,Text,0.0
adoption process,Text,0.0
ads,Text,0.0
advance funding,Text,0.0
adult life,Text,0.0
adults,Text,0.0
advance,Text,0.0
advance assistance,Text,0.0
advance br,Text,0.0
advance career,Text,0.0
advance consideration,Text,0.0
advance considering,Text,0.0
advance credit,Text,0.0
adult,Text,0.0
advertising agency,Text,0.0
advertising br,Text,0.0
advertising business,Text,0.0
advertising campaign,Text,0.0
advertising costs,Text,0.0
advertising expenses,Text,0.0
advice,Text,0.0
advise,Text,0.0
advised,Text,0.0
advancing,Text,0.0
advisors,Text,0.0
advisory,Text,0.0
advisory firm,Text,0.0
aerospace,Text,0.0
affairs,Text,0.0
affairs order,Text,0.0
affected,Text,0.0
affected credit,Text,0.0
affected current,Text,0.0
advisor,Text,0.0
advancing career,Text,0.0
advanta,Text,0.0
advantage br,Text,0.0
advantage great,Text,0.0
advantage loan,Text,0.0
advantage low,Text,0.0
advantage lower,Text,0.0
advantage opportunity,Text,0.0
advantageous,Text,0.0
advertising,Text,0.0
adventure,Text,0.0
adventures,Text,0.0
adverse,Text,0.0
adversely,Text,0.0
advertise,Text,0.0
advertised,Text,0.0
advertisement,Text,0.0
advertisements,Text,0.0
advertisers,Text,0.0
advantages,Text,0.0
additional 500,Text,0.0
additional bedroom,Text,0.0
additional capital,Text,0.0
additional cash,Text,0.0
additional cost,Text,0.0
additional costs,Text,0.0
additional credit,Text,0.0
additional debt,Text,0.0
administrator,Text,0.0
additional details,Text,0.0
additional equipment,Text,0.0
additional expenses,Text,0.0
additional fees,Text,0.0
additional financial,Text,0.0
additional financing,Text,0.0
additional funding,Text,0.0
additional funds,Text,0.0
additional help,Text,0.0
additional debts,Text,0.0
addition house,Text,0.0
addition income,Text,0.0
addition job,Text,0.0
addition like,Text,0.0
addition loan,Text,0.0
addition monthly,Text,0.0
addition new,Text,0.0
addition pay,Text,0.0
addition paying,Text,0.0
additional 400,Text,0.0
addition primary,Text,0.0
addition recently,Text,0.0
addition regular,Text,0.0
addition salary,Text,0.0
addition time,Text,0.0
addition work,Text,0.0
additional 000,Text,0.0
additional 10,Text,0.0
additional 200,Text,0.0
addition plan,Text,0.0
addressing,Text,0.0
addtion,Text,0.0
addtional,Text,0.0
adequate,Text,0.0
adequately,Text,0.0
adhere,Text,0.0
adhere strict,Text,0.0
adjacent,Text,0.0
adjunct,Text,0.0
additional info,Text,0.0
adjusted,Text,0.0
adjuster,Text,0.0
adjusting,Text,0.0
adjustment,Text,0.0
adjustments,Text,0.0
admin,Text,0.0
administration,Text,0.0
administrative,Text,0.0
administrative assistant,Text,0.0
adjustable,Text,0.0
additional inventory,Text,0.0
additional loan,Text,0.0
additional medical,Text,0.0
additional money,Text,0.0
additional monies,Text,0.0
additional monthly,Text,0.0
additional note,Text,0.0
additional payment,Text,0.0
additional principal,Text,0.0
address br,Text,0.0
additional questions,Text,0.0
additional revenue,Text,0.0
additional savings,Text,0.0
additional work,Text,0.0
additional working,Text,0.0
additional years,Text,0.0
additionally,Text,0.0
additions,Text,0.0
additonal,Text,0.0
additional profit,Text,0.0
ago trying,Text,0.0
ago used,Text,0.0
ago ve,Text,0.0
ago want,Text,0.0
ago wife,Text,0.0
ago work,Text,0.0
ago worked,Text,0.0
ago working,Text,0.0
affected economy,Text,0.0
agreed,Text,0.0
agreed br,Text,0.0
agreed pay,Text,0.0
agreed payments,Text,0.0
agreed terms,Text,0.0
agreeing,Text,0.0
agreement,Text,0.0
agreement br,Text,0.0
agreements,Text,0.0
agree,Text,0.0
ago loan,Text,0.0
ago looking,Text,0.0
ago lost,Text,0.0
ago making,Text,0.0
ago medical,Text,0.0
ago missed,Text,0.0
ago moved,Text,0.0
ago need,Text,0.0
ago needed,Text,0.0
ago took,Text,0.0
ago pay,Text,0.0
ago plan,Text,0.0
ago purchased,Text,0.0
ago really,Text,0.0
ago received,Text,0.0
ago sold,Text,0.0
ago stable,Text,0.0
ago start,Text,0.0
ago time,Text,0.0
ago paid,Text,0.0
ahve,Text,0.0
aid,Text,0.0
aid paying,Text,0.0
aide,Text,0.0
aids,Text,0.0
aig,Text,0.0
ailing,Text,0.0
aim,Text,0.0
aim pay,Text,0.0
agressive,Text,0.0
aiming,Text,0.0
air,Text,0.0
air br,Text,0.0
air conditioner,Text,0.0
air conditioning,Text,0.0
air force,Text,0.0
air traffic,Text,0.0
air unit,Text,0.0
airconditioning,Text,0.0
aimed,Text,0.0
agressively,Text,0.0
agricultural,Text,0.0
agriculture,Text,0.0
ahead able,Text,0.0
ahead bills,Text,0.0
ahead br,Text,0.0
ahead credit,Text,0.0
ahead debt,Text,0.0
ahead game,Text,0.0
ahead year,Text,0.0
ahead life,Text,0.0
ahead loan,Text,0.0
ahead make,Text,0.0
ahead pay,Text,0.0
ahead rates,Text,0.0
ahead start,Text,0.0
ahead thank,Text,0.0
ahead thanks,Text,0.0
ahead time,Text,0.0
ahead high,Text,0.0
affordable housing,Text,0.0
affordable loan,Text,0.0
affordable monthly,Text,0.0
affordable pay,Text,0.0
affordable payment,Text,0.0
affordable rate,Text,0.0
afforded,Text,0.0
affording,Text,0.0
ago living,Text,0.0
affords,Text,0.0
afghanistan,Text,0.0
afloat,Text,0.0
aforementioned,Text,0.0
afraid,Text,0.0
africa,Text,0.0
afternoon,Text,0.0
afterward,Text,0.0
age 17,Text,0.0
affording monthly,Text,0.0
affecting,Text,0.0
affecting credit,Text,0.0
affects,Text,0.0
affiliate,Text,0.0
affluent,Text,0.0
afford br,Text,0.0
afford buy,Text,0.0
afford current,Text,0.0
afford loan,Text,0.0
affordable house,Text,0.0
afford monthly,Text,0.0
afford mortgage,Text,0.0
afford opportunity,Text,0.0
afford pay,Text,0.0
afford payment,Text,0.0
afford payments,Text,0.0
afford time,Text,0.0
afford want,Text,0.0
affordable br,Text,0.0
afford make,Text,0.0
ago better,Text,0.0
ago bought,Text,0.0
ago br,Text,0.0
ago caused,Text,0.0
ago credit,Text,0.0
ago current,Text,0.0
ago currently,Text,0.0
ago decided,Text,0.0
ago did,Text,0.0
age 18,Text,0.0
ago family,Text,0.0
ago got,Text,0.0
ago great,Text,0.0
ago help,Text,0.0
ago home,Text,0.0
ago just,Text,0.0
ago laid,Text,0.0
ago left,Text,0.0
ago like,Text,0.0
ago employed,Text,0.0
age br,Text,0.0
age like,Text,0.0
aged,Text,0.0
agencies,Text,0.0
agency,Text,0.0
agency br,Text,0.0
agency years,Text,0.0
agent,Text,0.0
agents,Text,0.0
ago began,Text,0.0
aggregate,Text,0.0
aggresively,Text,0.0
aggressive,Text,0.0
aggressively paid,Text,0.0
aggressively paying,Text,0.0
aging,Text,0.0
aging parents,Text,0.0
ago able,Text,0.0
ago amp,Text,0.0
ages,Text,0.0
accounts including,Text,0.0
accounts installment,Text,0.0
accounts job,Text,0.0
accounts just,Text,0.0
accounts keeping,Text,0.0
accounts late,Text,0.0
accounts lending,Text,0.0
accounts like,Text,0.0
addition going,Text,0.0
accounts looking,Text,0.0
accounts make,Text,0.0
accounts making,Text,0.0
accounts missed,Text,0.0
accounts money,Text,0.0
accounts month,Text,0.0
accounts monthly,Text,0.0
accounts need,Text,0.0
accounts negative,Text,0.0
accounts longer,Text,0.0
accounts combined,Text,0.0
accounts consolidate,Text,0.0
accounts continue,Text,0.0
accounts current,Text,0.0
accounts currently,Text,0.0
accounts debt,Text,0.0
accounts delinquent,Text,0.0
accounts easier,Text,0.0
accounts eliminate,Text,0.0
accounts immediately,Text,0.0
accounts fixed,Text,0.0
accounts free,Text,0.0
accounts going,Text,0.0
accounts good,Text,0.0
accounts great,Text,0.0
accounts help,Text,0.0
accounts high,Text,0.0
accounts higher,Text,0.0
accounts home,Text,0.0
accounts excellent,Text,0.0
accounts thanks,Text,0.0
accounts time,Text,0.0
accounts total,Text,0.0
accounts totaling,Text,0.0
accounts use,Text,0.0
accounts used,Text,0.0
accounts ve,Text,0.0
accounts want,Text,0.0
accounts working,Text,0.0
accounts open,Text,0.0
accrue debt,Text,0.0
accrued college,Text,0.0
accrued credit,Text,0.0
accrued debt,Text,0.0
accrued high,Text,0.0
accrued medical,Text,0.0
accrued past,Text,0.0
accrued paying,Text,0.0
accrued school,Text,0.0
accrue,Text,0.0
accounts opened,Text,0.0
accounts order,Text,0.0
accounts paid,Text,0.0
accounts past,Text,0.0
accounts payable,Text,0.0
accounts paying,Text,0.0
accounts payment,Text,0.0
accounts payments,Text,0.0
accounts payoff,Text,0.0
accounts thank,Text,0.0
accounts plan,Text,0.0
accounts rate,Text,0.0
accounts rates,Text,0.0
accounts receivable,Text,0.0
accounts set,Text,0.0
accounts single,Text,0.0
accounts small,Text,0.0
accounts soon,Text,0.0
accounts stable,Text,0.0
accounts personal,Text,0.0
account far,Text,0.0
account good,Text,0.0
account help,Text,0.0
account high,Text,0.0
account information,Text,0.0
account instead,Text,0.0
account just,Text,0.0
account know,Text,0.0
accounts closed,Text,0.0
account lending,Text,0.0
account like,Text,0.0
account loan,Text,0.0
account looking,Text,0.0
account lower,Text,0.0
account make,Text,0.0
account manager,Text,0.0
account money,Text,0.0
account month,Text,0.0
account late,Text,0.0
according,Text,0.0
according lending,Text,0.0
according terms,Text,0.0
accordingly,Text,0.0
account 500,Text,0.0
account automatically,Text,0.0
account balance,Text,0.0
account balances,Text,0.0
account bank,Text,0.0
account executive,Text,0.0
account close,Text,0.0
account closed,Text,0.0
account cover,Text,0.0
account credit,Text,0.0
account current,Text,0.0
account currently,Text,0.0
account debt,Text,0.0
account don,Text,0.0
account emergency,Text,0.0
account case,Text,0.0
accountability,Text,0.0
accountable,Text,0.0
accountant,Text,0.0
accountant stable,Text,0.0
accounted,Text,0.0
accounting,Text,0.0
accounting degree,Text,0.0
accounting field,Text,0.0
accounting finance,Text,0.0
account monthly,Text,0.0
accounts able,Text,0.0
accounts account,Text,0.0
accounts accounts,Text,0.0
accounts allow,Text,0.0
accounts amp,Text,0.0
accounts balances,Text,0.0
accounts better,Text,0.0
accounts chase,Text,0.0
accounts close,Text,0.0
accounting firm,Text,0.0
account need,Text,0.0
account open,Text,0.0
account order,Text,0.0
account pay,Text,0.0
account paying,Text,0.0
account payments,Text,0.0
account personal,Text,0.0
account rate,Text,0.0
account thank,Text,0.0
account years,Text,0.0
account time,Text,0.0
account use,Text,0.0
account used,Text,0.0
account using,Text,0.0
account ve,Text,0.0
account verification,Text,0.0
account verified,Text,0.0
account want,Text,0.0
account year,Text,0.0
account thanks,Text,0.0
actually save,Text,0.0
actually saving,Text,0.0
actually start,Text,0.0
actualy,Text,0.0
acura,Text,0.0
ad,Text,0.0
adamant,Text,0.0
add additional,Text,0.0
accrued time,Text,0.0
add br,Text,0.0
add credit,Text,0.0
add current,Text,0.0
add currently,Text,0.0
add debt,Text,0.0
add deck,Text,0.0
add description,Text,0.0
add details,Text,0.0
add employed,Text,0.0
add bedroom,Text,0.0
actual end,Text,0.0
actual loan,Text,0.0
actual monthly,Text,0.0
actual people,Text,0.0
actually able,Text,0.0
actually credit,Text,0.0
actually current,Text,0.0
actually debt,Text,0.0
actually feel,Text,0.0
actually plan,Text,0.0
actually going,Text,0.0
actually help,Text,0.0
actually loan,Text,0.0
actually make,Text,0.0
actually money,Text,0.0
actually need,Text,0.0
actually paid,Text,0.0
actually pay,Text,0.0
actually paying,Text,0.0
actually free,Text,0.0
added account,Text,0.0
added debt,Text,0.0
added expense,Text,0.0
added income,Text,0.0
added loan,Text,0.0
added monthly,Text,0.0
adding,Text,0.0
adding additional,Text,0.0
adding bathroom,Text,0.0
add home,Text,0.0
adding credit,Text,0.0
adding debt,Text,0.0
adding extra,Text,0.0
adding new,Text,0.0
adding pool,Text,0.0
adding savings,Text,0.0
addition br,Text,0.0
addition current,Text,0.0
addition family,Text,0.0
adding bedroom,Text,0.0
add info,Text,0.0
add information,Text,0.0
add job,Text,0.0
add late,Text,0.0
add little,Text,0.0
add loan,Text,0.0
add money,Text,0.0
add monthly,Text,0.0
add new,Text,0.0
add work,Text,0.0
add pool,Text,0.0
add room,Text,0.0
add savings,Text,0.0
add stable,Text,0.0
add swimming,Text,0.0
add thank,Text,0.0
add value,Text,0.0
add ve,Text,0.0
add wife,Text,0.0
add plan,Text,0.0
accumulated time,Text,0.0
accumulated year,Text,0.0
accumulated years,Text,0.0
accumulating,Text,0.0
accumulating debt,Text,0.0
accumulation,Text,0.0
accurate,Text,0.0
accurately,Text,0.0
accured,Text,0.0
actual balance,Text,0.0
ach,Text,0.0
acheive,Text,0.0
achievable,Text,0.0
achieve better,Text,0.0
achieve br,Text,0.0
achieve debt,Text,0.0
achieve dream,Text,0.0
achieve financial,Text,0.0
achieve goals,Text,0.0
accustomed,Text,0.0
accrued years,Text,0.0
accruing,Text,0.0
acct,Text,0.0
acct br,Text,0.0
accts,Text,0.0
accumalated,Text,0.0
accumilated,Text,0.0
accumlated,Text,0.0
accumulate,Text,0.0
accumulated school,Text,0.0
accumulated debt,Text,0.0
accumulated getting,Text,0.0
accumulated going,Text,0.0
accumulated graduate,Text,0.0
accumulated high,Text,0.0
accumulated lot,Text,0.0
accumulated medical,Text,0.0
accumulated paying,Text,0.0
accumulated result,Text,0.0
accumulated bills,Text,0.0
acreage,Text,0.0
acres,Text,0.0
acres land,Text,0.0
act,Text,0.0
acting,Text,0.0
action,Text,0.0
action br,Text,0.0
actions,Text,0.0
active,Text,0.0
achieved,Text,0.0
active duty,Text,0.0
actively,Text,0.0
actively looking,Text,0.0
actively pursuing,Text,0.0
activities,Text,0.0
activity,Text,0.0
actors,Text,0.0
acts,Text,0.0
actual,Text,0.0
active credit,Text,0.0
achievement,Text,0.0
achieving goal,Text,0.0
achieving goals,Text,0.0
acknowledge,Text,0.0
acount,Text,0.0
acounts,Text,0.0
acquire,Text,0.0
acquire loan,Text,0.0
acquired,Text,0.0
acre lot,Text,0.0
acquired credit,Text,0.0
acquired debt,Text,0.0
acquired past,Text,0.0
acquired school,Text,0.0
acquired years,Text,0.0
acquiring,Text,0.0
acquiring loan,Text,0.0
acquisition,Text,0.0
acre,Text,0.0
acquired college,Text,0.0
appraiser,Text,0.0
appreciate able,Text,0.0
appreciate assistance,Text,0.0
appreciate br,Text,0.0
appreciate chance,Text,0.0
appreciate consideration,Text,0.0
appreciate considering,Text,0.0
appreciate doing,Text,0.0
aircraft,Text,0.0
appreciate funding,Text,0.0
appreciate generosity,Text,0.0
appreciate having,Text,0.0
appreciate helping,Text,0.0
appreciate invest,Text,0.0
appreciate invested,Text,0.0
appreciate investing,Text,0.0
appreciate investment,Text,0.0
appreciate investments,Text,0.0
appreciate faith,Text,0.0
apply credit,Text,0.0
apply home,Text,0.0
apply loan,Text,0.0
apply money,Text,0.0
apply mortgage,Text,0.0
apply personal,Text,0.0
applying br,Text,0.0
applying consolidate,Text,0.0
applying debt,Text,0.0
appraised value,Text,0.0
applying lending,Text,0.0
applying loans,Text,0.0
applying personal,Text,0.0
appointment,Text,0.0
appointments,Text,0.0
apposed,Text,0.0
appox,Text,0.0
appraisal,Text,0.0
appraised,Text,0.0
applying help,Text,0.0
approached,Text,0.0
approaches,Text,0.0
approaching,Text,0.0
appropriate,Text,0.0
appropriately,Text,0.0
approval,Text,0.0
approval br,Text,0.0
approval loan,Text,0.0
approve loan,Text,0.0
appreciate investors,Text,0.0
approved credit,Text,0.0
approved help,Text,0.0
approved home,Text,0.0
approved lending,Text,0.0
approved loan,Text,0.0
approved lower,Text,0.0
approved pay,Text,0.0
approved plan,Text,0.0
approved thank,Text,0.0
approved bank,Text,0.0
appreciate lenders,Text,0.0
appreciate loan,Text,0.0
appreciate offer,Text,0.0
appreciate opportunity,Text,0.0
appreciate support,Text,0.0
appreciate taking,Text,0.0
appreciate time,Text,0.0
appreciate trust,Text,0.0
appreciate willing,Text,0.0
approach,Text,0.0
appreciated help,Text,0.0
appreciated know,Text,0.0
appreciated loan,Text,0.0
appreciated thanks,Text,0.0
appreciates,Text,0.0
appreciation,Text,0.0
appreciative,Text,0.0
appreciative loan,Text,0.0
appriciate,Text,0.0
appreciated br,Text,0.0
anytime,Text,0.0
anytime soon,Text,0.0
anyways,Text,0.0
apart,Text,0.0
apart br,Text,0.0
apartment building,Text,0.0
apartment closer,Text,0.0
apartment complex,Text,0.0
apply br,Text,0.0
apartment like,Text,0.0
apartment loan,Text,0.0
apartment need,Text,0.0
apartment new,Text,0.0
apartment rent,Text,0.0
apartment years,Text,0.0
apartments,Text,0.0
apologies,Text,0.0
apologize,Text,0.0
apartment furniture,Text,0.0
anticipate,Text,0.0
anticipate having,Text,0.0
anticipate loan,Text,0.0
anticipate paying,Text,0.0
anticipated,Text,0.0
anticipated br,Text,0.0
anticipating,Text,0.0
anticipation,Text,0.0
antique,Text,0.0
anymore thank,Text,0.0
antonio,Text,0.0
anxiety,Text,0.0
anxious,Text,0.0
anybody,Text,0.0
anymore,Text,0.0
anymore br,Text,0.0
anymore credit,Text,0.0
anymore loan,Text,0.0
anymore questions,Text,0.0
antiques,Text,0.0
appliances new,Text,0.0
applicable,Text,0.0
applicant,Text,0.0
application br,Text,0.0
application development,Text,0.0
application does,Text,0.0
application fees,Text,0.0
application like,Text,0.0
application process,Text,0.0
app,Text,0.0
application wife,Text,0.0
applications,Text,0.0
applied br,Text,0.0
applied credit,Text,0.0
applied lending,Text,0.0
applied loan,Text,0.0
applied principal,Text,0.0
applied year,Text,0.0
apply,Text,0.0
application thank,Text,0.0
app br,Text,0.0
apparel,Text,0.0
apparent,Text,0.0
apparent reason,Text,0.0
apparently,Text,0.0
appartment,Text,0.0
appeal,Text,0.0
appear,Text,0.0
appearance,Text,0.0
appliances kitchen,Text,0.0
appears,Text,0.0
apple,Text,0.0
appliance,Text,0.0
appliance br,Text,0.0
appliances,Text,0.0
appliances br,Text,0.0
appliances flooring,Text,0.0
appliances furniture,Text,0.0
appliances home,Text,0.0
appeared,Text,0.0
apr lending,Text,0.0
apr like,Text,0.0
apr loan,Text,0.0
apr loans,Text,0.0
apr looking,Text,0.0
apr lower,Text,0.0
apr make,Text,0.0
apr making,Text,0.0
approved thanks,Text,0.0
apr minimum,Text,0.0
apr missed,Text,0.0
apr monthly,Text,0.0
apr need,Text,0.0
apr order,Text,0.0
apr pay,Text,0.0
apr paying,Text,0.0
apr payment,Text,0.0
apr payments,Text,0.0
apr min,Text,0.0
apr 30,Text,0.0
apr 99,Text,0.0
apr able,Text,0.0
apr accounts,Text,0.0
apr allow,Text,0.0
apr available,Text,0.0
apr balance,Text,0.0
apr better,Text,0.0
apr card,Text,0.0
apr just,Text,0.0
apr consolidate,Text,0.0
apr current,Text,0.0
apr currently,Text,0.0
apr debt,Text,0.0
apr going,Text,0.0
apr having,Text,0.0
apr help,Text,0.0
apr high,Text,0.0
apr higher,Text,0.0
apr cards,Text,0.0
april 2011,Text,0.0
april 2012,Text,0.0
april 2013,Text,0.0
april br,Text,0.0
april year,Text,0.0
aproved,Text,0.0
aprox,Text,0.0
aprs,Text,0.0
aprs br,Text,0.0
apr percentages,Text,0.0
aprs credit,Text,0.0
aprs pay,Text,0.0
apt,Text,0.0
apx,Text,0.0
apy,Text,0.0
aquire,Text,0.0
aquired,Text,0.0
aquired debt,Text,0.0
aquiring,Text,0.0
aprs cards,Text,0.0
apr personal,Text,0.0
apr raised,Text,0.0
apr range,Text,0.0
apr ranging,Text,0.0
apr rate,Text,0.0
apr rates,Text,0.0
apr save,Text,0.0
apr stable,Text,0.0
apr thank,Text,0.0
april 2010,Text,0.0
apr time,Text,0.0
apr ve,Text,0.0
apr want,Text,0.0
apr went,Text,0.0
apr years,Text,0.0
april,Text,0.0
april 1st,Text,0.0
april 2008,Text,0.0
april 2009,Text,0.0
apr thanks,Text,0.0
approx years,Text,0.0
approximate,Text,0.0
approximate balances,Text,0.0
approximately 000,Text,0.0
approximately 10,Text,0.0
approximately 100,Text,0.0
approximately 1000,Text,0.0
approximately 11,Text,0.0
approximately 12,Text,0.0
apr 29,Text,0.0
approximately 13,Text,0.0
approximately 15,Text,0.0
approximately 1500,Text,0.0
approximately 18,Text,0.0
approximately 20,Text,0.0
approximately 200,Text,0.0
approximately 25,Text,0.0
approximately 250,Text,0.0
approximately 30,Text,0.0
approximately 1200,Text,0.0
approved use,Text,0.0
approving,Text,0.0
approving loan,Text,0.0
approx 000,Text,0.0
approx 10,Text,0.0
approx 100,Text,0.0
approx 1000,Text,0.0
approx 12,Text,0.0
approx 15k,Text,0.0
approx 700,Text,0.0
approx 200,Text,0.0
approx 2000,Text,0.0
approx 250,Text,0.0
approx 300,Text,0.0
approx 3000,Text,0.0
approx 3500,Text,0.0
approx 400,Text,0.0
approx 500,Text,0.0
approx 600,Text,0.0
approx 20,Text,0.0
appx,Text,0.0
apr 10,Text,0.0
apr 11,Text,0.0
apr 12,Text,0.0
apr 13,Text,0.0
apr 14,Text,0.0
apr 15,Text,0.0
apr 16,Text,0.0
apr 17,Text,0.0
approximately 300,Text,0.0
apr 19,Text,0.0
apr 20,Text,0.0
apr 21,Text,0.0
apr 22,Text,0.0
apr 23,Text,0.0
apr 24,Text,0.0
apr 25,Text,0.0
apr 27,Text,0.0
apr 28,Text,0.0
apr 18,Text,0.0
approximately 3000,Text,0.0
approximately 35,Text,0.0
approximately 400,Text,0.0
approximately 50,Text,0.0
approximately 500,Text,0.0
approximately 5000,Text,0.0
approximately 60,Text,0.0
approximately 600,Text,0.0
approximately 6000,Text,0.0
appt,Text,0.0
approximately 800,Text,0.0
approximately 850,Text,0.0
approximately half,Text,0.0
approximately monthly,Text,0.0
approximately months,Text,0.0
approximately year,Text,0.0
approximately years,Text,0.0
approximatley,Text,0.0
apps,Text,0.0
approximately 700,Text,0.0
allow thank,Text,0.0
allow time,Text,0.0
allow track,Text,0.0
allow use,Text,0.0
allow wife,Text,0.0
allow work,Text,0.0
allowance,Text,0.0
allowances,Text,0.0
answers questions,Text,0.0
allowed pay,Text,0.0
allowing better,Text,0.0
allowing consolidate,Text,0.0
allowing debt,Text,0.0
allowing lower,Text,0.0
allowing make,Text,0.0
allowing opportunity,Text,0.0
allowing pay,Text,0.0
allows,Text,0.0
allowed,Text,0.0
allow lower,Text,0.0
allow make,Text,0.0
allow manage,Text,0.0
allow meet,Text,0.0
allow money,Text,0.0
allow monthly,Text,0.0
allow opportunity,Text,0.0
allow payment,Text,0.0
allow payoff,Text,0.0
allow stop,Text,0.0
allow quickly,Text,0.0
allow reach,Text,0.0
allow reduce,Text,0.0
allow refinance,Text,0.0
allow repay,Text,0.0
allow repayment,Text,0.0
allow rid,Text,0.0
allow room,Text,0.0
allow save,Text,0.0
allow purchase,Text,0.0
alot things,Text,0.0
alot work,Text,0.0
alotted,Text,0.0
alotted time,Text,0.0
alright,Text,0.0
alter,Text,0.0
altered,Text,0.0
alternate,Text,0.0
alternative,Text,0.0
allows able,Text,0.0
alternatives,Text,0.0
altima,Text,0.0
altogether,Text,0.0
aluminum,Text,0.0
alway,Text,0.0
alway pay,Text,0.0
amassed,Text,0.0
amassed credit,Text,0.0
amazed,Text,0.0
alternative credit,Text,0.0
allows consolidate,Text,0.0
allows flexibility,Text,0.0
allows make,Text,0.0
allows monthly,Text,0.0
allows pay,Text,0.0
allows save,Text,0.0
allows work,Text,0.0
allstate,Text,0.0
allways,Text,0.0
alot thank,Text,0.0
alongside,Text,0.0
alot,Text,0.0
alot bills,Text,0.0
alot br,Text,0.0
alot credit,Text,0.0
alot debt,Text,0.0
alot easier,Text,0.0
alot lower,Text,0.0
alot money,Text,0.0
aloha,Text,0.0
alleviate,Text,0.0
alleviate stress,Text,0.0
allocate,Text,0.0
allocated,Text,0.0
allocating,Text,0.0
allocation,Text,0.0
allot,Text,0.0
alloted,Text,0.0
allow loan,Text,0.0
allotted,Text,0.0
allotted br,Text,0.0
allotted time,Text,0.0
allow ability,Text,0.0
allow able,Text,0.0
allow accomplish,Text,0.0
allow achieve,Text,0.0
allow actually,Text,0.0
allow add,Text,0.0
allotment,Text,0.0
airfare,Text,0.0
airline,Text,0.0
airline ticket,Text,0.0
airline tickets,Text,0.0
airlines,Text,0.0
airplane,Text,0.0
airport,Text,0.0
aka,Text,0.0
al,Text,0.0
allergies,Text,0.0
alarm,Text,0.0
albeit,Text,0.0
album,Text,0.0
align,Text,0.0
alimony,Text,0.0
alimony child,Text,0.0
alittle,Text,0.0
alive,Text,0.0
allen,Text,0.0
alabama,Text,0.0
allow easy,Text,0.0
allow eliminate,Text,0.0
allow expand,Text,0.0
allow extra,Text,0.0
allow family,Text,0.0
allow faster,Text,0.0
allow finally,Text,0.0
allow financial,Text,0.0
allow finish,Text,0.0
allow additional,Text,0.0
allow focus,Text,0.0
allow free,Text,0.0
allow grow,Text,0.0
allow happen,Text,0.0
allow help,Text,0.0
allow home,Text,0.0
allow increase,Text,0.0
allow invest,Text,0.0
allow little,Text,0.0
allow flexibility,Text,0.0
allow ahead,Text,0.0
allow begin,Text,0.0
allow better,Text,0.0
allow br,Text,0.0
allow breathing,Text,0.0
allow bring,Text,0.0
allow budget,Text,0.0
allow build,Text,0.0
allow buy,Text,0.0
allow easily,Text,0.0
allow close,Text,0.0
allow comfortably,Text,0.0
allow complete,Text,0.0
allow completely,Text,0.0
allow concentrate,Text,0.0
allow consolidation,Text,0.0
allow continue,Text,0.0
allow credit,Text,0.0
allow cut,Text,0.0
allow clear,Text,0.0
ample room,Text,0.0
amx,Text,0.0
analysis,Text,0.0
analyst br,Text,0.0
analyst fortune,Text,0.0
analyst years,Text,0.0
analysts,Text,0.0
analyze,Text,0.0
amazing br,Text,0.0
anchor,Text,0.0
android,Text,0.0
anesthesiologist,Text,0.0
anew,Text,0.0
anew br,Text,0.0
angel,Text,0.0
angeles,Text,0.0
animal,Text,0.0
animals,Text,0.0
analyzed,Text,0.0
amp paying,Text,0.0
amp payment,Text,0.0
amp personal,Text,0.0
amp plan,Text,0.0
amp rates,Text,0.0
amp responsible,Text,0.0
amp save,Text,0.0
amp stable,Text,0.0
amp start,Text,0.0
ample,Text,0.0
amp trying,Text,0.0
amp universal,Text,0.0
amp use,Text,0.0
amp using,Text,0.0
amp utilities,Text,0.0
amp want,Text,0.0
amp work,Text,0.0
amp working,Text,0.0
amp years,Text,0.0
amp time,Text,0.0
answer additional,Text,0.0
answer best,Text,0.0
answer br,Text,0.0
answer investor,Text,0.0
answer lender,Text,0.0
answer promptly,Text,0.0
answer question,Text,0.0
answer thank,Text,0.0
answer thanks,Text,0.0
ann,Text,0.0
answered,Text,0.0
answered br,Text,0.0
answered question,Text,0.0
answered questions,Text,0.0
answering,Text,0.0
answering question,Text,0.0
answering questions,Text,0.0
answers,Text,0.0
answers br,Text,0.0
answer timely,Text,0.0
anniversary,Text,0.0
anniversary br,Text,0.0
anniversary vacation,Text,0.0
announced,Text,0.0
annoying,Text,0.0
annual bonus,Text,0.0
annual bonuses,Text,0.0
annual fee,Text,0.0
annual fees,Text,0.0
ans,Text,0.0
annual percentage,Text,0.0
annual raises,Text,0.0
annual rate,Text,0.0
annual reviews,Text,0.0
annual salary,Text,0.0
annual sales,Text,0.0
annually,Text,0.0
annually br,Text,0.0
annum,Text,0.0
annual gross,Text,0.0
americorps,Text,0.0
amex balance,Text,0.0
amex blue,Text,0.0
amex br,Text,0.0
amex card,Text,0.0
amex chase,Text,0.0
amex credit,Text,0.0
amex debt,Text,0.0
amex discover,Text,0.0
amp paid,Text,0.0
amonth,Text,0.0
amortization,Text,0.0
amortized,Text,0.0
amortized loan,Text,0.0
amortizing,Text,0.0
amounted,Text,0.0
amounting,Text,0.0
amounts credit,Text,0.0
amounts debt,Text,0.0
ammount,Text,0.0
amazing job,Text,0.0
amazing opportunity,Text,0.0
amazon,Text,0.0
amazon com,Text,0.0
ambitious,Text,0.0
ambulance,Text,0.0
america account,Text,0.0
america balance,Text,0.0
america br,Text,0.0
americans,Text,0.0
america chase,Text,0.0
america credit,Text,0.0
america currently,Text,0.0
america loan,Text,0.0
america recently,Text,0.0
america visa,Text,0.0
american dream,Text,0.0
american express,Text,0.0
american general,Text,0.0
america card,Text,0.0
amp good,Text,0.0
amp great,Text,0.0
amp help,Text,0.0
amp home,Text,0.0
amp hope,Text,0.0
amp income,Text,0.0
amp insurance,Text,0.0
amp internet,Text,0.0
amp late,Text,0.0
amounts lower,Text,0.0
amp loan,Text,0.0
amp looking,Text,0.0
amp lower,Text,0.0
amp medical,Text,0.0
amp misc,Text,0.0
amp money,Text,0.0
amp monthly,Text,0.0
amp need,Text,0.0
amp new,Text,0.0
amp like,Text,0.0
amounts month,Text,0.0
amounts owed,Text,0.0
amounts pay,Text,0.0
amounts rates,Text,0.0
amout,Text,0.0
amp able,Text,0.0
amp auto,Text,0.0
amp better,Text,0.0
amp br,Text,0.0
amp gas,Text,0.0
amp close,Text,0.0
amp consolidate,Text,0.0
amp credit,Text,0.0
amp current,Text,0.0
amp currently,Text,0.0
amp debt,Text,0.0
amp expenses,Text,0.0
amp family,Text,0.0
amp food,Text,0.0
amp build,Text,0.0
45 years,Text,0.0
450,Text,0.0
450 00,Text,0.0
450 br,Text,0.0
450 credit,Text,0.0
450 month,Text,0.0
4500,Text,0.0
4500 00,Text,0.0
accordance,Text,0.0
4500 month,Text,0.0
453,Text,0.0
456,Text,0.0
458,Text,0.0
45k,Text,0.0
46,Text,0.0
46 br,Text,0.0
4600,Text,0.0
461,Text,0.0
4500 br,Text,0.0
43,Text,0.0
43 000,Text,0.0
430,Text,0.0
4300,Text,0.0
433,Text,0.0
435,Text,0.0
438,Text,0.0
44,Text,0.0
44 br,Text,0.0
45 hours,Text,0.0
4400,Text,0.0
445,Text,0.0
448,Text,0.0
45,Text,0.0
45 00,Text,0.0
45 000,Text,0.0
45 50,Text,0.0
45 br,Text,0.0
45 days,Text,0.0
440,Text,0.0
49 br,Text,0.0
490,Text,0.0
4900,Text,0.0
4900 00,Text,0.0
495,Text,0.0
495 00,Text,0.0
498,Text,0.0
499,Text,0.0
4k,Text,0.0
465,Text,0.0
4th,Text,0.0
4th year,Text,0.0
4x4,Text,0.0
4yrs,Text,0.0
50,Text,0.0
50 00,Text,0.0
50 000,Text,0.0
50 100,Text,0.0
50 50,Text,0.0
4k month,Text,0.0
47,Text,0.0
47 000,Text,0.0
470,Text,0.0
4700,Text,0.0
474,Text,0.0
475,Text,0.0
475 br,Text,0.0
475 month,Text,0.0
48,Text,0.0
48k,Text,0.0
48 month,Text,0.0
48 months,Text,0.0
480 br,Text,0.0
4800,Text,0.0
481,Text,0.0
484,Text,0.0
486,Text,0.0
487,Text,0.0
488,Text,0.0
48 000,Text,0.0
400 gas,Text,0.0
400 groceries,Text,0.0
400 insurance,Text,0.0
400 loan,Text,0.0
400 mo,Text,0.0
400 monthly,Text,0.0
400 pay,Text,0.0
400 payment,Text,0.0
42k,Text,0.0
400 taxes,Text,0.0
400 total,Text,0.0
400 utilities,Text,0.0
4000 00,Text,0.0
4000 dollars,Text,0.0
4000 loan,Text,0.0
4000 month,Text,0.0
40000,Text,0.0
400k,Text,0.0
400 rent,Text,0.0
40 br,Text,0.0
40 credit,Text,0.0
40 dollars,Text,0.0
40 hour,Text,0.0
40 hours,Text,0.0
40 hrs,Text,0.0
40 mo,Text,0.0
40 month,Text,0.0
40 percent,Text,0.0
400 dollars,Text,0.0
40 years,Text,0.0
400 00,Text,0.0
400 000,Text,0.0
400 500,Text,0.0
400 600,Text,0.0
400 balance,Text,0.0
400 br,Text,0.0
400 car,Text,0.0
400 credit,Text,0.0
40 year,Text,0.0
41 years,Text,0.0
410,Text,0.0
4100,Text,0.0
411,Text,0.0
412,Text,0.0
415,Text,0.0
417,Text,0.0
42,Text,0.0
42 00,Text,0.0
401,Text,0.0
42 br,Text,0.0
420,Text,0.0
4200,Text,0.0
4200 00,Text,0.0
421,Text,0.0
422,Text,0.0
425,Text,0.0
425 br,Text,0.0
426,Text,0.0
42 000,Text,0.0
401 br,Text,0.0
401 loan,Text,0.0
401 plan,Text,0.0
401k account,Text,0.0
401k balance,Text,0.0
401k br,Text,0.0
401k contribution,Text,0.0
401k contributions,Text,0.0
401k cover,Text,0.0
41 000,Text,0.0
401k loans,Text,0.0
401k pay,Text,0.0
401k plan,Text,0.0
401k retirement,Text,0.0
401k roth,Text,0.0
403b,Text,0.0
405,Text,0.0
40k,Text,0.0
41,Text,0.0
401k funds,Text,0.0
55 00,Text,0.0
55 000,Text,0.0
55 br,Text,0.0
550,Text,0.0
550 00,Text,0.0
550 br,Text,0.0
550 month,Text,0.0
5500,Text,0.0
50 60,Text,0.0
5500 br,Text,0.0
551,Text,0.0
552,Text,0.0
555,Text,0.0
556,Text,0.0
557,Text,0.0
55k,Text,0.0
56 00,Text,0.0
560,Text,0.0
5500 00,Text,0.0
520,Text,0.0
5200,Text,0.0
5200 00,Text,0.0
5200 br,Text,0.0
521,Text,0.0
525 00,Text,0.0
527,Text,0.0
529,Text,0.0
53,Text,0.0
55,Text,0.0
530 month,Text,0.0
5300,Text,0.0
535,Text,0.0
54 00,Text,0.0
54 br,Text,0.0
540,Text,0.0
540 month,Text,0.0
5400,Text,0.0
545,Text,0.0
530,Text,0.0
595,Text,0.0
5k,Text,0.0
5k br,Text,0.0
5k credit,Text,0.0
5k loan,Text,0.0
5k month,Text,0.0
5k pay,Text,0.0
5th,Text,0.0
5th year,Text,0.0
5600,Text,0.0
5years,Text,0.0
5yr,Text,0.0
5yrs,Text,0.0
5yrs br,Text,0.0
60,Text,0.0
60 00,Text,0.0
60 000,Text,0.0
60 70,Text,0.0
60 90,Text,0.0
5x,Text,0.0
561,Text,0.0
565,Text,0.0
57,Text,0.0
570,Text,0.0
5700,Text,0.0
572,Text,0.0
575,Text,0.0
575 month,Text,0.0
58 000,Text,0.0
592,Text,0.0
5800,Text,0.0
581,Text,0.0
583,Text,0.0
585,Text,0.0
589,Text,0.0
59,Text,0.0
59 br,Text,0.0
590,Text,0.0
5900,Text,0.0
58 br,Text,0.0
500 000,Text,0.0
500 1000,Text,0.0
500 500,Text,0.0
500 600,Text,0.0
500 700,Text,0.0
500 800,Text,0.0
500 balance,Text,0.0
500 bank,Text,0.0
500 car,Text,0.0
52 000,Text,0.0
500 company,Text,0.0
500 credit,Text,0.0
500 current,Text,0.0
500 debt,Text,0.0
500 dollars,Text,0.0
500 extra,Text,0.0
500 gas,Text,0.0
500 includes,Text,0.0
500 left,Text,0.0
500 companies,Text,0.0
50 br,Text,0.0
50 business,Text,0.0
50 car,Text,0.0
50 credit,Text,0.0
50 funded,Text,0.0
50 hours,Text,0.0
50 hrs,Text,0.0
50 income,Text,0.0
50 loan,Text,0.0
500 00,Text,0.0
50 miles,Text,0.0
50 mo,Text,0.0
50 month,Text,0.0
50 monthly,Text,0.0
50 percent,Text,0.0
50 total,Text,0.0
50 week,Text,0.0
50 year,Text,0.0
50 years,Text,0.0
50 mark,Text,0.0
5000 dollars,Text,0.0
5000 loan,Text,0.0
5000 month,Text,0.0
5000 monthly,Text,0.0
50000,Text,0.0
500k,Text,0.0
501,Text,0.0
503,Text,0.0
507,Text,0.0
500 loan,Text,0.0
50th,Text,0.0
51,Text,0.0
51 000,Text,0.0
510,Text,0.0
5100,Text,0.0
511,Text,0.0
515,Text,0.0
516,Text,0.0
52,Text,0.0
50k year,Text,0.0
500 miles,Text,0.0
500 mo,Text,0.0
500 month,Text,0.0
500 monthly,Text,0.0
500 net,Text,0.0
500 paid,Text,0.0
500 pay,Text,0.0
500 payment,Text,0.0
500 rent,Text,0.0
5000 debt,Text,0.0
500 total,Text,0.0
500 used,Text,0.0
500 utilities,Text,0.0
500 year,Text,0.0
500 years,Text,0.0
5000 00,Text,0.0
5000 balance,Text,0.0
5000 br,Text,0.0
5000 credit,Text,0.0
500 savings,Text,0.0
30 60,Text,0.0
30 apr,Text,0.0
30 br,Text,0.0
30 credit,Text,0.0
30 day,Text,0.0
30 days,Text,0.0
30 funded,Text,0.0
30 hours,Text,0.0
40 acres,Text,0.0
30 loan,Text,0.0
30 month,Text,0.0
30 monthly,Text,0.0
30 months,Text,0.0
30 pay,Text,0.0
30 percent,Text,0.0
30 plus,Text,0.0
30 rate,Text,0.0
30 rates,Text,0.0
30 like,Text,0.0
2k,Text,0.0
2k br,Text,0.0
2k month,Text,0.0
2nd car,Text,0.0
2nd child,Text,0.0
2nd home,Text,0.0
2nd job,Text,0.0
2nd lending,Text,0.0
2nd loan,Text,0.0
30 40,Text,0.0
2nd vehicle,Text,0.0
2nd year,Text,0.0
2x,Text,0.0
2years,Text,0.0
2yrs,Text,0.0
30 00,Text,0.0
30 000,Text,0.0
30 09,Text,0.0
30 24,Text,0.0
2nd time,Text,0.0
300 utilities,Text,0.0
3000 00,Text,0.0
3000 br,Text,0.0
3000 car,Text,0.0
3000 credit,Text,0.0
3000 dollars,Text,0.0
3000 loan,Text,0.0
3000 month,Text,0.0
3000 monthly,Text,0.0
30 total,Text,0.0
300k,Text,0.0
304,Text,0.0
305,Text,0.0
306,Text,0.0
307,Text,0.0
309,Text,0.0
30k,Text,0.0
30s,Text,0.0
30th,Text,0.0
3000 pay,Text,0.0
30 year,Text,0.0
30 years,Text,0.0
30 yrs,Text,0.0
300 000,Text,0.0
300 400,Text,0.0
300 500,Text,0.0
300 balance,Text,0.0
300 br,Text,0.0
300 car,Text,0.0
300 total,Text,0.0
300 dollars,Text,0.0
300 food,Text,0.0
300 gas,Text,0.0
300 loan,Text,0.0
300 mo,Text,0.0
300 month,Text,0.0
300 monthly,Text,0.0
300 rent,Text,0.0
300 student,Text,0.0
300 credit,Text,0.0
27 year,Text,0.0
27 years,Text,0.0
270,Text,0.0
2700,Text,0.0
2700 00,Text,0.0
2700 br,Text,0.0
271,Text,0.0
272,Text,0.0
29th,Text,0.0
275,Text,0.0
275 00,Text,0.0
276,Text,0.0
278,Text,0.0
27k,Text,0.0
27th,Text,0.0
28 000,Text,0.0
28 09,Text,0.0
28 11,Text,0.0
274,Text,0.0
265 br,Text,0.0
265 month,Text,0.0
2650,Text,0.0
266,Text,0.0
267,Text,0.0
268,Text,0.0
26k,Text,0.0
26th,Text,0.0
27 000,Text,0.0
27 rate,Text,0.0
27 10,Text,0.0
27 11,Text,0.0
27 24,Text,0.0
27 99,Text,0.0
27 apr,Text,0.0
27 br,Text,0.0
27 credit,Text,0.0
27 loan,Text,0.0
27 months,Text,0.0
27 09,Text,0.0
29 99,Text,0.0
29 apr,Text,0.0
29 br,Text,0.0
29 credit,Text,0.0
29 like,Text,0.0
29 loan,Text,0.0
29 rate,Text,0.0
29 year,Text,0.0
29 yrs,Text,0.0
28 99,Text,0.0
290 month,Text,0.0
2900,Text,0.0
292,Text,0.0
293,Text,0.0
294,Text,0.0
295,Text,0.0
297,Text,0.0
298,Text,0.0
299,Text,0.0
290,Text,0.0
28 apr,Text,0.0
28 br,Text,0.0
28 year,Text,0.0
28 years,Text,0.0
280,Text,0.0
280 00,Text,0.0
2800,Text,0.0
2800 00,Text,0.0
2800 br,Text,0.0
29 95,Text,0.0
283,Text,0.0
284,Text,0.0
285,Text,0.0
288,Text,0.0
28k,Text,0.0
28th,Text,0.0
29 00,Text,0.0
29 09,Text,0.0
29 24,Text,0.0
2800 month,Text,0.0
36month,Text,0.0
36months,Text,0.0
37,Text,0.0
37 000,Text,0.0
37 br,Text,0.0
37 years,Text,0.0
370,Text,0.0
370 month,Text,0.0
31 000,Text,0.0
3700 00,Text,0.0
371,Text,0.0
375,Text,0.0
375 00,Text,0.0
375 br,Text,0.0
378,Text,0.0
38,Text,0.0
38 000,Text,0.0
38 br,Text,0.0
3700,Text,0.0
359,Text,0.0
35k,Text,0.0
35k br,Text,0.0
36 000,Text,0.0
36 48,Text,0.0
36 br,Text,0.0
36 mo,Text,0.0
36 monthly,Text,0.0
36 mos,Text,0.0
36mo,Text,0.0
36 years,Text,0.0
360,Text,0.0
360 00,Text,0.0
360 month,Text,0.0
3600,Text,0.0
363,Text,0.0
364,Text,0.0
368,Text,0.0
368 00,Text,0.0
36 payments,Text,0.0
398,Text,0.0
399,Text,0.0
3d,Text,0.0
3k,Text,0.0
3k month,Text,0.0
3rd,Text,0.0
3rd year,Text,0.0
3rds,Text,0.0
3x,Text,0.0
380,Text,0.0
3years br,Text,0.0
3yr,Text,0.0
3yrs,Text,0.0
3yrs br,Text,0.0
40,Text,0.0
40 00,Text,0.0
40 000,Text,0.0
40 50,Text,0.0
40 60,Text,0.0
3years,Text,0.0
380 br,Text,0.0
3800 br,Text,0.0
381,Text,0.0
383,Text,0.0
385,Text,0.0
387,Text,0.0
388,Text,0.0
389,Text,0.0
39,Text,0.0
397,Text,0.0
39 br,Text,0.0
390,Text,0.0
3900,Text,0.0
3900 00,Text,0.0
391,Text,0.0
392,Text,0.0
394,Text,0.0
395,Text,0.0
396,Text,0.0
39 000,Text,0.0
3200,Text,0.0
3200 00,Text,0.0
3200 br,Text,0.0
32000,Text,0.0
324,Text,0.0
325,Text,0.0
325 00,Text,0.0
325 br,Text,0.0
3250,Text,0.0
358,Text,0.0
327,Text,0.0
328,Text,0.0
32k,Text,0.0
33,Text,0.0
33 000,Text,0.0
33 br,Text,0.0
33 years,Text,0.0
330,Text,0.0
330 00,Text,0.0
326,Text,0.0
31 09,Text,0.0
31 10,Text,0.0
31 11,Text,0.0
31 99,Text,0.0
31 br,Text,0.0
31 year,Text,0.0
31 years,Text,0.0
310,Text,0.0
3100,Text,0.0
320 month,Text,0.0
312,Text,0.0
313,Text,0.0
314,Text,0.0
315,Text,0.0
316,Text,0.0
317,Text,0.0
318,Text,0.0
320,Text,0.0
320 00,Text,0.0
311,Text,0.0
35 40,Text,0.0
35 apr,Text,0.0
35 br,Text,0.0
35 month,Text,0.0
35 year,Text,0.0
35 years,Text,0.0
350 br,Text,0.0
350 mo,Text,0.0
350 month,Text,0.0
3300,Text,0.0
3500 00,Text,0.0
3500 br,Text,0.0
3500 month,Text,0.0
3500 pay,Text,0.0
35000,Text,0.0
353,Text,0.0
355,Text,0.0
355 br,Text,0.0
357,Text,0.0
3500,Text,0.0
3300 00,Text,0.0
332,Text,0.0
333,Text,0.0
335,Text,0.0
335 00,Text,0.0
337,Text,0.0
339,Text,0.0
33k,Text,0.0
34,Text,0.0
35 000,Text,0.0
34 br,Text,0.0
34 years,Text,0.0
340,Text,0.0
340 month,Text,0.0
3400 00,Text,0.0
345,Text,0.0
346,Text,0.0
35,Text,0.0
35 00,Text,0.0
34 000,Text,0.0
99 amp,Text,0.0
99 apr,Text,0.0
99 balance,Text,0.0
99 bank,Text,0.0
99 card,Text,0.0
99 cards,Text,0.0
99 chase,Text,0.0
99 citi,Text,0.0
60 br,Text,0.0
99 debt,Text,0.0
99 discover,Text,0.0
99 fixed,Text,0.0
99 good,Text,0.0
99 just,Text,0.0
99 late,Text,0.0
99 lending,Text,0.0
99 like,Text,0.0
99 loan,Text,0.0
99 credit,Text,0.0
99 000,Text,0.0
99 10,Text,0.0
99 100,Text,0.0
99 12,Text,0.0
99 13,Text,0.0
99 14,Text,0.0
99 15,Text,0.0
99 17,Text,0.0
99 18,Text,0.0
99 99,Text,0.0
99 20,Text,0.0
99 200,Text,0.0
99 21,Text,0.0
99 22,Text,0.0
99 23,Text,0.0
99 24,Text,0.0
99 25,Text,0.0
99 27,Text,0.0
99 29,Text,0.0
99 19,Text,0.0
99 using,Text,0.0
99 variable,Text,0.0
99 ve,Text,0.0
99 want,Text,0.0
990,Text,0.0
992,Text,0.0
999,Text,0.0
9k,Text,0.0
9th,Text,0.0
99 lower,Text,0.0
a1,Text,0.0
a1 credit,Text,0.0
a3,Text,0.0
a4,Text,0.0
aa degree,Text,0.0
aaa,Text,0.0
aaron,Text,0.0
abilities,Text,0.0
ability,Text,0.0
9yrs,Text,0.0
99 make,Text,0.0
99 min,Text,0.0
99 minimum,Text,0.0
99 month,Text,0.0
99 monthly,Text,0.0
99 need,Text,0.0
99 new,Text,0.0
99 paid,Text,0.0
99 pay,Text,0.0
99 total,Text,0.0
99 payment,Text,0.0
99 payments,Text,0.0
99 percent,Text,0.0
99 rate,Text,0.0
99 rates,Text,0.0
99 reason,Text,0.0
99 respectively,Text,0.0
99 small,Text,0.0
99 time,Text,0.0
99 paying,Text,0.0
90 120,Text,0.0
90 apr,Text,0.0
90 br,Text,0.0
90 credit,Text,0.0
90 days,Text,0.0
90 debt,Text,0.0
90 funded,Text,0.0
90 month,Text,0.0
987,Text,0.0
900 00,Text,0.0
900 br,Text,0.0
900 credit,Text,0.0
900 month,Text,0.0
900 rent,Text,0.0
9000 00,Text,0.0
90k,Text,0.0
90k year,Text,0.0
91,Text,0.0
90 year,Text,0.0
8700,Text,0.0
875,Text,0.0
88,Text,0.0
88 br,Text,0.0
880,Text,0.0
8800,Text,0.0
882,Text,0.0
89,Text,0.0
89 00,Text,0.0
90 000,Text,0.0
890,Text,0.0
8900,Text,0.0
895,Text,0.0
8k,Text,0.0
8th,Text,0.0
8th grade,Text,0.0
8yrs,Text,0.0
90,Text,0.0
90 00,Text,0.0
89 br,Text,0.0
950 month,Text,0.0
9500,Text,0.0
9500 00,Text,0.0
95k,Text,0.0
96,Text,0.0
96 br,Text,0.0
960,Text,0.0
9600,Text,0.0
965,Text,0.0
91 000,Text,0.0
97 br,Text,0.0
975,Text,0.0
975 00,Text,0.0
98,Text,0.0
98 000,Text,0.0
98 apr,Text,0.0
98 br,Text,0.0
9800,Text,0.0
985,Text,0.0
97,Text,0.0
911,Text,0.0
918,Text,0.0
920,Text,0.0
925,Text,0.0
93,Text,0.0
930,Text,0.0
939,Text,0.0
94,Text,0.0
94 br,Text,0.0
950 00,Text,0.0
9400,Text,0.0
944,Text,0.0
945,Text,0.0
946,Text,0.0
95,Text,0.0
95 00,Text,0.0
95 000,Text,0.0
95 br,Text,0.0
950,Text,0.0
940,Text,0.0
able small,Text,0.0
able start,Text,0.0
able stay,Text,0.0
able successfully,Text,0.0
able support,Text,0.0
able things,Text,0.0
able time,Text,0.0
able track,Text,0.0
ability consolidate,Text,0.0
able work,Text,0.0
aboard,Text,0.0
abolish,Text,0.0
abroad,Text,0.0
absence,Text,0.0
absolute,Text,0.0
absolutely,Text,0.0
absolutely necessary,Text,0.0
absolutely problem,Text,0.0
able use,Text,0.0
able payments,Text,0.0
able payoff,Text,0.0
able pick,Text,0.0
able plan,Text,0.0
able provide,Text,0.0
able purchase,Text,0.0
able qualify,Text,0.0
able quot,Text,0.0
able raise,Text,0.0
able sell,Text,0.0
able receive,Text,0.0
able reduce,Text,0.0
able refinance,Text,0.0
able repay,Text,0.0
able retire,Text,0.0
able return,Text,0.0
able rid,Text,0.0
able savings,Text,0.0
able secure,Text,0.0
able reach,Text,0.0
accessible,Text,0.0
accessories,Text,0.0
accessories br,Text,0.0
accident br,Text,0.0
accidentally,Text,0.0
accidents,Text,0.0
accommodate,Text,0.0
accommodations,Text,0.0
accomodate,Text,0.0
absorbed,Text,0.0
accomplish goal,Text,0.0
accomplish goals,Text,0.0
accomplish thank,Text,0.0
accomplished,Text,0.0
accomplished br,Text,0.0
accomplishing,Text,0.0
accomplishment,Text,0.0
accomplishments,Text,0.0
accord,Text,0.0
accomplish br,Text,0.0
abuse,Text,0.0
abused,Text,0.0
abusive,Text,0.0
ac,Text,0.0
ac unit,Text,0.0
academic,Text,0.0
academy,Text,0.0
accelerate debt,Text,0.0
accelerate payoff,Text,0.0
access credit,Text,0.0
accelerated rate,Text,0.0
accept offer,Text,0.0
accept partial,Text,0.0
acceptable,Text,0.0
acceptance,Text,0.0
accepted offer,Text,0.0
accepting,Text,0.0
accepting loan,Text,0.0
access cash,Text,0.0
accelerated,Text,0.0
able budget,Text,0.0
able build,Text,0.0
able buy,Text,0.0
able care,Text,0.0
able catch,Text,0.0
able clear,Text,0.0
able close,Text,0.0
able combine,Text,0.0
able come,Text,0.0
able payment,Text,0.0
able complete,Text,0.0
able completely,Text,0.0
able consistently,Text,0.0
able consolidate,Text,0.0
able continue,Text,0.0
able contribute,Text,0.0
able control,Text,0.0
able cover,Text,0.0
able credit,Text,0.0
able comfortably,Text,0.0
ability debt,Text,0.0
ability make,Text,0.0
ability meet,Text,0.0
ability pay,Text,0.0
ability purchase,Text,0.0
ability repay,Text,0.0
ability save,Text,0.0
able accept,Text,0.0
able accomplish,Text,0.0
able breath,Text,0.0
able acquire,Text,0.0
able advantage,Text,0.0
able afford,Text,0.0
able ahead,Text,0.0
able apply,Text,0.0
able assist,Text,0.0
able attend,Text,0.0
able better,Text,0.0
able br,Text,0.0
able achieve,Text,0.0
able improve,Text,0.0
able increase,Text,0.0
able invest,Text,0.0
able job,Text,0.0
able just,Text,0.0
able light,Text,0.0
able little,Text,0.0
able live,Text,0.0
able loan,Text,0.0
able cut,Text,0.0
able manage,Text,0.0
able meet,Text,0.0
able money,Text,0.0
able monthly,Text,0.0
able negotiate,Text,0.0
able obtain,Text,0.0
able offer,Text,0.0
able paid,Text,0.0
able paying,Text,0.0
able maintain,Text,0.0
able debt,Text,0.0
able dig,Text,0.0
able double,Text,0.0
able earn,Text,0.0
able easily,Text,0.0
able eliminate,Text,0.0
able end,Text,0.0
able finally,Text,0.0
able financial,Text,0.0
able house,Text,0.0
able focus,Text,0.0
able forward,Text,0.0
able free,Text,0.0
able fully,Text,0.0
able fund,Text,0.0
able gain,Text,0.0
able grow,Text,0.0
able handle,Text,0.0
able home,Text,0.0
able finish,Text,0.0
70 years,Text,0.0
700 00,Text,0.0
700 000,Text,0.0
700 800,Text,0.0
700 br,Text,0.0
700 credit,Text,0.0
700 dollars,Text,0.0
700 loan,Text,0.0
870 br,Text,0.0
700 mo,Text,0.0
700 month,Text,0.0
700 monthly,Text,0.0
700 pay,Text,0.0
7000 00,Text,0.0
7000 br,Text,0.0
7000 credit,Text,0.0
7000 loan,Text,0.0
7000 month,Text,0.0
700 low,Text,0.0
683,Text,0.0
684,Text,0.0
685,Text,0.0
69,Text,0.0
69 br,Text,0.0
690,Text,0.0
691,Text,0.0
695,Text,0.0
699,Text,0.0
70 month,Text,0.0
6k br,Text,0.0
6th,Text,0.0
6years,Text,0.0
6yrs,Text,0.0
70,Text,0.0
70 00,Text,0.0
70 000,Text,0.0
70 br,Text,0.0
70 hours,Text,0.0
6k,Text,0.0
72 000,Text,0.0
720,Text,0.0
720 br,Text,0.0
720 credit,Text,0.0
720 late,Text,0.0
7200,Text,0.0
721,Text,0.0
724,Text,0.0
725,Text,0.0
70000,Text,0.0
727,Text,0.0
728,Text,0.0
729,Text,0.0
72k,Text,0.0
73,Text,0.0
73 br,Text,0.0
730,Text,0.0
730 br,Text,0.0
7300,Text,0.0
726,Text,0.0
700s,Text,0.0
701,Text,0.0
702,Text,0.0
703,Text,0.0
707,Text,0.0
708,Text,0.0
709,Text,0.0
70k year,Text,0.0
71,Text,0.0
72,Text,0.0
711,Text,0.0
712,Text,0.0
713,Text,0.0
714,Text,0.0
715,Text,0.0
715 br,Text,0.0
716,Text,0.0
717,Text,0.0
718,Text,0.0
710,Text,0.0
600 pay,Text,0.0
6000 00,Text,0.0
6000 loan,Text,0.0
6000 month,Text,0.0
6000 pay,Text,0.0
60000,Text,0.0
605,Text,0.0
609,Text,0.0
682,Text,0.0
61,Text,0.0
610,Text,0.0
6100,Text,0.0
613,Text,0.0
62,Text,0.0
62 br,Text,0.0
620,Text,0.0
6200,Text,0.0
625,Text,0.0
60k,Text,0.0
60 day,Text,0.0
60 days,Text,0.0
60 funded,Text,0.0
60 funding,Text,0.0
60 hours,Text,0.0
60 mo,Text,0.0
60 month,Text,0.0
60 months,Text,0.0
60 percent,Text,0.0
600 monthly,Text,0.0
60 years,Text,0.0
600 00,Text,0.0
600 000,Text,0.0
600 700,Text,0.0
600 800,Text,0.0
600 br,Text,0.0
600 dollars,Text,0.0
600 loan,Text,0.0
600 mo,Text,0.0
60 phone,Text,0.0
656,Text,0.0
65k,Text,0.0
66,Text,0.0
660,Text,0.0
6600,Text,0.0
661,Text,0.0
665,Text,0.0
667,Text,0.0
67,Text,0.0
63,Text,0.0
67 month,Text,0.0
670,Text,0.0
6700,Text,0.0
675,Text,0.0
68,Text,0.0
68 br,Text,0.0
680,Text,0.0
6800,Text,0.0
681,Text,0.0
67 br,Text,0.0
63 000,Text,0.0
630,Text,0.0
6300,Text,0.0
635,Text,0.0
636,Text,0.0
64,Text,0.0
64 br,Text,0.0
640,Text,0.0
6400,Text,0.0
655,Text,0.0
65,Text,0.0
65 00,Text,0.0
65 000,Text,0.0
65 br,Text,0.0
65 month,Text,0.0
650 00,Text,0.0
650 month,Text,0.0
6500,Text,0.0
6500 00,Text,0.0
645,Text,0.0
80 month,Text,0.0
80 years,Text,0.0
800,Text,0.0
800 00,Text,0.0
800 000,Text,0.0
800 1000,Text,0.0
800 900,Text,0.0
800 br,Text,0.0
731,Text,0.0
800 debt,Text,0.0
800 dollars,Text,0.0
800 month,Text,0.0
800 monthly,Text,0.0
800 pay,Text,0.0
800 year,Text,0.0
8000,Text,0.0
8000 00,Text,0.0
8000 br,Text,0.0
800 credit,Text,0.0
787,Text,0.0
788,Text,0.0
789,Text,0.0
79,Text,0.0
79 000,Text,0.0
79 br,Text,0.0
790,Text,0.0
792,Text,0.0
795,Text,0.0
80 hours,Text,0.0
7th,Text,0.0
7yrs,Text,0.0
80,Text,0.0
80 00,Text,0.0
80 000,Text,0.0
80 100,Text,0.0
80 20,Text,0.0
80 br,Text,0.0
80 food,Text,0.0
7k,Text,0.0
840,Text,0.0
8400,Text,0.0
845,Text,0.0
85,Text,0.0
85 000,Text,0.0
85 br,Text,0.0
85 month,Text,0.0
850 br,Text,0.0
850 month,Text,0.0
8000 credit,Text,0.0
8500 00,Text,0.0
85k,Text,0.0
86,Text,0.0
86 br,Text,0.0
860,Text,0.0
865,Text,0.0
87,Text,0.0
87 000,Text,0.0
870,Text,0.0
8500,Text,0.0
8000 loan,Text,0.0
802,Text,0.0
805,Text,0.0
806,Text,0.0
80k,Text,0.0
80k year,Text,0.0
81,Text,0.0
81 br,Text,0.0
810,Text,0.0
84,Text,0.0
815,Text,0.0
82,Text,0.0
82 000,Text,0.0
820,Text,0.0
821,Text,0.0
825,Text,0.0
83,Text,0.0
83 br,Text,0.0
835,Text,0.0
811,Text,0.0
749,Text,0.0
75,Text,0.0
75 00,Text,0.0
75 000,Text,0.0
75 apr,Text,0.0
75 br,Text,0.0
75 mo,Text,0.0
75 month,Text,0.0
75 monthly,Text,0.0
786,Text,0.0
75 years,Text,0.0
750 00,Text,0.0
750 br,Text,0.0
750 credit,Text,0.0
750 missed,Text,0.0
750 mo,Text,0.0
750 pay,Text,0.0
7500,Text,0.0
7500 00,Text,0.0
75 rate,Text,0.0
732,Text,0.0
733,Text,0.0
735,Text,0.0
736,Text,0.0
737,Text,0.0
738,Text,0.0
739,Text,0.0
74,Text,0.0
74 apr,Text,0.0
748,Text,0.0
740,Text,0.0
740 br,Text,0.0
7400,Text,0.0
741,Text,0.0
742,Text,0.0
743,Text,0.0
744,Text,0.0
745,Text,0.0
746,Text,0.0
74 br,Text,0.0
770,Text,0.0
7700,Text,0.0
771,Text,0.0
772,Text,0.0
773,Text,0.0
775,Text,0.0
775 br,Text,0.0
776,Text,0.0
777,Text,0.0
751,Text,0.0
78,Text,0.0
78 br,Text,0.0
780,Text,0.0
780 00,Text,0.0
780 br,Text,0.0
780 credit,Text,0.0
7800,Text,0.0
784,Text,0.0
785,Text,0.0
778,Text,0.0
753,Text,0.0
754,Text,0.0
755,Text,0.0
756,Text,0.0
757,Text,0.0
759,Text,0.0
75k,Text,0.0
76,Text,0.0
760,Text,0.0
77,Text,0.0
760 credit,Text,0.0
761,Text,0.0
762,Text,0.0
764,Text,0.0
765,Text,0.0
766,Text,0.0
767,Text,0.0
768,Text,0.0
769,Text,0.0
760 br,Text,0.0
goverment,Text,0.0
government agency,Text,0.0
government br,Text,0.0
government contract,Text,0.0
government contractor,Text,0.0
government contracts,Text,0.0
government employee,Text,0.0
government job,Text,0.0
consilidate debt,Text,0.0
government secure,Text,0.0
government stable,Text,0.0
government worked,Text,0.0
government years,Text,0.0
governmental,Text,0.0
govt,Text,0.0
govt job,Text,0.0
gpa,Text,0.0
gps,Text,0.0
government pay,Text,0.0
got promotion,Text,0.0
got raise,Text,0.0
got rid,Text,0.0
got second,Text,0.0
got sick,Text,0.0
got stable,Text,0.0
got steady,Text,0.0
got stuck,Text,0.0
got time,Text,0.0
gov,Text,0.0
got year,Text,0.0
gotta,Text,0.0
gotten credit,Text,0.0
gotten debt,Text,0.0
gotten high,Text,0.0
gotten little,Text,0.0
gotten point,Text,0.0
gotten rid,Text,0.0
gourmet,Text,0.0
got trouble,Text,0.0
graduate school,Text,0.0
graduate schools,Text,0.0
graduate student,Text,0.0
graduate studies,Text,0.0
graduate trying,Text,0.0
graduate work,Text,0.0
graduate working,Text,0.0
graduated 2008,Text,0.0
graduated bachelors,Text,0.0
gracious,Text,0.0
graduated master,Text,0.0
graduated masters,Text,0.0
graduated mba,Text,0.0
graduated nursing,Text,0.0
graduated university,Text,0.0
graduated working,Text,0.0
graduated year,Text,0.0
graduated years,Text,0.0
graduates,Text,0.0
graduated law,Text,0.0
graciously,Text,0.0
grad,Text,0.0
grad school,Text,0.0
grad student,Text,0.0
grade,Text,0.0
grade br,Text,0.0
grade school,Text,0.0
grade teacher,Text,0.0
grades,Text,0.0
graduate program,Text,0.0
gradually,Text,0.0
graduate,Text,0.0
graduate br,Text,0.0
graduate college,Text,0.0
graduate currently,Text,0.0
graduate degree,Text,0.0
graduate degrees,Text,0.0
graduate education,Text,0.0
graduate looking,Text,0.0
grading,Text,0.0
good stable,Text,0.0
good standing,Text,0.0
good standings,Text,0.0
good start,Text,0.0
good steady,Text,0.0
good terms,Text,0.0
good thank,Text,0.0
good thanks,Text,0.0
got promoted,Text,0.0
good things,Text,0.0
good time,Text,0.0
good track,Text,0.0
good use,Text,0.0
good used,Text,0.0
good ve,Text,0.0
good want,Text,0.0
good way,Text,0.0
good work,Text,0.0
good thing,Text,0.0
good range,Text,0.0
good rate,Text,0.0
good rates,Text,0.0
good reason,Text,0.0
good record,Text,0.0
good relationship,Text,0.0
good reliable,Text,0.0
good repayment,Text,0.0
good reputation,Text,0.0
good solid,Text,0.0
good return,Text,0.0
good reviews,Text,0.0
good risk,Text,0.0
good safe,Text,0.0
good savings,Text,0.0
good score,Text,0.0
good secure,Text,0.0
good sense,Text,0.0
good shape,Text,0.0
good responsible,Text,0.0
got good,Text,0.0
got hand,Text,0.0
got head,Text,0.0
got high,Text,0.0
got hit,Text,0.0
got involved,Text,0.0
got job,Text,0.0
got laid,Text,0.0
got letter,Text,0.0
good working,Text,0.0
got loan,Text,0.0
got lot,Text,0.0
got married,Text,0.0
got new,Text,0.0
got notice,Text,0.0
got offer,Text,0.0
got paid,Text,0.0
got pay,Text,0.0
got paying,Text,0.0
got little,Text,0.0
good year,Text,0.0
good years,Text,0.0
goodbye,Text,0.0
goodbye credit,Text,0.0
goodness,Text,0.0
goods,Text,0.0
goodyear,Text,0.0
google,Text,0.0
gooseneck,Text,0.0
got engaged,Text,0.0
got better,Text,0.0
got bit,Text,0.0
got car,Text,0.0
got cards,Text,0.0
got caught,Text,0.0
got college,Text,0.0
got control,Text,0.0
got couple,Text,0.0
got debt,Text,0.0
got approved,Text,0.0
great secure,Text,0.0
great shape,Text,0.0
great stable,Text,0.0
great standing,Text,0.0
great start,Text,0.0
great steady,Text,0.0
great strides,Text,0.0
great success,Text,0.0
graduating college,Text,0.0
great thanks,Text,0.0
great thing,Text,0.0
great things,Text,0.0
great time,Text,0.0
great track,Text,0.0
great value,Text,0.0
great website,Text,0.0
great work,Text,0.0
great year,Text,0.0
great thank,Text,0.0
great news,Text,0.0
great opportunity,Text,0.0
great option,Text,0.0
great pay,Text,0.0
great paying,Text,0.0
great payment,Text,0.0
great people,Text,0.0
great place,Text,0.0
great position,Text,0.0
great salary,Text,0.0
great pride,Text,0.0
great program,Text,0.0
great progress,Text,0.0
great rate,Text,0.0
great rates,Text,0.0
great relief,Text,0.0
great reputation,Text,0.0
great return,Text,0.0
great reviews,Text,0.0
great price,Text,0.0
green energy,Text,0.0
green loan,Text,0.0
green quot,Text,0.0
greenhouse,Text,0.0
greetings,Text,0.0
greetings br,Text,0.0
grew,Text,0.0
grid,Text,0.0
grill,Text,0.0
great years,Text,0.0
groceries,Text,0.0
groceries 200,Text,0.0
groceries 300,Text,0.0
groceries 500,Text,0.0
groceries br,Text,0.0
groceries gas,Text,0.0
groceries household,Text,0.0
grocery,Text,0.0
grocery store,Text,0.0
grip,Text,0.0
greater 20,Text,0.0
greater financial,Text,0.0
greater loan,Text,0.0
greater minimum,Text,0.0
greatest,Text,0.0
greatful,Text,0.0
greatly,Text,0.0
greatly appreciate,Text,0.0
greatly appreciated,Text,0.0
green card,Text,0.0
greatly beneficial,Text,0.0
greatly br,Text,0.0
greatly help,Text,0.0
greatly improve,Text,0.0
greatly increase,Text,0.0
greatly reduce,Text,0.0
greed,Text,0.0
greedy,Text,0.0
green,Text,0.0
greatly assist,Text,0.0
grant,Text,0.0
grant loan,Text,0.0
granted,Text,0.0
granted loan,Text,0.0
granting,Text,0.0
granting loan,Text,0.0
grants,Text,0.0
graphic design,Text,0.0
great new,Text,0.0
graphics,Text,0.0
grasp,Text,0.0
grass,Text,0.0
grateful br,Text,0.0
grateful help,Text,0.0
grateful investors,Text,0.0
grateful lending,Text,0.0
grateful loan,Text,0.0
grateful thank,Text,0.0
graphic designer,Text,0.0
graduating high,Text,0.0
graduation,Text,0.0
graduation br,Text,0.0
graduation gift,Text,0.0
grammar,Text,0.0
grand cherokee,Text,0.0
grand opening,Text,0.0
grand total,Text,0.0
grandchildren,Text,0.0
granite countertops,Text,0.0
granddaughter,Text,0.0
grandfather,Text,0.0
grandkids,Text,0.0
grandma,Text,0.0
grandmother,Text,0.0
grandparents,Text,0.0
grandson,Text,0.0
granite,Text,0.0
granite counter,Text,0.0
grandchildren br,Text,0.0
great financial,Text,0.0
great future,Text,0.0
great growth,Text,0.0
great help,Text,0.0
great history,Text,0.0
great home,Text,0.0
great house,Text,0.0
great income,Text,0.0
great investment,Text,0.0
gratefully,Text,0.0
great just,Text,0.0
great lending,Text,0.0
great loan,Text,0.0
great location,Text,0.0
great low,Text,0.0
great money,Text,0.0
great monthly,Text,0.0
great need,Text,0.0
great neighborhood,Text,0.0
great jobs,Text,0.0
gratitude,Text,0.0
gratitude br,Text,0.0
grave,Text,0.0
gravel,Text,0.0
great able,Text,0.0
great asset,Text,0.0
great benefits,Text,0.0
great borrower,Text,0.0
great borrowers,Text,0.0
great debt,Text,0.0
great business,Text,0.0
great candidate,Text,0.0
great career,Text,0.0
great company,Text,0.0
great concept,Text,0.0
great condition,Text,0.0
great credit,Text,0.0
great customer,Text,0.0
great day,Text,0.0
great br,Text,0.0
goal paid,Text,0.0
goal pay,Text,0.0
goal payoff,Text,0.0
goal plan,Text,0.0
goal purchase,Text,0.0
goal quicker,Text,0.0
goal reduce,Text,0.0
goal rid,Text,0.0
good quot,Text,0.0
goal saving,Text,0.0
goal set,Text,0.0
goal start,Text,0.0
goal thank,Text,0.0
goal thanks,Text,0.0
goal time,Text,0.0
goal use,Text,0.0
goal year,Text,0.0
goal years,Text,0.0
goal save,Text,0.0
goal eventually,Text,0.0
goal faster,Text,0.0
goal financial,Text,0.0
goal financially,Text,0.0
goal free,Text,0.0
goal getting,Text,0.0
goal greatly,Text,0.0
goal having,Text,0.0
goal help,Text,0.0
goal owning,Text,0.0
goal improve,Text,0.0
goal living,Text,0.0
goal loan,Text,0.0
goal lower,Text,0.0
goal lowering,Text,0.0
goal make,Text,0.0
goal monthly,Text,0.0
goal obtain,Text,0.0
goal oriented,Text,0.0
goal home,Text,0.0
going bank,Text,0.0
going banks,Text,0.0
going big,Text,0.0
going br,Text,0.0
going business,Text,0.0
going buy,Text,0.0
going cash,Text,0.0
going change,Text,0.0
going close,Text,0.0
goals debt,Text,0.0
going consolidate,Text,0.0
going consolidating,Text,0.0
going cost,Text,0.0
going credit,Text,0.0
going debt,Text,0.0
going different,Text,0.0
going directly,Text,0.0
going divorce,Text,0.0
going fast,Text,0.0
going college,Text,0.0
goals feel,Text,0.0
goals future,Text,0.0
goals loan,Text,0.0
goals pay,Text,0.0
goals set,Text,0.0
goals thank,Text,0.0
god bless,Text,0.0
goes br,Text,0.0
goes college,Text,0.0
going balance,Text,0.0
goes paying,Text,0.0
goes principal,Text,0.0
goes principle,Text,0.0
goes savings,Text,0.0
going 10,Text,0.0
going 11,Text,0.0
going able,Text,0.0
going allow,Text,0.0
going away,Text,0.0
goes loan,Text,0.0
gifts,Text,0.0
gifts br,Text,0.0
girl,Text,0.0
girl br,Text,0.0
girl friend,Text,0.0
girlfriend engagement,Text,0.0
girlfriend years,Text,0.0
girls,Text,0.0
goal end,Text,0.0
given br,Text,0.0
given chance,Text,0.0
given current,Text,0.0
given great,Text,0.0
given income,Text,0.0
given loan,Text,0.0
given monthly,Text,0.0
given opportunity,Text,0.0
given raise,Text,0.0
given,Text,0.0
getting payment,Text,0.0
getting personal,Text,0.0
getting questions,Text,0.0
getting raise,Text,0.0
getting ready,Text,0.0
getting really,Text,0.0
getting rid,Text,0.0
getting right,Text,0.0
getting small,Text,0.0
gifted,Text,0.0
getting things,Text,0.0
getting tired,Text,0.0
getting track,Text,0.0
getting work,Text,0.0
gi,Text,0.0
giant,Text,0.0
gift,Text,0.0
gift br,Text,0.0
gift wife,Text,0.0
getting started,Text,0.0
glide,Text,0.0
glitch,Text,0.0
global company,Text,0.0
gm,Text,0.0
gm card,Text,0.0
gmac,Text,0.0
gmat,Text,0.0
gmc,Text,0.0
goal able,Text,0.0
given stable,Text,0.0
goal close,Text,0.0
goal combine,Text,0.0
goal completely,Text,0.0
goal consolidating,Text,0.0
goal continue,Text,0.0
goal credit,Text,0.0
goal date,Text,0.0
goal eliminate,Text,0.0
goal eliminating,Text,0.0
goal buy,Text,0.0
given time,Text,0.0
gives opportunity,Text,0.0
giving,Text,0.0
giving ability,Text,0.0
giving br,Text,0.0
giving business,Text,0.0
giving chance,Text,0.0
giving credit,Text,0.0
giving loan,Text,0.0
glasses,Text,0.0
giving new,Text,0.0
giving opportunity,Text,0.0
glad,Text,0.0
glad answer,Text,0.0
glad lending,Text,0.0
gladly,Text,0.0
gladly answer,Text,0.0
gladly provide,Text,0.0
glass,Text,0.0
giving money,Text,0.0
good employee,Text,0.0
good employment,Text,0.0
good equity,Text,0.0
good evening,Text,0.0
good excellent,Text,0.0
good experience,Text,0.0
good faith,Text,0.0
good feel,Text,0.0
going forward,Text,0.0
good finances,Text,0.0
good financial,Text,0.0
good friend,Text,0.0
good gas,Text,0.0
good good,Text,0.0
good great,Text,0.0
good help,Text,0.0
good home,Text,0.0
good idea,Text,0.0
good fico,Text,0.0
good budgeting,Text,0.0
good business,Text,0.0
good bye,Text,0.0
good candidate,Text,0.0
good candidates,Text,0.0
good canidate,Text,0.0
good car,Text,0.0
good care,Text,0.0
good career,Text,0.0
good decision,Text,0.0
good chance,Text,0.0
good chunk,Text,0.0
good company,Text,0.0
good condition,Text,0.0
good current,Text,0.0
good customer,Text,0.0
good customers,Text,0.0
good day,Text,0.0
good debt,Text,0.0
good cash,Text,0.0
good opportunity,Text,0.0
good option,Text,0.0
good order,Text,0.0
good overall,Text,0.0
good pass,Text,0.0
good pay,Text,0.0
good payer,Text,0.0
good paying,Text,0.0
good payment,Text,0.0
good income,Text,0.0
good people,Text,0.0
good person,Text,0.0
good place,Text,0.0
good plan,Text,0.0
good portion,Text,0.0
good position,Text,0.0
good price,Text,0.0
good profit,Text,0.0
good progress,Text,0.0
good payments,Text,0.0
good job,Text,0.0
good jobs,Text,0.0
good just,Text,0.0
good know,Text,0.0
good late,Text,0.0
good life,Text,0.0
good like,Text,0.0
good loan,Text,0.0
good long,Text,0.0
good neighborhood,Text,0.0
good low,Text,0.0
good make,Text,0.0
good making,Text,0.0
good managing,Text,0.0
good missed,Text,0.0
good money,Text,0.0
good monthly,Text,0.0
good morning,Text,0.0
good need,Text,0.0
good looking,Text,0.0
going make,Text,0.0
going money,Text,0.0
going month,Text,0.0
going monthly,Text,0.0
going need,Text,0.0
going new,Text,0.0
going paid,Text,0.0
going paying,Text,0.0
going payment,Text,0.0
good borrowers,Text,0.0
going principal,Text,0.0
going problem,Text,0.0
going purchase,Text,0.0
going raise,Text,0.0
going right,Text,0.0
going save,Text,0.0
going savings,Text,0.0
going school,Text,0.0
going second,Text,0.0
going payoff,Text,0.0
going fund,Text,0.0
going getting,Text,0.0
going good,Text,0.0
going graduate,Text,0.0
going great,Text,0.0
going happen,Text,0.0
going help,Text,0.0
going higher,Text,0.0
going home,Text,0.0
going lower,Text,0.0
going invest,Text,0.0
going just,Text,0.0
going lending,Text,0.0
going life,Text,0.0
going like,Text,0.0
going little,Text,0.0
going loan,Text,0.0
going local,Text,0.0
going long,Text,0.0
going huge,Text,0.0
golf cart,Text,0.0
gone,Text,0.0
gone br,Text,0.0
gone budget,Text,0.0
gone credit,Text,0.0
gone loan,Text,0.0
gone thanks,Text,0.0
gone way,Text,0.0
gone year,Text,0.0
going sell,Text,0.0
gonna,Text,0.0
gonna pay,Text,0.0
gonna use,Text,0.0
good afternoon,Text,0.0
good bad,Text,0.0
good barrower,Text,0.0
good bet,Text,0.0
good bit,Text,0.0
good borrow,Text,0.0
gone years,Text,0.0
going start,Text,0.0
going strong,Text,0.0
going thank,Text,0.0
going time,Text,0.0
going try,Text,0.0
going used,Text,0.0
going using,Text,0.0
going vacation,Text,0.0
going ve,Text,0.0
golf,Text,0.0
going wedding,Text,0.0
going work,Text,0.0
going year,Text,0.0
going years,Text,0.0
gold,Text,0.0
gold option,Text,0.0
golden,Text,0.0
golden years,Text,0.0
goldwing,Text,0.0
going wait,Text,0.0
hello interested,Text,0.0
hello investors,Text,0.0
hello just,Text,0.0
hello lenders,Text,0.0
hello lending,Text,0.0
hello like,Text,0.0
hello looking,Text,0.0
hello need,Text,0.0
grocery stores,Text,0.0
hello planning,Text,0.0
hello potential,Text,0.0
hello purpose,Text,0.0
hello requesting,Text,0.0
hello seeking,Text,0.0
hello thank,Text,0.0
hello thanks,Text,0.0
hello time,Text,0.0
hello trying,Text,0.0
hello plan,Text,0.0
heavy credit,Text,0.0
heck,Text,0.0
hedge,Text,0.0
hefty,Text,0.0
height,Text,0.0
height market,Text,0.0
held current,Text,0.0
held position,Text,0.0
held steady,Text,0.0
hello hoping,Text,0.0
held years,Text,0.0
helicopter,Text,0.0
hell,Text,0.0
hellip,Text,0.0
hellip br,Text,0.0
hello applying,Text,0.0
hello credit,Text,0.0
hello currently,Text,0.0
hello fellow,Text,0.0
held time,Text,0.0
help assure,Text,0.0
help attain,Text,0.0
help avoid,Text,0.0
help balance,Text,0.0
help best,Text,0.0
help better,Text,0.0
help big,Text,0.0
help bills,Text,0.0
help boost,Text,0.0
hello using,Text,0.0
help bring,Text,0.0
help brother,Text,0.0
help budget,Text,0.0
help build,Text,0.0
help business,Text,0.0
help buy,Text,0.0
help care,Text,0.0
help cash,Text,0.0
help catch,Text,0.0
help bridge,Text,0.0
hello ve,Text,0.0
hello want,Text,0.0
hello wife,Text,0.0
heloc br,Text,0.0
heloc home,Text,0.0
heloc loan,Text,0.0
help able,Text,0.0
help accelerate,Text,0.0
help achieve,Text,0.0
help assist,Text,0.0
help additional,Text,0.0
help advance,Text,0.0
help ahead,Text,0.0
help alleviate,Text,0.0
help allow,Text,0.0
help allowing,Text,0.0
help alot,Text,0.0
help appreciate,Text,0.0
help appreciated,Text,0.0
help achieving,Text,0.0
healing,Text,0.0
health amp,Text,0.0
health benefits,Text,0.0
health br,Text,0.0
health club,Text,0.0
health dental,Text,0.0
health good,Text,0.0
health ins,Text,0.0
heavy,Text,0.0
health life,Text,0.0
health problems,Text,0.0
health wellness,Text,0.0
healthcare,Text,0.0
healthcare br,Text,0.0
healthcare company,Text,0.0
healthcare field,Text,0.0
healthcare industry,Text,0.0
healthcare job,Text,0.0
health issue,Text,0.0
having wedding,Text,0.0
having worked,Text,0.0
having worry,Text,0.0
hawaii,Text,0.0
hay,Text,0.0
hazard,Text,0.0
hd,Text,0.0
head br,Text,0.0
head debt,Text,0.0
headway paying,Text,0.0
head water,Text,0.0
head way,Text,0.0
headache,Text,0.0
headaches,Text,0.0
headed,Text,0.0
heading,Text,0.0
headquarters,Text,0.0
heads,Text,0.0
headway,Text,0.0
head start,Text,0.0
hearts,Text,0.0
heat,Text,0.0
heat air,Text,0.0
heat br,Text,0.0
heat house,Text,0.0
heat pump,Text,0.0
heater,Text,0.0
heater br,Text,0.0
heater furnace,Text,0.0
healthcare professional,Text,0.0
heath,Text,0.0
heather,Text,0.0
heating air,Text,0.0
heating br,Text,0.0
heating cooling,Text,0.0
heating oil,Text,0.0
heaven,Text,0.0
heavily,Text,0.0
heavily credit,Text,0.0
heater new,Text,0.0
healthier,Text,0.0
healthy,Text,0.0
healthy income,Text,0.0
healthy lifestyle,Text,0.0
hear,Text,0.0
hear soon,Text,0.0
heard,Text,0.0
heard good,Text,0.0
heard great,Text,0.0
heartfelt,Text,0.0
heard lendingclub,Text,0.0
heard site,Text,0.0
hearing,Text,0.0
hearing aids,Text,0.0
heart,Text,0.0
heart attack,Text,0.0
heart br,Text,0.0
heart surgery,Text,0.0
hearted,Text,0.0
heard lending,Text,0.0
help kids,Text,0.0
help knock,Text,0.0
help know,Text,0.0
help lendingclub,Text,0.0
help let,Text,0.0
help life,Text,0.0
help light,Text,0.0
help like,Text,0.0
help change,Text,0.0
help live,Text,0.0
help living,Text,0.0
help ll,Text,0.0
help loan,Text,0.0
help long,Text,0.0
help look,Text,0.0
help looking,Text,0.0
help lot,Text,0.0
help love,Text,0.0
help little,Text,0.0
help grow,Text,0.0
help having,Text,0.0
help head,Text,0.0
help helped,Text,0.0
help high,Text,0.0
help home,Text,0.0
help hoping,Text,0.0
help house,Text,0.0
help husband,Text,0.0
help just,Text,0.0
help important,Text,0.0
help improve,Text,0.0
help increase,Text,0.0
help initial,Text,0.0
help invest,Text,0.0
help investment,Text,0.0
help investors,Text,0.0
help job,Text,0.0
help jump,Text,0.0
help immensely,Text,0.0
help order,Text,0.0
help organize,Text,0.0
help paid,Text,0.0
help parents,Text,0.0
help past,Text,0.0
help payments,Text,0.0
help payoff,Text,0.0
help people,Text,0.0
help personal,Text,0.0
help lowering,Text,0.0
help possible,Text,0.0
help prepare,Text,0.0
help process,Text,0.0
help promise,Text,0.0
help provide,Text,0.0
help purchase,Text,0.0
help purchasing,Text,0.0
help quickly,Text,0.0
help quot,Text,0.0
help plan,Text,0.0
help maintain,Text,0.0
help making,Text,0.0
help manage,Text,0.0
help matter,Text,0.0
help means,Text,0.0
help medical,Text,0.0
help meet,Text,0.0
help mom,Text,0.0
help money,Text,0.0
help offset,Text,0.0
help months,Text,0.0
help mother,Text,0.0
help moving,Text,0.0
help need,Text,0.0
help needed,Text,0.0
help new,Text,0.0
help nice,Text,0.0
help obtain,Text,0.0
help offer,Text,0.0
help monthly,Text,0.0
help costs,Text,0.0
help cover,Text,0.0
help create,Text,0.0
help credit,Text,0.0
help current,Text,0.0
help cut,Text,0.0
help dad,Text,0.0
help daughter,Text,0.0
help daughters,Text,0.0
help greatly,Text,0.0
help debt,Text,0.0
help decision,Text,0.0
help doing,Text,0.0
help don,Text,0.0
help earn,Text,0.0
help ease,Text,0.0
help eliminate,Text,0.0
help end,Text,0.0
help endeavor,Text,0.0
help day,Text,0.0
help children,Text,0.0
help christmas,Text,0.0
help clean,Text,0.0
help clear,Text,0.0
help close,Text,0.0
help closer,Text,0.0
help closing,Text,0.0
help college,Text,0.0
help combine,Text,0.0
help cost,Text,0.0
help company,Text,0.0
help complete,Text,0.0
help completely,Text,0.0
help considerably,Text,0.0
help consideration,Text,0.0
help consolidating,Text,0.0
help consolidation,Text,0.0
help contribute,Text,0.0
help control,Text,0.0
help come,Text,0.0
help forward,Text,0.0
help free,Text,0.0
help fresh,Text,0.0
help friend,Text,0.0
help fulfill,Text,0.0
help fully,Text,0.0
help fund,Text,0.0
help funded,Text,0.0
help funding,Text,0.0
help establish,Text,0.0
help gain,Text,0.0
help getting,Text,0.0
help given,Text,0.0
help goal,Text,0.0
help goals,Text,0.0
help god,Text,0.0
help going,Text,0.0
help good,Text,0.0
help great,Text,0.0
help future,Text,0.0
help expedite,Text,0.0
help expenses,Text,0.0
help extra,Text,0.0
help facilitate,Text,0.0
help family,Text,0.0
help far,Text,0.0
help faster,Text,0.0
help father,Text,0.0
help feel,Text,0.0
help focus,Text,0.0
help fellow,Text,0.0
help fiance,Text,0.0
help finally,Text,0.0
help finance,Text,0.0
help financial,Text,0.0
help financially,Text,0.0
help financing,Text,0.0
help finish,Text,0.0
help fix,Text,0.0
help feet,Text,0.0
half allow,Text,0.0
half bills,Text,0.0
half cost,Text,0.0
half credit,Text,0.0
half current,Text,0.0
half currently,Text,0.0
half debt,Text,0.0
half going,Text,0.0
having use,Text,0.0
half loan,Text,0.0
half make,Text,0.0
half money,Text,0.0
half monthly,Text,0.0
half mortgage,Text,0.0
half need,Text,0.0
half paid,Text,0.0
half pay,Text,0.0
half paying,Text,0.0
half income,Text,0.0
gutted,Text,0.0
gutter,Text,0.0
gutters,Text,0.0
guy,Text,0.0
guys,Text,0.0
guys br,Text,0.0
guys help,Text,0.0
gym,Text,0.0
gym br,Text,0.0
half ago,Text,0.0
gym membership,Text,0.0
gyms,Text,0.0
habit,Text,0.0
habits,Text,0.0
hadn,Text,0.0
hail,Text,0.0
hair,Text,0.0
haiti,Text,0.0
half able,Text,0.0
gym equipment,Text,0.0
handle br,Text,0.0
handle credit,Text,0.0
handle debt,Text,0.0
handle finances,Text,0.0
handle loan,Text,0.0
handle money,Text,0.0
handle monthly,Text,0.0
handle payments,Text,0.0
handled,Text,0.0
half payment,Text,0.0
handles,Text,0.0
handling,Text,0.0
hands,Text,0.0
hands br,Text,0.0
handy,Text,0.0
hang,Text,0.0
hanging,Text,0.0
hanging head,Text,0.0
happen,Text,0.0
handler,Text,0.0
half rate,Text,0.0
half thank,Text,0.0
half time,Text,0.0
half total,Text,0.0
half used,Text,0.0
half way,Text,0.0
half wedding,Text,0.0
half year,Text,0.0
halfway,Text,0.0
handing,Text,0.0
halloween,Text,0.0
hallway,Text,0.0
hand br,Text,0.0
hand just,Text,0.0
hand like,Text,0.0
hand pay,Text,0.0
hand purchase,Text,0.0
handful,Text,0.0
handicapped,Text,0.0
hall,Text,0.0
growing,Text,0.0
growing br,Text,0.0
growing business,Text,0.0
growing company,Text,0.0
growing day,Text,0.0
growing demand,Text,0.0
growing family,Text,0.0
growing industry,Text,0.0
gut,Text,0.0
growing market,Text,0.0
growing need,Text,0.0
growing quickly,Text,0.0
growing rapidly,Text,0.0
growing stable,Text,0.0
growing year,Text,0.0
grown,Text,0.0
grown year,Text,0.0
grows,Text,0.0
growing just,Text,0.0
groom,Text,0.0
grooming,Text,0.0
gross household,Text,0.0
gross income,Text,0.0
gross monthly,Text,0.0
gross profit,Text,0.0
gross revenue,Text,0.0
gross salary,Text,0.0
gross sales,Text,0.0
grow company,Text,0.0
grossed,Text,0.0
grosses,Text,0.0
ground pool,Text,0.0
ground swimming,Text,0.0
grounds,Text,0.0
group,Text,0.0
group home,Text,0.0
groups,Text,0.0
grow br,Text,0.0
gross yearly,Text,0.0
guaranteed paid,Text,0.0
guaranteed pay,Text,0.0
guaranteed return,Text,0.0
guaranteed salary,Text,0.0
guaranteed years,Text,0.0
guarantees,Text,0.0
guarenteed,Text,0.0
guess,Text,0.0
guest,Text,0.0
growth,Text,0.0
guidance,Text,0.0
guide,Text,0.0
guidelines,Text,0.0
guilty,Text,0.0
guitar,Text,0.0
gulf,Text,0.0
gun,Text,0.0
gunite,Text,0.0
guranteed,Text,0.0
guests,Text,0.0
growth br,Text,0.0
growth business,Text,0.0
growth company,Text,0.0
growth opportunities,Text,0.0
growth past,Text,0.0
growth potential,Text,0.0
growth year,Text,0.0
growth years,Text,0.0
gs,Text,0.0
guaranteed investment,Text,0.0
gs 12,Text,0.0
gs 13,Text,0.0
gt,Text,0.0
guarantee br,Text,0.0
guarantee pay,Text,0.0
guaranteed,Text,0.0
guaranteed 40,Text,0.0
guaranteed br,Text,0.0
guaranteed income,Text,0.0
gs 11,Text,0.0
haven missed,Text,0.0
haven paid,Text,0.0
haven rsquo,Text,0.0
haven seen,Text,0.0
haven used,Text,0.0
havent,Text,0.0
havent late,Text,0.0
having baby,Text,0.0
happen br,Text,0.0
having bills,Text,0.0
having cash,Text,0.0
having child,Text,0.0
having children,Text,0.0
having credit,Text,0.0
having deal,Text,0.0
having debt,Text,0.0
having different,Text,0.0
having difficult,Text,0.0
having balance,Text,0.0
hardworking person,Text,0.0
harley davidson,Text,0.0
harm,Text,0.0
hartford,Text,0.0
harvard,Text,0.0
harvesting,Text,0.0
hasn,Text,0.0
hassel,Text,0.0
hassle,Text,0.0
haven late,Text,0.0
hate,Text,0.0
hate debt,Text,0.0
hate having,Text,0.0
hate paying,Text,0.0
haul,Text,0.0
hauling,Text,0.0
haveing,Text,0.0
haven,Text,0.0
haven able,Text,0.0
hassles,Text,0.0
having new,Text,0.0
having paid,Text,0.0
having paying,Text,0.0
having payment,Text,0.0
having payments,Text,0.0
having problem,Text,0.0
having problems,Text,0.0
having rate,Text,0.0
having received,Text,0.0
having difficulty,Text,0.0
having revolving,Text,0.0
having set,Text,0.0
having single,Text,0.0
having small,Text,0.0
having stable,Text,0.0
having steady,Text,0.0
having surgery,Text,0.0
having time,Text,0.0
having trouble,Text,0.0
having recently,Text,0.0
having easy,Text,0.0
having excellent,Text,0.0
having faith,Text,0.0
having family,Text,0.0
having financial,Text,0.0
having funds,Text,0.0
having good,Text,0.0
having great,Text,0.0
having hard,Text,0.0
having multiple,Text,0.0
having high,Text,0.0
having job,Text,0.0
having just,Text,0.0
having late,Text,0.0
having little,Text,0.0
having low,Text,0.0
having lower,Text,0.0
having missed,Text,0.0
having money,Text,0.0
having help,Text,0.0
happy pay,Text,0.0
happy provide,Text,0.0
happy respond,Text,0.0
happy say,Text,0.0
hard ahead,Text,0.0
hard br,Text,0.0
hard build,Text,0.0
hard credit,Text,0.0
hard debt,Text,0.0
hardworking individual,Text,0.0
hard economic,Text,0.0
hard eliminate,Text,0.0
hard ensure,Text,0.0
hard establish,Text,0.0
hard financial,Text,0.0
hard good,Text,0.0
hard great,Text,0.0
hard improve,Text,0.0
hard just,Text,0.0
hard earned,Text,0.0
happen thank,Text,0.0
happened,Text,0.0
happening,Text,0.0
happens,Text,0.0
happens br,Text,0.0
happier,Text,0.0
happily,Text,0.0
happily answer,Text,0.0
happily employed,Text,0.0
happy opportunity,Text,0.0
happiness,Text,0.0
happy answer,Text,0.0
happy br,Text,0.0
happy help,Text,0.0
happy holidays,Text,0.0
happy investing,Text,0.0
happy lending,Text,0.0
happy loan,Text,0.0
happy new,Text,0.0
happily married,Text,0.0
hard work,Text,0.0
hard worker,Text,0.0
hard working,Text,0.0
hard years,Text,0.0
harder,Text,0.0
harder pay,Text,0.0
hardest,Text,0.0
hardly,Text,0.0
hardship,Text,0.0
hard keeping,Text,0.0
hardships,Text,0.0
hardships br,Text,0.0
hardware,Text,0.0
hardware software,Text,0.0
hardwood,Text,0.0
hardwood floor,Text,0.0
hardwood flooring,Text,0.0
hardwood floors,Text,0.0
hardworking,Text,0.0
hardship br,Text,0.0
hard lesson,Text,0.0
hard life,Text,0.0
hard loan,Text,0.0
hard maintain,Text,0.0
hard manage,Text,0.0
hard money,Text,0.0
hard past,Text,0.0
hard pay,Text,0.0
hard paying,Text,0.0
hard wood,Text,0.0
hard reduce,Text,0.0
hard save,Text,0.0
hard stay,Text,0.0
hard time,Text,0.0
hard times,Text,0.0
hard track,Text,0.0
hard trying,Text,0.0
hard want,Text,0.0
hard way,Text,0.0
hard rebuild,Text,0.0
following bills,Text,0.0
following br,Text,0.0
following cards,Text,0.0
following college,Text,0.0
following credit,Text,0.0
following dave,Text,0.0
following debt,Text,0.0
following debts,Text,0.0
getting paying,Text,0.0
following items,Text,0.0
following loans,Text,0.0
following month,Text,0.0
following monthly,Text,0.0
following months,Text,0.0
following reasons,Text,0.0
following year,Text,0.0
follows,Text,0.0
follows br,Text,0.0
following expenses,Text,0.0
focus getting,Text,0.0
focus loan,Text,0.0
focus making,Text,0.0
focus pay,Text,0.0
focus paying,Text,0.0
focus payment,Text,0.0
focus saving,Text,0.0
focus school,Text,0.0
focused getting,Text,0.0
following balances,Text,0.0
focuses,Text,0.0
focusing,Text,0.0
fold,Text,0.0
follow,Text,0.0
follow br,Text,0.0
follow strict,Text,0.0
follow suit,Text,0.0
followed br,Text,0.0
following,Text,0.0
focused paying,Text,0.0
food industry,Text,0.0
food insurance,Text,0.0
food misc,Text,0.0
food necessities,Text,0.0
food rent,Text,0.0
food service,Text,0.0
food store,Text,0.0
food table,Text,0.0
food truck,Text,0.0
follows rent,Text,0.0
foods,Text,0.0
foolish,Text,0.0
foolishly,Text,0.0
foot,Text,0.0
foot br,Text,0.0
foot traffic,Text,0.0
football,Text,0.0
footing,Text,0.0
footprint,Text,0.0
food utilities,Text,0.0
food 100,Text,0.0
food 150,Text,0.0
food 200,Text,0.0
food 250,Text,0.0
food 300,Text,0.0
food 350,Text,0.0
food 400,Text,0.0
food 450,Text,0.0
food 500,Text,0.0
food household,Text,0.0
food amp,Text,0.0
food approx,Text,0.0
food beverage,Text,0.0
food bills,Text,0.0
food br,Text,0.0
food car,Text,0.0
food clothing,Text,0.0
food entertainment,Text,0.0
food expenses,Text,0.0
food 600,Text,0.0
flexible,Text,0.0
flexible spending,Text,0.0
flight,Text,0.0
flights,Text,0.0
flip,Text,0.0
float,Text,0.0
flooded,Text,0.0
floor,Text,0.0
focus future,Text,0.0
floor br,Text,0.0
floor covering,Text,0.0
floor kitchen,Text,0.0
flooring,Text,0.0
flooring br,Text,0.0
flooring home,Text,0.0
flooring house,Text,0.0
flooring kitchen,Text,0.0
flooring paint,Text,0.0
floor bathroom,Text,0.0
fixed terms,Text,0.0
fixed time,Text,0.0
fixed years,Text,0.0
fixer,Text,0.0
fixer upper,Text,0.0
fixes,Text,0.0
fixing,Text,0.0
fixing car,Text,0.0
fixing home,Text,0.0
flexibility,Text,0.0
fixtures,Text,0.0
fixtures br,Text,0.0
fl,Text,0.0
flat,Text,0.0
flat fee,Text,0.0
flat screen,Text,0.0
flawless credit,Text,0.0
flawless payment,Text,0.0
fleet,Text,0.0
fixing house,Text,0.0
flow problem,Text,0.0
flow savings,Text,0.0
flow situation,Text,0.0
flow thank,Text,0.0
flowers,Text,0.0
flowing,Text,0.0
flows,Text,0.0
fluctuate,Text,0.0
fluctuates,Text,0.0
floors br,Text,0.0
fluctuating rates,Text,0.0
fluctuations,Text,0.0
fly,Text,0.0
flying,Text,0.0
fo,Text,0.0
foam,Text,0.0
focus building,Text,0.0
focus debt,Text,0.0
focus financial,Text,0.0
fluctuating,Text,0.0
floors home,Text,0.0
floors house,Text,0.0
floors kitchen,Text,0.0
floors new,Text,0.0
florida br,Text,0.0
florida years,Text,0.0
florist,Text,0.0
flourishing,Text,0.0
flow able,Text,0.0
flow positive,Text,0.0
flow better,Text,0.0
flow br,Text,0.0
flow business,Text,0.0
flow debt,Text,0.0
flow loan,Text,0.0
flow lower,Text,0.0
flow month,Text,0.0
flow monthly,Text,0.0
flow pay,Text,0.0
flow allow,Text,0.0
forward putting,Text,0.0
forward questions,Text,0.0
forward quot,Text,0.0
forward receiving,Text,0.0
forward starting,Text,0.0
forward taking,Text,0.0
forward thanks,Text,0.0
forward years,Text,0.0
force,Text,0.0
foster care,Text,0.0
fought,Text,0.0
foundation,Text,0.0
foundation repair,Text,0.0
founded,Text,0.0
founder,Text,0.0
fourteen,Text,0.0
fourth,Text,0.0
fourth year,Text,0.0
foster,Text,0.0
forward free,Text,0.0
forward future,Text,0.0
forward getting,Text,0.0
forward great,Text,0.0
forward having,Text,0.0
forward hearing,Text,0.0
forward help,Text,0.0
forward helping,Text,0.0
forward investing,Text,0.0
forward positive,Text,0.0
forward just,Text,0.0
forward lender,Text,0.0
forward life,Text,0.0
forward living,Text,0.0
forward loan,Text,0.0
forward making,Text,0.0
forward new,Text,0.0
forward opportunity,Text,0.0
forward paying,Text,0.0
forward investor,Text,0.0
free 10,Text,0.0
free 2011,Text,0.0
free 2013,Text,0.0
free 2014,Text,0.0
free 2015,Text,0.0
free 24,Text,0.0
free 300,Text,0.0
free 36,Text,0.0
free 3yrs,Text,0.0
foward,Text,0.0
free additional,Text,0.0
free amp,Text,0.0
free asap,Text,0.0
free burden,Text,0.0
free capital,Text,0.0
free car,Text,0.0
free cash,Text,0.0
free clear,Text,0.0
free company,Text,0.0
free able,Text,0.0
frac12,Text,0.0
fraction,Text,0.0
frame br,Text,0.0
frame debt,Text,0.0
frame pay,Text,0.0
frame years,Text,0.0
frames,Text,0.0
framing,Text,0.0
france,Text,0.0
fraudulent,Text,0.0
franchise br,Text,0.0
franchise business,Text,0.0
franchise fee,Text,0.0
franchised,Text,0.0
franchises,Text,0.0
francisco,Text,0.0
frank,Text,0.0
frankly,Text,0.0
fraud,Text,0.0
franchise,Text,0.0
foreclosed house,Text,0.0
foreclosed property,Text,0.0
foreclosure br,Text,0.0
foreclosure property,Text,0.0
foreclosures,Text,0.0
foreign,Text,0.0
foreman,Text,0.0
foremost,Text,0.0
foresee,Text,0.0
forward financially,Text,0.0
foreseeable future,Text,0.0
forest,Text,0.0
forever,Text,0.0
forever br,Text,0.0
forever grateful,Text,0.0
forever pay,Text,0.0
forget,Text,0.0
forgive,Text,0.0
forgo,Text,0.0
foreseeable,Text,0.0
force pay,Text,0.0
forced,Text,0.0
forced live,Text,0.0
forced make,Text,0.0
forced pay,Text,0.0
forced use,Text,0.0
forces,Text,0.0
forcing,Text,0.0
forclosed,Text,0.0
foreclosed home,Text,0.0
ford,Text,0.0
ford credit,Text,0.0
ford explorer,Text,0.0
ford f150,Text,0.0
ford motor,Text,0.0
ford mustang,Text,0.0
fore,Text,0.0
forecast,Text,0.0
foreclosed,Text,0.0
forclosure,Text,0.0
fortunate work,Text,0.0
fortunately,Text,0.0
fortune,Text,0.0
fortune 100,Text,0.0
fortune 50,Text,0.0
fortune 500,Text,0.0
forum,Text,0.0
forward able,Text,0.0
forward answering,Text,0.0
forgot,Text,0.0
forward building,Text,0.0
forward completing,Text,0.0
forward consolidating,Text,0.0
forward credit,Text,0.0
forward day,Text,0.0
forward debt,Text,0.0
forward doing,Text,0.0
forward eliminating,Text,0.0
forward financial,Text,0.0
forward br,Text,0.0
forgot add,Text,0.0
forgot include,Text,0.0
forgot mention,Text,0.0
forgotten,Text,0.0
form lending,Text,0.0
form loan,Text,0.0
formal,Text,0.0
format,Text,0.0
formed,Text,0.0
fortunate job,Text,0.0
formula,Text,0.0
forsee,Text,0.0
forseeable,Text,0.0
forseeable future,Text,0.0
fort,Text,0.0
fort worth,Text,0.0
forth,Text,0.0
forth work,Text,0.0
fortunate,Text,0.0
forms,Text,0.0
financial help,Text,0.0
financial history,Text,0.0
financial house,Text,0.0
financial independence,Text,0.0
financial industry,Text,0.0
financial information,Text,0.0
financial institution,Text,0.0
financial institutions,Text,0.0
fixed term,Text,0.0
financial issues,Text,0.0
financial life,Text,0.0
financial loan,Text,0.0
financial management,Text,0.0
financial markets,Text,0.0
financial matters,Text,0.0
financial means,Text,0.0
financial meltdown,Text,0.0
financial mistakes,Text,0.0
financial investment,Text,0.0
financial bind,Text,0.0
financial budget,Text,0.0
financial burden,Text,0.0
financial choices,Text,0.0
financial commitment,Text,0.0
financial commitments,Text,0.0
financial credit,Text,0.0
financial crisis,Text,0.0
financial debt,Text,0.0
financial hardships,Text,0.0
financial decisions,Text,0.0
financial difficulties,Text,0.0
financial difficulty,Text,0.0
financial field,Text,0.0
financial flexibility,Text,0.0
financial footing,Text,0.0
financial future,Text,0.0
financial goal,Text,0.0
financial hardship,Text,0.0
financial decision,Text,0.0
financial situation,Text,0.0
financial situations,Text,0.0
financial stability,Text,0.0
financial standing,Text,0.0
financial state,Text,0.0
financial status,Text,0.0
financial strain,Text,0.0
financial stress,Text,0.0
financial struggles,Text,0.0
financial need,Text,0.0
financial support,Text,0.0
financial times,Text,0.0
financial track,Text,0.0
financial trouble,Text,0.0
financial troubles,Text,0.0
financially able,Text,0.0
financially br,Text,0.0
financially capable,Text,0.0
financially debt,Text,0.0
financial success,Text,0.0
financial needs,Text,0.0
financial obligation,Text,0.0
financial obligations,Text,0.0
financial outlook,Text,0.0
financial peace,Text,0.0
financial picture,Text,0.0
financial plan,Text,0.0
financial planner,Text,0.0
financial planning,Text,0.0
financial shape,Text,0.0
financial problems,Text,0.0
financial profile,Text,0.0
financial record,Text,0.0
financial recovery,Text,0.0
financial responsibilities,Text,0.0
financial responsibility,Text,0.0
financial security,Text,0.0
financial sense,Text,0.0
financial services,Text,0.0
financial position,Text,0.0
finance credit,Text,0.0
finance debt,Text,0.0
finance degree,Text,0.0
finance education,Text,0.0
finance engagement,Text,0.0
finance fees,Text,0.0
finance high,Text,0.0
finance home,Text,0.0
financial backing,Text,0.0
finance motorcycle,Text,0.0
finance new,Text,0.0
finance pay,Text,0.0
finance professional,Text,0.0
finance purchase,Text,0.0
finance rate,Text,0.0
finance remainder,Text,0.0
finance remaining,Text,0.0
finance rest,Text,0.0
finance industry,Text,0.0
finally going,Text,0.0
finally good,Text,0.0
finally got,Text,0.0
finally light,Text,0.0
finally making,Text,0.0
finally paid,Text,0.0
finally pay,Text,0.0
finally place,Text,0.0
finally rid,Text,0.0
finance company,Text,0.0
finally starting,Text,0.0
finally time,Text,0.0
finance accounting,Text,0.0
finance balance,Text,0.0
finance br,Text,0.0
finance business,Text,0.0
finance car,Text,0.0
finance charge,Text,0.0
finance charges,Text,0.0
finally start,Text,0.0
finances good,Text,0.0
finances late,Text,0.0
finances like,Text,0.0
finances make,Text,0.0
finances pay,Text,0.0
finances paying,Text,0.0
finances plan,Text,0.0
finances responsibly,Text,0.0
finances seriously,Text,0.0
finance small,Text,0.0
finances thank,Text,0.0
finances track,Text,0.0
finances using,Text,0.0
financial ability,Text,0.0
financial advisor,Text,0.0
financial affairs,Text,0.0
financial aid,Text,0.0
financial analyst,Text,0.0
financial assistance,Text,0.0
finances stable,Text,0.0
finance thank,Text,0.0
finance time,Text,0.0
finance upcoming,Text,0.0
finance used,Text,0.0
finance vehicle,Text,0.0
finance wedding,Text,0.0
finance working,Text,0.0
finance years,Text,0.0
financed,Text,0.0
finances getting,Text,0.0
financed credit,Text,0.0
financed loan,Text,0.0
finances able,Text,0.0
finances br,Text,0.0
finances consolidate,Text,0.0
finances control,Text,0.0
finances credit,Text,0.0
finances debt,Text,0.0
finances easier,Text,0.0
financed car,Text,0.0
firstly,Text,0.0
fiscal,Text,0.0
fiscal responsibility,Text,0.0
fiscal year,Text,0.0
fiscally,Text,0.0
fiscally responsible,Text,0.0
fish,Text,0.0
fishing,Text,0.0
financially free,Text,0.0
fit easily,Text,0.0
fit monthly,Text,0.0
fit needs,Text,0.0
fitness,Text,0.0
fitness business,Text,0.0
fitness center,Text,0.0
fits,Text,0.0
fits budget,Text,0.0
fits easily,Text,0.0
fishing boat,Text,0.0
finishing school,Text,0.0
finishing touches,Text,0.0
finite,Text,0.0
finite time,Text,0.0
fired,Text,0.0
fired job,Text,0.0
fired laid,Text,0.0
firefighter,Text,0.0
fireplace,Text,0.0
firms,Text,0.0
firm,Text,0.0
firm 10,Text,0.0
firm believer,Text,0.0
firm br,Text,0.0
firm business,Text,0.0
firm work,Text,0.0
firm years,Text,0.0
firmly,Text,0.0
firmly believe,Text,0.0
firewood,Text,0.0
fixed 36,Text,0.0
fixed apr,Text,0.0
fixed br,Text,0.0
fixed costs,Text,0.0
fixed end,Text,0.0
fixed expenses,Text,0.0
fixed income,Text,0.0
fixed loans,Text,0.0
fixed low,Text,0.0
fits monthly,Text,0.0
fixed mortgage,Text,0.0
fixed payment,Text,0.0
fixed payments,Text,0.0
fixed payoff,Text,0.0
fixed period,Text,0.0
fixed plan,Text,0.0
fixed rate,Text,0.0
fixed rates,Text,0.0
fixed repayment,Text,0.0
fixed lower,Text,0.0
fits perfectly,Text,0.0
fix,Text,0.0
fix bathroom,Text,0.0
fix br,Text,0.0
fix car,Text,0.0
fix credit,Text,0.0
fix home,Text,0.0
fix house,Text,0.0
fix kitchen,Text,0.0
fix vehicle,Text,0.0
fix mistake,Text,0.0
fix problem,Text,0.0
fix property,Text,0.0
fix rate,Text,0.0
fix roof,Text,0.0
fix sell,Text,0.0
fix small,Text,0.0
fix things,Text,0.0
fix truck,Text,0.0
fix leaking,Text,0.0
financing loan,Text,0.0
financing need,Text,0.0
financing new,Text,0.0
financing options,Text,0.0
financing pay,Text,0.0
financing purchase,Text,0.0
financing wedding,Text,0.0
finding,Text,0.0
finding difficult,Text,0.0
finishing paying,Text,0.0
finding job,Text,0.0
finding new,Text,0.0
finds,Text,0.0
fine,Text,0.0
fine br,Text,0.0
finger,Text,0.0
fingers,Text,0.0
finish basement,Text,0.0
finish bathroom,Text,0.0
finding good,Text,0.0
financially healthy,Text,0.0
financially help,Text,0.0
financially independent,Text,0.0
financially just,Text,0.0
financially like,Text,0.0
financially pay,Text,0.0
financially ready,Text,0.0
financially responsible,Text,0.0
financially savvy,Text,0.0
financing help,Text,0.0
financially sound,Text,0.0
financially strong,Text,0.0
financially thank,Text,0.0
financially track,Text,0.0
financially want,Text,0.0
financials,Text,0.0
financing br,Text,0.0
financing car,Text,0.0
financing credit,Text,0.0
financially secure,Text,0.0
finish room,Text,0.0
finish school,Text,0.0
finish time,Text,0.0
finish work,Text,0.0
finished basement,Text,0.0
finished car,Text,0.0
finished college,Text,0.0
finished graduate,Text,0.0
finished master,Text,0.0
finish br,Text,0.0
finished school,Text,0.0
finished years,Text,0.0
finishes,Text,0.0
finishing,Text,0.0
finishing basement,Text,0.0
finishing college,Text,0.0
finishing degree,Text,0.0
finishing graduate,Text,0.0
finishing home,Text,0.0
finished paying,Text,0.0
finish building,Text,0.0
finish car,Text,0.0
finish college,Text,0.0
finish consolidating,Text,0.0
finish credit,Text,0.0
finish debt,Text,0.0
finish degree,Text,0.0
finish education,Text,0.0
finish fixing,Text,0.0
finish remodeling,Text,0.0
finish house,Text,0.0
finish line,Text,0.0
finish loan,Text,0.0
finish master,Text,0.0
finish masters,Text,0.0
finish new,Text,0.0
finish project,Text,0.0
finish projects,Text,0.0
finish remodel,Text,0.0
finish home,Text,0.0
furniture store,Text,0.0
furnitures,Text,0.0
furthering,Text,0.0
furthering education,Text,0.0
furthermore,Text,0.0
furture,Text,0.0
futher,Text,0.0
future able,Text,0.0
free consolidating,Text,0.0
future appreciate,Text,0.0
future better,Text,0.0
future business,Text,0.0
future children,Text,0.0
future college,Text,0.0
future company,Text,0.0
future credit,Text,0.0
future debt,Text,0.0
future earnings,Text,0.0
future ahead,Text,0.0
furnish apartment,Text,0.0
furnish home,Text,0.0
furnish new,Text,0.0
furnished,Text,0.0
furnishing,Text,0.0
furnishing home,Text,0.0
furnishings,Text,0.0
furnishings br,Text,0.0
furniture apartment,Text,0.0
furniture purchase,Text,0.0
furniture bought,Text,0.0
furniture br,Text,0.0
furniture credit,Text,0.0
furniture equipment,Text,0.0
furniture home,Text,0.0
furniture like,Text,0.0
furniture loan,Text,0.0
furniture moving,Text,0.0
furniture pay,Text,0.0
furniture appliances,Text,0.0
future loan,Text,0.0
future loans,Text,0.0
future need,Text,0.0
future needs,Text,0.0
future pay,Text,0.0
future paying,Text,0.0
future plan,Text,0.0
future planning,Text,0.0
future plans,Text,0.0
future endeavors,Text,0.0
future retirement,Text,0.0
future stable,Text,0.0
future thank,Text,0.0
future thanks,Text,0.0
future use,Text,0.0
future ve,Text,0.0
future want,Text,0.0
future wife,Text,0.0
future work,Text,0.0
future purchase,Text,0.0
future expenses,Text,0.0
future feel,Text,0.0
future financial,Text,0.0
future goal,Text,0.0
future great,Text,0.0
future help,Text,0.0
future home,Text,0.0
future hope,Text,0.0
future house,Text,0.0
future like,Text,0.0
future investment,Text,0.0
future investments,Text,0.0
future investor,Text,0.0
future investors,Text,0.0
future job,Text,0.0
future just,Text,0.0
future know,Text,0.0
future lending,Text,0.0
future life,Text,0.0
future income,Text,0.0
funds new,Text,0.0
funds order,Text,0.0
funds paid,Text,0.0
funds paying,Text,0.0
funds payment,Text,0.0
funds payoff,Text,0.0
funds personal,Text,0.0
funds plan,Text,0.0
furnish,Text,0.0
funds primarily,Text,0.0
funds provide,Text,0.0
funds provided,Text,0.0
funds purchase,Text,0.0
funds purpose,Text,0.0
funds receive,Text,0.0
funds received,Text,0.0
funds reduce,Text,0.0
funds refinance,Text,0.0
funds pool,Text,0.0
funds home,Text,0.0
funds immediately,Text,0.0
funds inventory,Text,0.0
funds invest,Text,0.0
funds just,Text,0.0
funds left,Text,0.0
funds lending,Text,0.0
funds like,Text,0.0
funds loaned,Text,0.0
funds needed,Text,0.0
funds mainly,Text,0.0
funds major,Text,0.0
funds make,Text,0.0
funds medical,Text,0.0
funds month,Text,0.0
funds monthly,Text,0.0
funds moving,Text,0.0
funds necessary,Text,0.0
funds need,Text,0.0
funds lower,Text,0.0
funds use,Text,0.0
funds used,Text,0.0
funds utilized,Text,0.0
funds want,Text,0.0
funds wedding,Text,0.0
funds working,Text,0.0
funeral br,Text,0.0
funeral costs,Text,0.0
funny,Text,0.0
funds remaining,Text,0.0
furlough,Text,0.0
furloughs,Text,0.0
furnace,Text,0.0
furnace air,Text,0.0
furnace br,Text,0.0
furnace home,Text,0.0
furnace house,Text,0.0
furnace new,Text,0.0
furnance,Text,0.0
furance,Text,0.0
funds repair,Text,0.0
funds repay,Text,0.0
funds replace,Text,0.0
funds requested,Text,0.0
funds requesting,Text,0.0
funds required,Text,0.0
funds retirement,Text,0.0
funds save,Text,0.0
funds saved,Text,0.0
funds update,Text,0.0
funds set,Text,0.0
funds solely,Text,0.0
funds soon,Text,0.0
funds start,Text,0.0
funds support,Text,0.0
funds thank,Text,0.0
funds thanks,Text,0.0
funds time,Text,0.0
funds unexpected,Text,0.0
funds savings,Text,0.0
getaway,Text,0.0
geting,Text,0.0
gets,Text,0.0
gets approved,Text,0.0
gets better,Text,0.0
gets fully,Text,0.0
gets funded,Text,0.0
gets paid,Text,0.0
futures,Text,0.0
getting ahead,Text,0.0
getting approved,Text,0.0
getting balances,Text,0.0
getting better,Text,0.0
getting bigger,Text,0.0
getting bills,Text,0.0
getting br,Text,0.0
getting car,Text,0.0
getting caught,Text,0.0
getter,Text,0.0
generate revenue,Text,0.0
generated,Text,0.0
generates,Text,0.0
generating,Text,0.0
generating income,Text,0.0
generating revenue,Text,0.0
generation,Text,0.0
generations,Text,0.0
generator,Text,0.0
germany,Text,0.0
generosity,Text,0.0
generosity br,Text,0.0
generous,Text,0.0
gentleman,Text,0.0
gentlemen,Text,0.0
george,Text,0.0
georgia,Text,0.0
geothermal,Text,0.0
german,Text,0.0
generators,Text,0.0
getting home,Text,0.0
getting house,Text,0.0
getting hump,Text,0.0
getting job,Text,0.0
getting laid,Text,0.0
getting life,Text,0.0
getting like,Text,0.0
getting loan,Text,0.0
getting loans,Text,0.0
getting close,Text,0.0
getting master,Text,0.0
getting masters,Text,0.0
getting money,Text,0.0
getting mortgage,Text,0.0
getting need,Text,0.0
getting new,Text,0.0
getting paid,Text,0.0
getting past,Text,0.0
getting pay,Text,0.0
getting lower,Text,0.0
getting closer,Text,0.0
getting college,Text,0.0
getting credit,Text,0.0
getting debts,Text,0.0
getting engaged,Text,0.0
getting excited,Text,0.0
getting far,Text,0.0
getting fast,Text,0.0
getting feet,Text,0.0
getting higher,Text,0.0
getting financial,Text,0.0
getting fully,Text,0.0
getting funded,Text,0.0
getting goal,Text,0.0
getting good,Text,0.0
getting great,Text,0.0
getting harder,Text,0.0
getting help,Text,0.0
getting high,Text,0.0
getting finances,Text,0.0
gap employment,Text,0.0
gaps,Text,0.0
gaps employment,Text,0.0
garage door,Text,0.0
garage doors,Text,0.0
garage kept,Text,0.0
garage new,Text,0.0
garage thank,Text,0.0
garbage,Text,0.0
generate additional,Text,0.0
gas 100,Text,0.0
gas 150,Text,0.0
gas 200,Text,0.0
gas 300,Text,0.0
gas 400,Text,0.0
gas 50,Text,0.0
gas 80,Text,0.0
gas amp,Text,0.0
gas br,Text,0.0
garden,Text,0.0
fyi,Text,0.0
ga,Text,0.0
gain better,Text,0.0
gain br,Text,0.0
gain control,Text,0.0
gain financial,Text,0.0
gain ground,Text,0.0
gained,Text,0.0
gainful,Text,0.0
gap,Text,0.0
gaining,Text,0.0
gains,Text,0.0
gal,Text,0.0
gallon,Text,0.0
gals,Text,0.0
gamble,Text,0.0
game br,Text,0.0
games,Text,0.0
gaming,Text,0.0
gainful employment,Text,0.0
gathering,Text,0.0
gave,Text,0.0
gave birth,Text,0.0
gave great,Text,0.0
gave loan,Text,0.0
ge,Text,0.0
ge capital,Text,0.0
ge money,Text,0.0
gear,Text,0.0
gas car,Text,0.0
geared,Text,0.0
gemoney,Text,0.0
general,Text,0.0
general contractor,Text,0.0
general expenses,Text,0.0
general manager,Text,0.0
generally,Text,0.0
generally pay,Text,0.0
generate,Text,0.0
gear br,Text,0.0
gas card,Text,0.0
gas cell,Text,0.0
gas company,Text,0.0
gas electric,Text,0.0
gas food,Text,0.0
gas furnace,Text,0.0
gas groceries,Text,0.0
gas incidentals,Text,0.0
gas industry,Text,0.0
gathered,Text,0.0
gas mileage,Text,0.0
gas money,Text,0.0
gas phone,Text,0.0
gas prices,Text,0.0
gas station,Text,0.0
gas water,Text,0.0
gasoline,Text,0.0
gate,Text,0.0
gather,Text,0.0
gas insurance,Text,0.0
freely,Text,0.0
frees,Text,0.0
freeze,Text,0.0
freight,Text,0.0
french,Text,0.0
frequent,Text,0.0
frequently,Text,0.0
fresh br,Text,0.0
funds help,Text,0.0
fresh new,Text,0.0
freshman,Text,0.0
friday,Text,0.0
fridge,Text,0.0
friend br,Text,0.0
friend need,Text,0.0
friend recommended,Text,0.0
friend told,Text,0.0
friend work,Text,0.0
fresh debt,Text,0.0
free ve,Text,0.0
free want,Text,0.0
free year,Text,0.0
freed,Text,0.0
freedom br,Text,0.0
freedom credit,Text,0.0
freedom debt,Text,0.0
freedom having,Text,0.0
freedom high,Text,0.0
freelancing,Text,0.0
freedom pay,Text,0.0
freedom quot,Text,0.0
freeing,Text,0.0
freeing additional,Text,0.0
freeing cash,Text,0.0
freeing money,Text,0.0
freelance,Text,0.0
freelance business,Text,0.0
freelance work,Text,0.0
freedom loan,Text,0.0
ft job,Text,0.0
fuel,Text,0.0
fuel costs,Text,0.0
fuel efficient,Text,0.0
fulfill dream,Text,0.0
fulfill financial,Text,0.0
fulfill obligations,Text,0.0
fulfilled,Text,0.0
fulfilling,Text,0.0
friendly,Text,0.0
fullest,Text,0.0
fully capable,Text,0.0
fully committed,Text,0.0
fully cover,Text,0.0
fully covered,Text,0.0
fully employed,Text,0.0
fully expect,Text,0.0
fully fund,Text,0.0
fully intend,Text,0.0
fulfilling obligations,Text,0.0
friends,Text,0.0
friends br,Text,0.0
friends family,Text,0.0
friends relatives,Text,0.0
friends thank,Text,0.0
frivolous,Text,0.0
fro,Text,0.0
fronting,Text,0.0
frozen,Text,0.0
ft house,Text,0.0
frugal,Text,0.0
frugal money,Text,0.0
frugally,Text,0.0
fruition,Text,0.0
fruits,Text,0.0
frustrated,Text,0.0
frustrated paying,Text,0.0
frustrating,Text,0.0
ft,Text,0.0
frozen yogurt,Text,0.0
free good,Text,0.0
free great,Text,0.0
free having,Text,0.0
free help,Text,0.0
free home,Text,0.0
free hope,Text,0.0
free hopefully,Text,0.0
free house,Text,0.0
free use,Text,0.0
free income,Text,0.0
free investment,Text,0.0
free job,Text,0.0
free just,Text,0.0
free lending,Text,0.0
free let,Text,0.0
free life,Text,0.0
free lifestyle,Text,0.0
free like,Text,0.0
free including,Text,0.0
free consumer,Text,0.0
free contact,Text,0.0
free couple,Text,0.0
free currently,Text,0.0
free debt,Text,0.0
free debts,Text,0.0
free email,Text,0.0
free end,Text,0.0
free excellent,Text,0.0
free goal,Text,0.0
free extra,Text,0.0
free family,Text,0.0
free faster,Text,0.0
free feel,Text,0.0
free financial,Text,0.0
free financially,Text,0.0
free focus,Text,0.0
free funds,Text,0.0
free future,Text,0.0
free exception,Text,0.0
free rent,Text,0.0
free responsible,Text,0.0
free revolving,Text,0.0
free right,Text,0.0
free save,Text,0.0
free send,Text,0.0
free shorter,Text,0.0
free soon,Text,0.0
free sooner,Text,0.0
free little,Text,0.0
free start,Text,0.0
free status,Text,0.0
free stay,Text,0.0
free student,Text,0.0
free submit,Text,0.0
free thank,Text,0.0
free thanks,Text,0.0
free time,Text,0.0
free unsecured,Text,0.0
free stable,Text,0.0
free live,Text,0.0
free living,Text,0.0
free loan,Text,0.0
free looking,Text,0.0
free lower,Text,0.0
free make,Text,0.0
free money,Text,0.0
free monies,Text,0.0
free monthly,Text,0.0
free quickly,Text,0.0
free mortgage,Text,0.0
free near,Text,0.0
free need,Text,0.0
free paid,Text,0.0
free paying,Text,0.0
free plan,Text,0.0
free possible,Text,0.0
free post,Text,0.0
free quicker,Text,0.0
free months,Text,0.0
funding investors,Text,0.0
funding lending,Text,0.0
funding let,Text,0.0
funding like,Text,0.0
funding make,Text,0.0
funding need,Text,0.0
funding needed,Text,0.0
funding new,Text,0.0
fully owned,Text,0.0
funding pay,Text,0.0
funding period,Text,0.0
funding personal,Text,0.0
funding process,Text,0.0
funding purchase,Text,0.0
funding really,Text,0.0
funding received,Text,0.0
funding request,Text,0.0
funding start,Text,0.0
funding order,Text,0.0
funded thanks,Text,0.0
funded use,Text,0.0
funded want,Text,0.0
funders,Text,0.0
funding able,Text,0.0
funding allow,Text,0.0
funding br,Text,0.0
funding business,Text,0.0
funding complete,Text,0.0
funding home,Text,0.0
funding cover,Text,0.0
funding credit,Text,0.0
funding debt,Text,0.0
funding equipment,Text,0.0
funding far,Text,0.0
funding going,Text,0.0
funding great,Text,0.0
funding greatly,Text,0.0
funding help,Text,0.0
funding consolidate,Text,0.0
funds complete,Text,0.0
funds completely,Text,0.0
funds consolidating,Text,0.0
funds consolidation,Text,0.0
funds consolodate,Text,0.0
funds cover,Text,0.0
funds credit,Text,0.0
funds currently,Text,0.0
funds eliminate,Text,0.0
funding thank,Text,0.0
funds expand,Text,0.0
funds family,Text,0.0
funds finance,Text,0.0
funds finish,Text,0.0
funds fix,Text,0.0
funds fully,Text,0.0
funds future,Text,0.0
funds going,Text,0.0
funds hand,Text,0.0
funds enable,Text,0.0
funding thanks,Text,0.0
funding time,Text,0.0
funding used,Text,0.0
funding wedding,Text,0.0
funds able,Text,0.0
funds account,Text,0.0
funds add,Text,0.0
funds allow,Text,0.0
funds assist,Text,0.0
funds coming,Text,0.0
funds borrowed,Text,0.0
funds br,Text,0.0
funds build,Text,0.0
funds business,Text,0.0
funds buy,Text,0.0
funds car,Text,0.0
funds closing,Text,0.0
funds combine,Text,0.0
funds combined,Text,0.0
funds better,Text,0.0
fund cost,Text,0.0
fund credit,Text,0.0
fund daughter,Text,0.0
fund debt,Text,0.0
fund dream,Text,0.0
fund education,Text,0.0
fund expansion,Text,0.0
fund expenses,Text,0.0
fund family,Text,0.0
funded thank,Text,0.0
fund help,Text,0.0
fund home,Text,0.0
fund loan,Text,0.0
fund medical,Text,0.0
fund money,Text,0.0
fund new,Text,0.0
fund pay,Text,0.0
fund paying,Text,0.0
fund payment,Text,0.0
fund far,Text,0.0
fully pay,Text,0.0
fully plan,Text,0.0
fully responsible,Text,0.0
fully time,Text,0.0
fully vested,Text,0.0
fun,Text,0.0
fun br,Text,0.0
function,Text,0.0
functional,Text,0.0
fund consolidate,Text,0.0
functions,Text,0.0
fund 100,Text,0.0
fund 50,Text,0.0
fund account,Text,0.0
fund additional,Text,0.0
fund br,Text,0.0
fund business,Text,0.0
fund car,Text,0.0
fund cash,Text,0.0
functioning,Text,0.0
funded close,Text,0.0
funded credit,Text,0.0
funded days,Text,0.0
funded debt,Text,0.0
funded far,Text,0.0
funded goal,Text,0.0
funded going,Text,0.0
funded great,Text,0.0
funded help,Text,0.0
fund portion,Text,0.0
funded lending,Text,0.0
funded like,Text,0.0
funded monthly,Text,0.0
funded pay,Text,0.0
funded plan,Text,0.0
funded quickly,Text,0.0
funded really,Text,0.0
funded save,Text,0.0
funded soon,Text,0.0
funded just,Text,0.0
fund project,Text,0.0
fund purchase,Text,0.0
fund remaining,Text,0.0
fund request,Text,0.0
fund savings,Text,0.0
fund small,Text,0.0
fund start,Text,0.0
fund thank,Text,0.0
fund trip,Text,0.0
funded br,Text,0.0
fund use,Text,0.0
fund used,Text,0.0
fund vacation,Text,0.0
fund want,Text,0.0
fund wedding,Text,0.0
fundamental,Text,0.0
funded 100,Text,0.0
funded able,Text,0.0
funded allow,Text,0.0
fund upcoming,Text,0.0
industry ve,Text,0.0
industry want,Text,0.0
industry work,Text,0.0
industry worked,Text,0.0
industry working,Text,0.0
industry years,Text,0.0
inefficient,Text,0.0
inerest,Text,0.0
help raise,Text,0.0
inexpensive,Text,0.0
infant,Text,0.0
infection,Text,0.0
infiniti,Text,0.0
inflated,Text,0.0
inflation,Text,0.0
influence,Text,0.0
influx,Text,0.0
information available,Text,0.0
inevitable,Text,0.0
industry 13,Text,0.0
industry 14,Text,0.0
industry 15,Text,0.0
industry 18,Text,0.0
industry 20,Text,0.0
industry 25,Text,0.0
industry 30,Text,0.0
industry br,Text,0.0
industry company,Text,0.0
industry stable,Text,0.0
industry current,Text,0.0
industry currently,Text,0.0
industry employer,Text,0.0
industry experience,Text,0.0
industry know,Text,0.0
industry leading,Text,0.0
industry make,Text,0.0
industry monthly,Text,0.0
industry past,Text,0.0
industry credit,Text,0.0
infrastructure,Text,0.0
infusion,Text,0.0
ing,Text,0.0
ingredients,Text,0.0
inground,Text,0.0
inground pool,Text,0.0
inground swimming,Text,0.0
inheritance,Text,0.0
inherited,Text,0.0
information br,Text,0.0
initial costs,Text,0.0
initial funding,Text,0.0
initial inventory,Text,0.0
initial investment,Text,0.0
initial lending,Text,0.0
initial loan,Text,0.0
initial marketing,Text,0.0
initial payment,Text,0.0
initial start,Text,0.0
initial cost,Text,0.0
information credit,Text,0.0
information current,Text,0.0
information feel,Text,0.0
information help,Text,0.0
information helpful,Text,0.0
information helps,Text,0.0
information lending,Text,0.0
information loan,Text,0.0
information need,Text,0.0
informed,Text,0.0
information provide,Text,0.0
information provided,Text,0.0
information regarding,Text,0.0
information requested,Text,0.0
information required,Text,0.0
information security,Text,0.0
information systems,Text,0.0
information technology,Text,0.0
information thank,Text,0.0
information needed,Text,0.0
incurred getting,Text,0.0
incurred graduate,Text,0.0
incurred helping,Text,0.0
incurred home,Text,0.0
incurred large,Text,0.0
incurred loan,Text,0.0
incurred lot,Text,0.0
incurred moving,Text,0.0
industry 12,Text,0.0
incurred pay,Text,0.0
incurred paying,Text,0.0
incurred result,Text,0.0
incurred school,Text,0.0
incurred significant,Text,0.0
incurred time,Text,0.0
incurred trying,Text,0.0
incurred unexpected,Text,0.0
incurred wedding,Text,0.0
incurred past,Text,0.0
increasing rate,Text,0.0
increasing rates,Text,0.0
increasing salary,Text,0.0
increasingly,Text,0.0
increasingly difficult,Text,0.0
incredible,Text,0.0
incredibly,Text,0.0
incredibly high,Text,0.0
incredibly stable,Text,0.0
incurred family,Text,0.0
incur,Text,0.0
incur additional,Text,0.0
incur credit,Text,0.0
incur debt,Text,0.0
incured,Text,0.0
incurred br,Text,0.0
incurred college,Text,0.0
incurred credit,Text,0.0
incurred expenses,Text,0.0
incrementally,Text,0.0
indication,Text,0.0
individual,Text,0.0
individual br,Text,0.0
individual credit,Text,0.0
individual debt,Text,0.0
individual good,Text,0.0
individual investors,Text,0.0
individual looking,Text,0.0
individual pay,Text,0.0
incurred year,Text,0.0
individual thank,Text,0.0
individually,Text,0.0
individually br,Text,0.0
individuals,Text,0.0
indoor,Text,0.0
industrial,Text,0.0
industries,Text,0.0
industry 10,Text,0.0
industry 11,Text,0.0
individual payments,Text,0.0
incurred years,Text,0.0
incurring,Text,0.0
incurring debt,Text,0.0
indebted,Text,0.0
indebtedness,Text,0.0
indefinitely,Text,0.0
independant,Text,0.0
independence,Text,0.0
independence br,Text,0.0
indicates,Text,0.0
independent contractor,Text,0.0
independently,Text,0.0
india br,Text,0.0
indian,Text,0.0
indiana,Text,0.0
indiana university,Text,0.0
indicate,Text,0.0
indicated,Text,0.0
indicated credit,Text,0.0
independent,Text,0.0
instill,Text,0.0
instill confidence,Text,0.0
institute,Text,0.0
institutes,Text,0.0
institutes health,Text,0.0
institution,Text,0.0
institution br,Text,0.0
institutional,Text,0.0
initially,Text,0.0
institutions br,Text,0.0
instrest,Text,0.0
instruction,Text,0.0
instructional,Text,0.0
instructions,Text,0.0
instructor,Text,0.0
instructors,Text,0.0
instrument,Text,0.0
instrumental,Text,0.0
institutions,Text,0.0
instead minimum,Text,0.0
instead month,Text,0.0
instead monthly,Text,0.0
instead multiple,Text,0.0
instead numerous,Text,0.0
instead pay,Text,0.0
instead payments,Text,0.0
instead renting,Text,0.0
instead revolving,Text,0.0
insted,Text,0.0
instead separate,Text,0.0
instead small,Text,0.0
instead taking,Text,0.0
instead thank,Text,0.0
instead thanks,Text,0.0
instead trying,Text,0.0
instead using,Text,0.0
instead worrying,Text,0.0
instead years,Text,0.0
instead sending,Text,0.0
insurance 89,Text,0.0
insurance agency,Text,0.0
insurance agent,Text,0.0
insurance auto,Text,0.0
insurance br,Text,0.0
insurance business,Text,0.0
insurance cable,Text,0.0
insurance car,Text,0.0
insurance cell,Text,0.0
instruments,Text,0.0
insurance companies,Text,0.0
insurance company,Text,0.0
insurance cover,Text,0.0
insurance coverage,Text,0.0
insurance covered,Text,0.0
insurance covering,Text,0.0
insurance covers,Text,0.0
insurance credit,Text,0.0
insurance deductible,Text,0.0
insurance claim,Text,0.0
insufficient,Text,0.0
insulate,Text,0.0
insulating,Text,0.0
insulation,Text,0.0
insur,Text,0.0
insurance 000,Text,0.0
insurance 100,Text,0.0
insurance 110,Text,0.0
insurance 120,Text,0.0
insurance 80,Text,0.0
insurance 150,Text,0.0
insurance 200,Text,0.0
insurance 250,Text,0.0
insurance 300,Text,0.0
insurance 400,Text,0.0
insurance 50,Text,0.0
insurance 500,Text,0.0
insurance 60,Text,0.0
insurance 65,Text,0.0
insurance 125,Text,0.0
ins br,Text,0.0
insane,Text,0.0
insanely,Text,0.0
inside br,Text,0.0
inside outside,Text,0.0
insight,Text,0.0
inspected,Text,0.0
inspection,Text,0.0
instead make,Text,0.0
inspector,Text,0.0
inspired,Text,0.0
install inground,Text,0.0
install pool,Text,0.0
install wood,Text,0.0
installation new,Text,0.0
installation pool,Text,0.0
installations,Text,0.0
installed,Text,0.0
inspections,Text,0.0
initiative,Text,0.0
initiatives,Text,0.0
inject,Text,0.0
injured,Text,0.0
injuries,Text,0.0
injury,Text,0.0
innovation,Text,0.0
innovative,Text,0.0
inprove,Text,0.0
ins 100,Text,0.0
input,Text,0.0
inquire,Text,0.0
inquired,Text,0.0
inquires,Text,0.0
inquiries,Text,0.0
inquiries credit,Text,0.0
inquiring,Text,0.0
inquiry,Text,0.0
ins,Text,0.0
inprovement,Text,0.0
instantly,Text,0.0
instead 10,Text,0.0
instead 20,Text,0.0
instead 30,Text,0.0
instead 36,Text,0.0
instead bank,Text,0.0
instead banks,Text,0.0
instead better,Text,0.0
instead big,Text,0.0
installed br,Text,0.0
instead currently,Text,0.0
instead different,Text,0.0
instead getting,Text,0.0
instead going,Text,0.0
instead help,Text,0.0
instead just,Text,0.0
instead little,Text,0.0
instead loan,Text,0.0
instead lower,Text,0.0
instead credit,Text,0.0
installed home,Text,0.0
installed new,Text,0.0
installer,Text,0.0
installing ground,Text,0.0
installing pool,Text,0.0
installing solar,Text,0.0
installing swimming,Text,0.0
installment,Text,0.0
installment account,Text,0.0
instant,Text,0.0
installment agreement,Text,0.0
installment debt,Text,0.0
installment loan,Text,0.0
installment loans,Text,0.0
installment payment,Text,0.0
installment payments,Text,0.0
installment type,Text,0.0
instance,Text,0.0
instances,Text,0.0
installment accounts,Text,0.0
income 4200,Text,0.0
income 500,Text,0.0
income 5500,Text,0.0
income 80,Text,0.0
income 800,Text,0.0
income ability,Text,0.0
income able,Text,0.0
income actually,Text,0.0
increasing monthly,Text,0.0
income additional,Text,0.0
income allow,Text,0.0
income allows,Text,0.0
income amp,Text,0.0
income application,Text,0.0
income approx,Text,0.0
income approximately,Text,0.0
income available,Text,0.0
income base,Text,0.0
income addition,Text,0.0
including utilities,Text,0.0
inclusive,Text,0.0
income 000,Text,0.0
income 10,Text,0.0
income 100,Text,0.0
income 1000,Text,0.0
income 100k,Text,0.0
income 11,Text,0.0
income 1500,Text,0.0
income 4000,Text,0.0
income 2400,Text,0.0
income 25,Text,0.0
income 2800,Text,0.0
income 30,Text,0.0
income 300,Text,0.0
income 3000,Text,0.0
income 3200,Text,0.0
income 3500,Text,0.0
income 400,Text,0.0
income 200,Text,0.0
income double,Text,0.0
income easily,Text,0.0
income employed,Text,0.0
income employer,Text,0.0
income employment,Text,0.0
income exceeds,Text,0.0
income excellent,Text,0.0
income expenses,Text,0.0
income extremely,Text,0.0
income based,Text,0.0
income family,Text,0.0
income fiance,Text,0.0
income financially,Text,0.0
income fixed,Text,0.0
income fully,Text,0.0
income goes,Text,0.0
income going,Text,0.0
income good,Text,0.0
income great,Text,0.0
income families,Text,0.0
income br,Text,0.0
income budget,Text,0.0
income business,Text,0.0
income career,Text,0.0
income combined,Text,0.0
income comes,Text,0.0
income coming,Text,0.0
income company,Text,0.0
income consistent,Text,0.0
income don,Text,0.0
income cover,Text,0.0
income covers,Text,0.0
income credit,Text,0.0
income current,Text,0.0
income currently,Text,0.0
income debt,Text,0.0
income defaulted,Text,0.0
income did,Text,0.0
income does,Text,0.0
income continue,Text,0.0
inaccurate,Text,0.0
inactive,Text,0.0
incase,Text,0.0
incentive,Text,0.0
incentives,Text,0.0
inception,Text,0.0
inch,Text,0.0
incident,Text,0.0
including taxes,Text,0.0
incidentals br,Text,0.0
incidents,Text,0.0
incl,Text,0.0
include,Text,0.0
include br,Text,0.0
include car,Text,0.0
include credit,Text,0.0
include income,Text,0.0
include limited,Text,0.0
incidentals,Text,0.0
improvements make,Text,0.0
improvements need,Text,0.0
improvements needed,Text,0.0
improvements new,Text,0.0
improvements pay,Text,0.0
improvements paying,Text,0.0
improvements plan,Text,0.0
improvements primary,Text,0.0
improvements property,Text,0.0
inability,Text,0.0
improvements rental,Text,0.0
improvements repairs,Text,0.0
improves,Text,0.0
improving financial,Text,0.0
improving home,Text,0.0
improvment br,Text,0.0
improvments,Text,0.0
improvments br,Text,0.0
impulse,Text,0.0
improvements recently,Text,0.0
includes utilities,Text,0.0
including credit,Text,0.0
including current,Text,0.0
including escrow,Text,0.0
including high,Text,0.0
including home,Text,0.0
including house,Text,0.0
including kitchen,Text,0.0
including limited,Text,0.0
include loan,Text,0.0
including medical,Text,0.0
including monthly,Text,0.0
including mortgage,Text,0.0
including new,Text,0.0
including paying,Text,0.0
including payment,Text,0.0
including rent,Text,0.0
including student,Text,0.0
including tax,Text,0.0
including loan,Text,0.0
include monthly,Text,0.0
include mortgage,Text,0.0
include new,Text,0.0
include paying,Text,0.0
include rent,Text,0.0
include student,Text,0.0
include wife,Text,0.0
included br,Text,0.0
included income,Text,0.0
includes taxes,Text,0.0
included monthly,Text,0.0
included rent,Text,0.0
includes br,Text,0.0
includes car,Text,0.0
includes credit,Text,0.0
includes gas,Text,0.0
includes loan,Text,0.0
includes mortgage,Text,0.0
includes rent,Text,0.0
included loan,Text,0.0
income years,Text,0.0
incomes,Text,0.0
incoming,Text,0.0
inconvenience,Text,0.0
incorporate,Text,0.0
incorporated,Text,0.0
incorporation,Text,0.0
incorrect,Text,0.0
income help,Text,0.0
increase advertising,Text,0.0
increase apr,Text,0.0
increase available,Text,0.0
increase bonus,Text,0.0
increase br,Text,0.0
increase business,Text,0.0
increase cash,Text,0.0
increase current,Text,0.0
increase debt,Text,0.0
incorrectly,Text,0.0
income stream,Text,0.0
income streams,Text,0.0
income strong,Text,0.0
income submitted,Text,0.0
income sufficient,Text,0.0
income support,Text,0.0
income thank,Text,0.0
income thanks,Text,0.0
income time,Text,0.0
income year,Text,0.0
income use,Text,0.0
income used,Text,0.0
income varies,Text,0.0
income ve,Text,0.0
income verification,Text,0.0
income verified,Text,0.0
income want,Text,0.0
income work,Text,0.0
income working,Text,0.0
income trying,Text,0.0
increase year,Text,0.0
increased apr,Text,0.0
increased br,Text,0.0
increased credit,Text,0.0
increased debt,Text,0.0
increased income,Text,0.0
increased monthly,Text,0.0
increased past,Text,0.0
increased pay,Text,0.0
increase equity,Text,0.0
increased responsibility,Text,0.0
increased sales,Text,0.0
increased significantly,Text,0.0
increased year,Text,0.0
increases,Text,0.0
increases year,Text,0.0
increasing br,Text,0.0
increasing cash,Text,0.0
increasing income,Text,0.0
increased rates,Text,0.0
increase fico,Text,0.0
increase financial,Text,0.0
increase home,Text,0.0
increase income,Text,0.0
increase inventory,Text,0.0
increase loan,Text,0.0
increase marketing,Text,0.0
increase monthly,Text,0.0
increase pay,Text,0.0
increase total,Text,0.0
increase profits,Text,0.0
increase property,Text,0.0
increase rate,Text,0.0
increase rates,Text,0.0
increase retirement,Text,0.0
increase revenue,Text,0.0
increase salary,Text,0.0
increase sales,Text,0.0
increase savings,Text,0.0
increase payment,Text,0.0
income like,Text,0.0
income little,Text,0.0
income living,Text,0.0
income loan,Text,0.0
income long,Text,0.0
income looking,Text,0.0
income low,Text,0.0
income make,Text,0.0
income making,Text,0.0
income steady,Text,0.0
income missed,Text,0.0
income money,Text,0.0
income month,Text,0.0
income monthly,Text,0.0
income mortgage,Text,0.0
income need,Text,0.0
income needed,Text,0.0
income net,Text,0.0
income new,Text,0.0
income meet,Text,0.0
income high,Text,0.0
income home,Text,0.0
income hope,Text,0.0
income house,Text,0.0
income household,Text,0.0
income husband,Text,0.0
income included,Text,0.0
income including,Text,0.0
income income,Text,0.0
income level,Text,0.0
income increased,Text,0.0
income increases,Text,0.0
income increasing,Text,0.0
income investment,Text,0.0
income job,Text,0.0
income jobs,Text,0.0
income just,Text,0.0
income late,Text,0.0
income lending,Text,0.0
income increase,Text,0.0
income rental,Text,0.0
income repay,Text,0.0
income repayment,Text,0.0
income reported,Text,0.0
income responsible,Text,0.0
income roughly,Text,0.0
income save,Text,0.0
income savings,Text,0.0
income second,Text,0.0
income outstanding,Text,0.0
income set,Text,0.0
income significantly,Text,0.0
income solid,Text,0.0
income source,Text,0.0
income sources,Text,0.0
income spouse,Text,0.0
income stable,Text,0.0
income stated,Text,0.0
income steadily,Text,0.0
income secure,Text,0.0
income paid,Text,0.0
income past,Text,0.0
income pay,Text,0.0
income paying,Text,0.0
income payment,Text,0.0
income payments,Text,0.0
income plan,Text,0.0
income potential,Text,0.0
income pretty,Text,0.0
income reliable,Text,0.0
income producing,Text,0.0
income professional,Text,0.0
income property,Text,0.0
income provided,Text,0.0
income quite,Text,0.0
income ratio,Text,0.0
income ratios,Text,0.0
income receive,Text,0.0
income recently,Text,0.0
income problem,Text,0.0
items house,Text,0.0
items like,Text,0.0
items need,Text,0.0
items needed,Text,0.0
items new,Text,0.0
items pay,Text,0.0
itâ,Text,0.0
iv,Text,0.0
insurance did,Text,0.0
ive job,Text,0.0
ive late,Text,0.0
ive missed,Text,0.0
ive paid,Text,0.0
ive worked,Text,0.0
ive working,Text,0.0
ivf,Text,0.0
ivy,Text,0.0
ivy league,Text,0.0
ive,Text,0.0
issuer,Text,0.0
issuers,Text,0.0
issues br,Text,0.0
issues caused,Text,0.0
issues loan,Text,0.0
issues making,Text,0.0
issues need,Text,0.0
issues pay,Text,0.0
issues paying,Text,0.0
items home,Text,0.0
issues year,Text,0.0
issuing,Text,0.0
italian,Text,0.0
italy,Text,0.0
item,Text,0.0
itemized,Text,0.0
items,Text,0.0
items br,Text,0.0
items credit,Text,0.0
issues resolved,Text,0.0
january want,Text,0.0
january year,Text,0.0
japan,Text,0.0
japanese,Text,0.0
jason,Text,0.0
jc penneys,Text,0.0
jc penny,Text,0.0
jcp,Text,0.0
jcpenney,Text,0.0
iâ,Text,0.0
jeep br,Text,0.0
jeep grand,Text,0.0
jeep wrangler,Text,0.0
jeopardize,Text,0.0
jeopardize credit,Text,0.0
jeopardy,Text,0.0
jersey,Text,0.0
jet,Text,0.0
jet ski,Text,0.0
jeep,Text,0.0
iâ ve,Text,0.0
jack,Text,0.0
jacked,Text,0.0
jacked rate,Text,0.0
jacked rates,Text,0.0
jacking,Text,0.0
jacuzzi,Text,0.0
james,Text,0.0
jan,Text,0.0
january br,Text,0.0
jan 2012,Text,0.0
january,Text,0.0
january 1st,Text,0.0
january 2008,Text,0.0
january 2009,Text,0.0
january 2010,Text,0.0
january 2011,Text,0.0
january 2012,Text,0.0
january 2013,Text,0.0
jan 2010,Text,0.0
investors really,Text,0.0
investors site,Text,0.0
investors support,Text,0.0
investors thank,Text,0.0
investors thanks,Text,0.0
investors trust,Text,0.0
investors ve,Text,0.0
investors want,Text,0.0
issue thank,Text,0.0
invests,Text,0.0
invitations,Text,0.0
invite,Text,0.0
invited,Text,0.0
invoice,Text,0.0
invoices,Text,0.0
involve,Text,0.0
involved,Text,0.0
involved br,Text,0.0
investors willing,Text,0.0
investors greatly,Text,0.0
investors help,Text,0.0
investors helped,Text,0.0
investors helping,Text,0.0
investors hope,Text,0.0
investors instead,Text,0.0
investors invest,Text,0.0
investors invested,Text,0.0
investors investing,Text,0.0
investors questions,Text,0.0
investors know,Text,0.0
investors let,Text,0.0
investors like,Text,0.0
investors loan,Text,0.0
investors look,Text,0.0
investors looking,Text,0.0
investors make,Text,0.0
investors making,Text,0.0
investors plan,Text,0.0
investors just,Text,0.0
irs debt,Text,0.0
irs pay,Text,0.0
irs payment,Text,0.0
irs state,Text,0.0
irs taxes,Text,0.0
ish,Text,0.0
island,Text,0.0
island ny,Text,0.0
isn,Text,0.0
involved business,Text,0.0
isnt,Text,0.0
issue br,Text,0.0
issue credit,Text,0.0
issue just,Text,0.0
issue loan,Text,0.0
issue making,Text,0.0
issue pay,Text,0.0
issue paying,Text,0.0
issue resolved,Text,0.0
isn going,Text,0.0
involves,Text,0.0
involving,Text,0.0
iowa,Text,0.0
ipad,Text,0.0
iphone,Text,0.0
ira,Text,0.0
ira 401k,Text,0.0
ira account,Text,0.0
ira accounts,Text,0.0
irs credit,Text,0.0
iraq,Text,0.0
iras,Text,0.0
ireland,Text,0.0
irene,Text,0.0
iron,Text,0.0
irresponsible,Text,0.0
irrigation,Text,0.0
irs 000,Text,0.0
irs br,Text,0.0
ira br,Text,0.0
job government,Text,0.0
job graduating,Text,0.0
job great,Text,0.0
job growing,Text,0.0
job guaranteed,Text,0.0
job half,Text,0.0
job hard,Text,0.0
job having,Text,0.0
jetta,Text,0.0
job healthcare,Text,0.0
job held,Text,0.0
job help,Text,0.0
job helps,Text,0.0
job high,Text,0.0
job higher,Text,0.0
job highly,Text,0.0
job history,Text,0.0
job home,Text,0.0
job health,Text,0.0
job engineering,Text,0.0
job enjoy,Text,0.0
job established,Text,0.0
job excellent,Text,0.0
job expenses,Text,0.0
job extra,Text,0.0
job extremely,Text,0.0
job family,Text,0.0
job federal,Text,0.0
job got,Text,0.0
job finally,Text,0.0
job finance,Text,0.0
job financial,Text,0.0
job fortune,Text,0.0
job fully,Text,0.0
job getting,Text,0.0
job given,Text,0.0
job goal,Text,0.0
job going,Text,0.0
job feel,Text,0.0
job law,Text,0.0
job layoffs,Text,0.0
job like,Text,0.0
job little,Text,0.0
job live,Text,0.0
job lived,Text,0.0
job loan,Text,0.0
job local,Text,0.0
job long,Text,0.0
job hope,Text,0.0
job looking,Text,0.0
job loss,Text,0.0
job lost,Text,0.0
job lots,Text,0.0
job love,Text,0.0
job low,Text,0.0
job major,Text,0.0
job make,Text,0.0
job makes,Text,0.0
job look,Text,0.0
job hospital,Text,0.0
job house,Text,0.0
job husband,Text,0.0
job im,Text,0.0
job income,Text,0.0
job increase,Text,0.0
job incredibly,Text,0.0
job industry,Text,0.0
job insurance,Text,0.0
job late,Text,0.0
job jeopardy,Text,0.0
job job,Text,0.0
job june,Text,0.0
job just,Text,0.0
job keeping,Text,0.0
job know,Text,0.0
job known,Text,0.0
job laid,Text,0.0
job large,Text,0.0
job ive,Text,0.0
job 28,Text,0.0
job 29,Text,0.0
job 30,Text,0.0
job 31,Text,0.0
job 33,Text,0.0
job 35,Text,0.0
job able,Text,0.0
job accountant,Text,0.0
job addition,Text,0.0
job engineer,Text,0.0
job allow,Text,0.0
job allows,Text,0.0
job amp,Text,0.0
job annual,Text,0.0
job appreciate,Text,0.0
job attorney,Text,0.0
job beginning,Text,0.0
job benefits,Text,0.0
job better,Text,0.0
job air,Text,0.0
jeweler,Text,0.0
jewelry,Text,0.0
jewelry business,Text,0.0
job 10,Text,0.0
job 100,Text,0.0
job 13,Text,0.0
job 14,Text,0.0
job 16,Text,0.0
job 17,Text,0.0
job 27,Text,0.0
job 19,Text,0.0
job 20,Text,0.0
job 2004,Text,0.0
job 21,Text,0.0
job 22,Text,0.0
job 23,Text,0.0
job 24,Text,0.0
job 25,Text,0.0
job 26,Text,0.0
job 18,Text,0.0
job current,Text,0.0
job currently,Text,0.0
job cut,Text,0.0
job debt,Text,0.0
job decent,Text,0.0
job defaulted,Text,0.0
job department,Text,0.0
job description,Text,0.0
job did,Text,0.0
job budget,Text,0.0
job doing,Text,0.0
job don,Text,0.0
job earn,Text,0.0
job easily,Text,0.0
job economy,Text,0.0
job education,Text,0.0
job employed,Text,0.0
job employer,Text,0.0
job end,Text,0.0
job does,Text,0.0
job business,Text,0.0
job car,Text,0.0
job career,Text,0.0
job change,Text,0.0
job changes,Text,0.0
job city,Text,0.0
job close,Text,0.0
job college,Text,0.0
job comfortable,Text,0.0
job credit,Text,0.0
job completely,Text,0.0
job computer,Text,0.0
job confident,Text,0.0
job consistent,Text,0.0
job consolidating,Text,0.0
job continue,Text,0.0
job contract,Text,0.0
job couple,Text,0.0
job cover,Text,0.0
job company,Text,0.0
interested purchasing,Text,0.0
interested refinancing,Text,0.0
interesting,Text,0.0
interests,Text,0.0
interests br,Text,0.0
interests cards,Text,0.0
interests credit,Text,0.0
interests rate,Text,0.0
investors great,Text,0.0
interet,Text,0.0
interfere,Text,0.0
interim,Text,0.0
interior,Text,0.0
interior exterior,Text,0.0
intern,Text,0.0
internal,Text,0.0
international,Text,0.0
international business,Text,0.0
interests rates,Text,0.0
intention pay,Text,0.0
intention paying,Text,0.0
intention use,Text,0.0
intentions,Text,0.0
intentions pay,Text,0.0
interactive,Text,0.0
interes,Text,0.0
interested br,Text,0.0
interested buying,Text,0.0
interested paying,Text,0.0
interested credit,Text,0.0
interested debt,Text,0.0
interested doing,Text,0.0
interested getting,Text,0.0
interested helping,Text,0.0
interested investing,Text,0.0
interested investors,Text,0.0
interested loan,Text,0.0
interested lowering,Text,0.0
interested consolidating,Text,0.0
internet phone,Text,0.0
internet service,Text,0.0
internet tv,Text,0.0
internship,Text,0.0
interset,Text,0.0
interst,Text,0.0
interst credit,Text,0.0
interst rate,Text,0.0
interst rates,Text,0.0
international company,Text,0.0
interview,Text,0.0
interviewing,Text,0.0
interviews,Text,0.0
intial,Text,0.0
intrest br,Text,0.0
intrest cards,Text,0.0
intrest credit,Text,0.0
intrest debt,Text,0.0
intrest loan,Text,0.0
interstate,Text,0.0
internationally,Text,0.0
interned,Text,0.0
internet,Text,0.0
internet 100,Text,0.0
internet 120,Text,0.0
internet 130,Text,0.0
internet 150,Text,0.0
internet 200,Text,0.0
internet 40,Text,0.0
internet marketing,Text,0.0
internet 55,Text,0.0
internet 60,Text,0.0
internet 70,Text,0.0
internet 75,Text,0.0
internet access,Text,0.0
internet br,Text,0.0
internet business,Text,0.0
internet cable,Text,0.0
internet food,Text,0.0
internet 50,Text,0.0
insurance phone,Text,0.0
insurance plan,Text,0.0
insurance policy,Text,0.0
insurance premium,Text,0.0
insurance property,Text,0.0
insurance tax,Text,0.0
insurance taxes,Text,0.0
insurance thank,Text,0.0
intention loan,Text,0.0
insurance utilities,Text,0.0
insurance won,Text,0.0
insurance work,Text,0.0
insurance years,Text,0.0
insurances,Text,0.0
insure,Text,0.0
insured,Text,0.0
int,Text,0.0
int credit,Text,0.0
insurance time,Text,0.0
insurance didn,Text,0.0
insurance does,Text,0.0
insurance expenses,Text,0.0
insurance food,Text,0.0
insurance gas,Text,0.0
insurance help,Text,0.0
insurance industry,Text,0.0
insurance job,Text,0.0
insurance just,Text,0.0
insurance pays,Text,0.0
insurance loan,Text,0.0
insurance money,Text,0.0
insurance monthly,Text,0.0
insurance need,Text,0.0
insurance paid,Text,0.0
insurance pay,Text,0.0
insurance paying,Text,0.0
insurance payment,Text,0.0
insurance payments,Text,0.0
insurance life,Text,0.0
intend stay,Text,0.0
intend use,Text,0.0
intend using,Text,0.0
intend way,Text,0.0
intend work,Text,0.0
intended br,Text,0.0
intended consolidate,Text,0.0
intended use,Text,0.0
intending,Text,0.0
int loan,Text,0.0
intense,Text,0.0
intensive,Text,0.0
intent,Text,0.0
intent consolidate,Text,0.0
intent loan,Text,0.0
intent pay,Text,0.0
intent use,Text,0.0
intention,Text,0.0
intention leaving,Text,0.0
intends,Text,0.0
int rate,Text,0.0
int rates,Text,0.0
intact,Text,0.0
integral,Text,0.0
integrated,Text,0.0
integrity,Text,0.0
intellectual,Text,0.0
intellectual property,Text,0.0
intelligent,Text,0.0
intend start,Text,0.0
intend consolidate,Text,0.0
intend continue,Text,0.0
intend debt,Text,0.0
intend loan,Text,0.0
intend make,Text,0.0
intend paying,Text,0.0
intend payoff,Text,0.0
intend purchase,Text,0.0
intend repay,Text,0.0
intend close,Text,0.0
investment pay,Text,0.0
investment personal,Text,0.0
investment plan,Text,0.0
investment properties,Text,0.0
investment purposes,Text,0.0
investment risk,Text,0.0
investment safe,Text,0.0
investment secure,Text,0.0
intrest loans,Text,0.0
investment sound,Text,0.0
investment stable,Text,0.0
investment thank,Text,0.0
investment thanks,Text,0.0
investment time,Text,0.0
investment want,Text,0.0
investment worth,Text,0.0
investments,Text,0.0
investments br,Text,0.0
investment small,Text,0.0
investment end,Text,0.0
investment family,Text,0.0
investment firm,Text,0.0
investment funds,Text,0.0
investment future,Text,0.0
investment good,Text,0.0
investment great,Text,0.0
investment help,Text,0.0
investment home,Text,0.0
investment opportunity,Text,0.0
investment income,Text,0.0
investment just,Text,0.0
investment let,Text,0.0
investment looking,Text,0.0
investment make,Text,0.0
investment management,Text,0.0
investment money,Text,0.0
investment need,Text,0.0
investment opportunities,Text,0.0
investment hope,Text,0.0
investors banks,Text,0.0
investors believe,Text,0.0
investors big,Text,0.0
investors borrowers,Text,0.0
investors br,Text,0.0
investors committed,Text,0.0
investors contributed,Text,0.0
investors credit,Text,0.0
investors currently,Text,0.0
investments far,Text,0.0
investors days,Text,0.0
investors decide,Text,0.0
investors faith,Text,0.0
investors far,Text,0.0
investors feel,Text,0.0
investors fund,Text,0.0
investors funded,Text,0.0
investors funding,Text,0.0
investors future,Text,0.0
investors date,Text,0.0
investments pay,Text,0.0
investments want,Text,0.0
investor asked,Text,0.0
investor borrower,Text,0.0
investor future,Text,0.0
investor help,Text,0.0
investor helping,Text,0.0
investor lending,Text,0.0
investor like,Text,0.0
investors assist,Text,0.0
investor looking,Text,0.0
investor make,Text,0.0
investor question,Text,0.0
investor questions,Text,0.0
investor thank,Text,0.0
investor thanks,Text,0.0
investors advance,Text,0.0
investors ask,Text,0.0
investors asked,Text,0.0
investor loan,Text,0.0
invest financial,Text,0.0
invest future,Text,0.0
invest help,Text,0.0
invest home,Text,0.0
invest lending,Text,0.0
invest lendingclub,Text,0.0
invest like,Text,0.0
invest loan,Text,0.0
invest money,Text,0.0
investment debt,Text,0.0
invest rental,Text,0.0
invest retirement,Text,0.0
invest small,Text,0.0
invest thank,Text,0.0
invest thanks,Text,0.0
invest won,Text,0.0
invested,Text,0.0
invested br,Text,0.0
invested far,Text,0.0
invest real,Text,0.0
intrest paid,Text,0.0
intro,Text,0.0
intro rate,Text,0.0
introduced,Text,0.0
introduction,Text,0.0
introductory,Text,0.0
introductory rate,Text,0.0
introductory rates,Text,0.0
invaluable,Text,0.0
invest family,Text,0.0
inventory br,Text,0.0
inventory business,Text,0.0
inventory equipment,Text,0.0
inventory new,Text,0.0
invesment,Text,0.0
invest,Text,0.0
invest br,Text,0.0
invest business,Text,0.0
invest confidence,Text,0.0
invention,Text,0.0
investing helping,Text,0.0
investing lending,Text,0.0
investing money,Text,0.0
investing new,Text,0.0
investing people,Text,0.0
investing real,Text,0.0
investing really,Text,0.0
investing thank,Text,0.0
investment account,Text,0.0
invested funding,Text,0.0
investment appreciate,Text,0.0
investment appreciated,Text,0.0
investment bank,Text,0.0
investment br,Text,0.0
investment business,Text,0.0
investment capital,Text,0.0
investment choice,Text,0.0
investment company,Text,0.0
investment consideration,Text,0.0
investment accounts,Text,0.0
invested future,Text,0.0
invested hope,Text,0.0
invested invest,Text,0.0
invested just,Text,0.0
invested loan,Text,0.0
invested money,Text,0.0
invested plan,Text,0.0
invested really,Text,0.0
invested thank,Text,0.0
investing good,Text,0.0
invester,Text,0.0
investers,Text,0.0
investigator,Text,0.0
investing br,Text,0.0
investing business,Text,0.0
investing debt,Text,0.0
investing family,Text,0.0
investing financial,Text,0.0
investing future,Text,0.0
investement,Text,0.0
hit credit,Text,0.0
hit hard,Text,0.0
hit rough,Text,0.0
hit run,Text,0.0
hits,Text,0.0
hitting,Text,0.0
hoa,Text,0.0
hoa fees,Text,0.0
improvements loan,Text,0.0
hobby,Text,0.0
hold,Text,0.0
hold br,Text,0.0
hold credit,Text,0.0
hold debt,Text,0.0
hold job,Text,0.0
hold loan,Text,0.0
hold position,Text,0.0
hold stable,Text,0.0
hobbies,Text,0.0
history responsible,Text,0.0
history score,Text,0.0
history secure,Text,0.0
history shows,Text,0.0
history single,Text,0.0
history solid,Text,0.0
history stable,Text,0.0
history steady,Text,0.0
history strong,Text,0.0
history zero,Text,0.0
history thanks,Text,0.0
history time,Text,0.0
history timely,Text,0.0
history ve,Text,0.0
history want,Text,0.0
history work,Text,0.0
history worked,Text,0.0
history working,Text,0.0
history years,Text,0.0
history thank,Text,0.0
home 000,Text,0.0
home 10,Text,0.0
home 11,Text,0.0
home 12,Text,0.0
home 14,Text,0.0
home 15,Text,0.0
home 18,Text,0.0
home 30,Text,0.0
home 500,Text,0.0
hold steady,Text,0.0
home add,Text,0.0
home adding,Text,0.0
home addition,Text,0.0
home afford,Text,0.0
home amp,Text,0.0
home appliances,Text,0.0
home appraised,Text,0.0
home approximately,Text,0.0
home auto,Text,0.0
home able,Text,0.0
hold time,Text,0.0
hold title,Text,0.0
hold value,Text,0.0
holder,Text,0.0
holders,Text,0.0
holding br,Text,0.0
holdings,Text,0.0
holds,Text,0.0
hole br,Text,0.0
hollywood,Text,0.0
hole ve,Text,0.0
holiday,Text,0.0
holiday br,Text,0.0
holiday season,Text,0.0
holiday travel,Text,0.0
holidays,Text,0.0
holidays br,Text,0.0
holidays coming,Text,0.0
holistic,Text,0.0
hole thank,Text,0.0
history bills,Text,0.0
history clean,Text,0.0
history company,Text,0.0
history continue,Text,0.0
history creditors,Text,0.0
history current,Text,0.0
history currently,Text,0.0
history debt,Text,0.0
history repaying,Text,0.0
history defaults,Text,0.0
history delinquencies,Text,0.0
history delinquent,Text,0.0
history employed,Text,0.0
history employment,Text,0.0
history excellent,Text,0.0
history extremely,Text,0.0
history financial,Text,0.0
history good,Text,0.0
history debts,Text,0.0
hindsight,Text,0.0
hip,Text,0.0
hire,Text,0.0
hire new,Text,0.0
hired,Text,0.0
hired new,Text,0.0
hires,Text,0.0
hiring,Text,0.0
hiring new,Text,0.0
history believe,Text,0.0
historic,Text,0.0
historic district,Text,0.0
historic home,Text,0.0
historical,Text,0.0
historically,Text,0.0
histories,Text,0.0
history 10,Text,0.0
history 100,Text,0.0
history accounts,Text,0.0
hiring people,Text,0.0
history missed,Text,0.0
history missing,Text,0.0
history need,Text,0.0
history outstanding,Text,0.0
history paid,Text,0.0
history past,Text,0.0
history pay,Text,0.0
history paying,Text,0.0
history payment,Text,0.0
history great,Text,0.0
history perfect,Text,0.0
history plan,Text,0.0
history previous,Text,0.0
history proves,Text,0.0
history recently,Text,0.0
history record,Text,0.0
history reflect,Text,0.0
history reflects,Text,0.0
history reliable,Text,0.0
history payments,Text,0.0
history having,Text,0.0
history help,Text,0.0
history high,Text,0.0
history home,Text,0.0
history impeccable,Text,0.0
history income,Text,0.0
history intend,Text,0.0
history job,Text,0.0
history just,Text,0.0
history miss,Text,0.0
history late,Text,0.0
history loan,Text,0.0
history loans,Text,0.0
history long,Text,0.0
history looking,Text,0.0
history low,Text,0.0
history make,Text,0.0
history makes,Text,0.0
history making,Text,0.0
history large,Text,0.0
home moved,Text,0.0
home near,Text,0.0
home needed,Text,0.0
home new,Text,0.0
home nice,Text,0.0
home office,Text,0.0
home order,Text,0.0
home original,Text,0.0
home balance,Text,0.0
home owned,Text,0.0
home owner,Text,0.0
home owners,Text,0.0
home ownership,Text,0.0
home paid,Text,0.0
home parents,Text,0.0
home past,Text,0.0
home pay,Text,0.0
home paying,Text,0.0
home outright,Text,0.0
home living,Text,0.0
home loan,Text,0.0
home loans,Text,0.0
home long,Text,0.0
home longer,Text,0.0
home looking,Text,0.0
home low,Text,0.0
home lower,Text,0.0
home maintenance,Text,0.0
home mother,Text,0.0
home market,Text,0.0
home married,Text,0.0
home medical,Text,0.0
home mom,Text,0.0
home money,Text,0.0
home month,Text,0.0
home monthly,Text,0.0
home months,Text,0.0
home mortgage,Text,0.0
home make,Text,0.0
home remodeling,Text,0.0
home renovation,Text,0.0
home renovations,Text,0.0
home rent,Text,0.0
home rented,Text,0.0
home renting,Text,0.0
home repair,Text,0.0
home replace,Text,0.0
home required,Text,0.0
home payment,Text,0.0
home roof,Text,0.0
home safe,Text,0.0
home salary,Text,0.0
home sale,Text,0.0
home save,Text,0.0
home saving,Text,0.0
home second,Text,0.0
home sell,Text,0.0
home short,Text,0.0
home responsible,Text,0.0
home payments,Text,0.0
home phone,Text,0.0
home plan,Text,0.0
home planning,Text,0.0
home pool,Text,0.0
home prices,Text,0.0
home primary,Text,0.0
home prior,Text,0.0
home process,Text,0.0
home remodel,Text,0.0
home projects,Text,0.0
home property,Text,0.0
home purchase,Text,0.0
home purchased,Text,0.0
home purchasing,Text,0.0
home quot,Text,0.0
home recently,Text,0.0
home reduce,Text,0.0
home refinance,Text,0.0
home project,Text,0.0
home condo,Text,0.0
home construction,Text,0.0
home cost,Text,0.0
home country,Text,0.0
home couple,Text,0.0
home current,Text,0.0
home currently,Text,0.0
home daughter,Text,0.0
home debt,Text,0.0
home live,Text,0.0
home depot,Text,0.0
home doing,Text,0.0
home don,Text,0.0
home employed,Text,0.0
home end,Text,0.0
home energy,Text,0.0
home excellent,Text,0.0
home expenses,Text,0.0
home family,Text,0.0
home december,Text,0.0
home bank,Text,0.0
home based,Text,0.0
home bathroom,Text,0.0
home better,Text,0.0
home bought,Text,0.0
home building,Text,0.0
home built,Text,0.0
home business,Text,0.0
home buyer,Text,0.0
home completely,Text,0.0
home buying,Text,0.0
home car,Text,0.0
home care,Text,0.0
home cars,Text,0.0
home cash,Text,0.0
home child,Text,0.0
home children,Text,0.0
home closer,Text,0.0
home comfortable,Text,0.0
home buyers,Text,0.0
home husband,Text,0.0
home improve,Text,0.0
home improvments,Text,0.0
home including,Text,0.0
home income,Text,0.0
home increase,Text,0.0
home inprovement,Text,0.0
home inspection,Text,0.0
home instead,Text,0.0
home financial,Text,0.0
home interior,Text,0.0
home investment,Text,0.0
home job,Text,0.0
home just,Text,0.0
home kids,Text,0.0
home kitchen,Text,0.0
home late,Text,0.0
home life,Text,0.0
home little,Text,0.0
home insurance,Text,0.0
home fix,Text,0.0
home foreclosure,Text,0.0
home free,Text,0.0
home fully,Text,0.0
home funds,Text,0.0
home furnishings,Text,0.0
home furniture,Text,0.0
home future,Text,0.0
home getting,Text,0.0
home house,Text,0.0
home good,Text,0.0
home great,Text,0.0
home having,Text,0.0
home health,Text,0.0
home heating,Text,0.0
home help,Text,0.0
home high,Text,0.0
home home,Text,0.0
home hope,Text,0.0
home going,Text,0.0
helping people,Text,0.0
helping reach,Text,0.0
helping realize,Text,0.0
helping rid,Text,0.0
helping save,Text,0.0
helping sister,Text,0.0
helping son,Text,0.0
helping start,Text,0.0
hills,Text,0.0
helps br,Text,0.0
helps make,Text,0.0
helps pay,Text,0.0
hesitant,Text,0.0
hesitate,Text,0.0
hesitate ask,Text,0.0
hesitate contact,Text,0.0
hey,Text,0.0
hey looking,Text,0.0
helping thank,Text,0.0
helping brother,Text,0.0
helping build,Text,0.0
helping closer,Text,0.0
helping credit,Text,0.0
helping daughter,Text,0.0
helping debt,Text,0.0
helping dream,Text,0.0
helping family,Text,0.0
helping father,Text,0.0
helping pay,Text,0.0
helping fund,Text,0.0
helping funding,Text,0.0
helping getting,Text,0.0
helping hand,Text,0.0
helping loan,Text,0.0
helping lower,Text,0.0
helping make,Text,0.0
helping mother,Text,0.0
helping parents,Text,0.0
helping friend,Text,0.0
hi trying,Text,0.0
hi using,Text,0.0
hi want,Text,0.0
hi work,Text,0.0
hidden,Text,0.0
hide,Text,0.0
higer,Text,0.0
higer rate,Text,0.0
high 19,Text,0.0
hfc,Text,0.0
high 24,Text,0.0
high 25,Text,0.0
high 26,Text,0.0
high 29,Text,0.0
high 700,Text,0.0
high able,Text,0.0
high account,Text,0.0
high annual,Text,0.0
high aprs,Text,0.0
high 20,Text,0.0
hi,Text,0.0
hi applying,Text,0.0
hi br,Text,0.0
hi credit,Text,0.0
hi currently,Text,0.0
hi going,Text,0.0
hi investors,Text,0.0
hi just,Text,0.0
hi like,Text,0.0
hi thanks,Text,0.0
hi looking,Text,0.0
hi need,Text,0.0
hi plan,Text,0.0
hi purpose,Text,0.0
hi really,Text,0.0
hi reason,Text,0.0
hi recently,Text,0.0
hi requesting,Text,0.0
hi thank,Text,0.0
hi loan,Text,0.0
help secure,Text,0.0
help set,Text,0.0
help settle,Text,0.0
help significantly,Text,0.0
help simplify,Text,0.0
help sister,Text,0.0
help situation,Text,0.0
help small,Text,0.0
helping br,Text,0.0
help special,Text,0.0
help speed,Text,0.0
help stable,Text,0.0
help start,Text,0.0
help started,Text,0.0
help stay,Text,0.0
help step,Text,0.0
help stop,Text,0.0
help stress,Text,0.0
help soon,Text,0.0
help reaching,Text,0.0
help realize,Text,0.0
help really,Text,0.0
help receive,Text,0.0
help reduce,Text,0.0
help refinance,Text,0.0
help relieve,Text,0.0
help relocation,Text,0.0
help remove,Text,0.0
help school,Text,0.0
help replace,Text,0.0
help responsible,Text,0.0
help rest,Text,0.0
help return,Text,0.0
help rid,Text,0.0
help right,Text,0.0
help save,Text,0.0
help saving,Text,0.0
help say,Text,0.0
help repay,Text,0.0
help wife,Text,0.0
help won,Text,0.0
help work,Text,0.0
help young,Text,0.0
helped,Text,0.0
helped br,Text,0.0
helped family,Text,0.0
helped far,Text,0.0
helped fund,Text,0.0
help successful,Text,0.0
helped parents,Text,0.0
helped pay,Text,0.0
helpful,Text,0.0
helpful br,Text,0.0
helpful consolidate,Text,0.0
helpful pay,Text,0.0
helping accomplish,Text,0.0
helping achieve,Text,0.0
helping appreciate,Text,0.0
helped funding,Text,0.0
help summer,Text,0.0
help supplement,Text,0.0
help support,Text,0.0
help thanks,Text,0.0
help things,Text,0.0
help time,Text,0.0
help track,Text,0.0
help tremendously,Text,0.0
help truly,Text,0.0
help way,Text,0.0
help trying,Text,0.0
help turn,Text,0.0
help understand,Text,0.0
help unexpected,Text,0.0
help upcoming,Text,0.0
help upgrade,Text,0.0
help use,Text,0.0
help ve,Text,0.0
help want,Text,0.0
help trust,Text,0.0
higher br,Text,0.0
higher card,Text,0.0
higher cards,Text,0.0
higher cc,Text,0.0
higher currently,Text,0.0
higher debts,Text,0.0
higher education,Text,0.0
higher expected,Text,0.0
high auto,Text,0.0
higher income,Text,0.0
higher interested,Text,0.0
higher interests,Text,0.0
higher interst,Text,0.0
higher intrest,Text,0.0
higher like,Text,0.0
higher loans,Text,0.0
higher lower,Text,0.0
higher minimum,Text,0.0
higher higher,Text,0.0
high tech,Text,0.0
high thank,Text,0.0
high thanks,Text,0.0
high time,Text,0.0
high traffic,Text,0.0
high trying,Text,0.0
high unsecured,Text,0.0
high utilization,Text,0.0
high ve,Text,0.0
higher bills,Text,0.0
high want,Text,0.0
high work,Text,0.0
high years,Text,0.0
high yield,Text,0.0
higher accounts,Text,0.0
higher aprs,Text,0.0
higher balance,Text,0.0
higher balances,Text,0.0
higher bank,Text,0.0
high volume,Text,0.0
highest rate,Text,0.0
highest rates,Text,0.0
highly appreciated,Text,0.0
highly desirable,Text,0.0
highly motivated,Text,0.0
highly profitable,Text,0.0
highly regarded,Text,0.0
highly stable,Text,0.0
highly successful,Text,0.0
higher monthly,Text,0.0
hight,Text,0.0
hight credit,Text,0.0
highway,Text,0.0
hike,Text,0.0
hiked,Text,0.0
hiked rate,Text,0.0
hiked rates,Text,0.0
hikes,Text,0.0
hill,Text,0.0
highly unlikely,Text,0.0
higher offered,Text,0.0
higher paid,Text,0.0
higher paying,Text,0.0
higher payment,Text,0.0
higher payments,Text,0.0
higher percentage,Text,0.0
higher personal,Text,0.0
higher position,Text,0.0
higher return,Text,0.0
highest debt,Text,0.0
higher salary,Text,0.0
higher unsecured,Text,0.0
highest,Text,0.0
highest apr,Text,0.0
highest balance,Text,0.0
highest balances,Text,0.0
highest br,Text,0.0
highest card,Text,0.0
highest credit,Text,0.0
higher revolving,Text,0.0
high end,Text,0.0
high expenses,Text,0.0
high fees,Text,0.0
high fico,Text,0.0
high finance,Text,0.0
high good,Text,0.0
high having,Text,0.0
high help,Text,0.0
high high,Text,0.0
high student,Text,0.0
high income,Text,0.0
high int,Text,0.0
high integrity,Text,0.0
high interes,Text,0.0
high interested,Text,0.0
high interests,Text,0.0
high interst,Text,0.0
high job,Text,0.0
high just,Text,0.0
high hoping,Text,0.0
high balance,Text,0.0
high balances,Text,0.0
high bills,Text,0.0
high car,Text,0.0
high card,Text,0.0
high cc,Text,0.0
high ccs,Text,0.0
high charges,Text,0.0
high compared,Text,0.0
high efficiency,Text,0.0
high consumer,Text,0.0
high cost,Text,0.0
high credits,Text,0.0
high debts,Text,0.0
high deductible,Text,0.0
high demand,Text,0.0
high difficult,Text,0.0
high dollar,Text,0.0
high don,Text,0.0
high consolidating,Text,0.0
high paying,Text,0.0
high payment,Text,0.0
high payments,Text,0.0
high percentage,Text,0.0
high performance,Text,0.0
high personal,Text,0.0
high priority,Text,0.0
high profile,Text,0.0
high profit,Text,0.0
high late,Text,0.0
high rated,Text,0.0
high rent,Text,0.0
high retail,Text,0.0
high return,Text,0.0
high right,Text,0.0
high risk,Text,0.0
high salary,Text,0.0
high school,Text,0.0
high stable,Text,0.0
high quality,Text,0.0
high level,Text,0.0
high limit,Text,0.0
high limits,Text,0.0
high line,Text,0.0
high lines,Text,0.0
high loan,Text,0.0
high long,Text,0.0
high looking,Text,0.0
high lower,Text,0.0
high pay,Text,0.0
high making,Text,0.0
high medical,Text,0.0
high minimum,Text,0.0
high missed,Text,0.0
high monthly,Text,0.0
high need,Text,0.0
high net,Text,0.0
high ones,Text,0.0
high paid,Text,0.0
high make,Text,0.0
hurricane ike,Text,0.0
hurricane irene,Text,0.0
hurricane shutters,Text,0.0
hurry,Text,0.0
hurt,Text,0.0
hurt credit,Text,0.0
hurting,Text,0.0
hurting credit,Text,0.0
home small,Text,0.0
hurts credit,Text,0.0
husband,Text,0.0
husband amp,Text,0.0
husband br,Text,0.0
husband company,Text,0.0
husband credit,Text,0.0
husband current,Text,0.0
husband currently,Text,0.0
husband employed,Text,0.0
hurts,Text,0.0
https www,Text,0.0
hubby,Text,0.0
hud,Text,0.0
huge difference,Text,0.0
huge rates,Text,0.0
huge relief,Text,0.0
huge step,Text,0.0
human,Text,0.0
human resource,Text,0.0
hurdle,Text,0.0
humble,Text,0.0
humbled,Text,0.0
humbling,Text,0.0
humbly,Text,0.0
hump,Text,0.0
hundreds month,Text,0.0
hundreds thousands,Text,0.0
hungry,Text,0.0
hunting,Text,0.0
human resources,Text,0.0
husband want,Text,0.0
husband work,Text,0.0
husband working,Text,0.0
husband works,Text,0.0
husbands,Text,0.0
hvac,Text,0.0
hvac unit,Text,0.0
hybrid,Text,0.0
ia,Text,0.0
husband father,Text,0.0
ibm,Text,0.0
ican,Text,0.0
ice,Text,0.0
ice cream,Text,0.0
id,Text,0.0
id like,Text,0.0
idea br,Text,0.0
idea having,Text,0.0
idea lending,Text,0.0
iam,Text,0.0
husband got,Text,0.0
husband income,Text,0.0
husband job,Text,0.0
husband just,Text,0.0
husband laid,Text,0.0
husband like,Text,0.0
husband looking,Text,0.0
husband lost,Text,0.0
husband make,Text,0.0
husband unemployed,Text,0.0
husband married,Text,0.0
husband paid,Text,0.0
husband passed,Text,0.0
husband pay,Text,0.0
husband pays,Text,0.0
husband recently,Text,0.0
husband secure,Text,0.0
husband stable,Text,0.0
husband trying,Text,0.0
husband makes,Text,0.0
house thanks,Text,0.0
house time,Text,0.0
house took,Text,0.0
house trying,Text,0.0
house use,Text,0.0
house used,Text,0.0
house value,Text,0.0
house ve,Text,0.0
https,Text,0.0
house water,Text,0.0
house went,Text,0.0
house wife,Text,0.0
house winter,Text,0.0
house work,Text,0.0
house working,Text,0.0
house worth,Text,0.0
house year,Text,0.0
household,Text,0.0
house want,Text,0.0
house recently,Text,0.0
house remodel,Text,0.0
house remodeling,Text,0.0
house renovation,Text,0.0
house rent,Text,0.0
house rental,Text,0.0
house renting,Text,0.0
house repair,Text,0.0
house repairs,Text,0.0
house thank,Text,0.0
house right,Text,0.0
house sale,Text,0.0
house sell,Text,0.0
house sells,Text,0.0
house short,Text,0.0
house small,Text,0.0
house sold,Text,0.0
house stable,Text,0.0
house start,Text,0.0
house replace,Text,0.0
housing expenses,Text,0.0
housing market,Text,0.0
housing payment,Text,0.0
housing rent,Text,0.0
housing utilities,Text,0.0
houston,Text,0.0
houston texas,Text,0.0
howard,Text,0.0
hp,Text,0.0
household bank,Text,0.0
hrs,Text,0.0
hrs week,Text,0.0
hsa,Text,0.0
hsbc bank,Text,0.0
hsbc card,Text,0.0
hsbc credit,Text,0.0
html,Text,0.0
http,Text,0.0
http www,Text,0.0
hr,Text,0.0
household bills,Text,0.0
household br,Text,0.0
household budget,Text,0.0
household combined,Text,0.0
household credit,Text,0.0
household debt,Text,0.0
household expenses,Text,0.0
household goods,Text,0.0
household income,Text,0.0
housing costs,Text,0.0
household monthly,Text,0.0
household projects,Text,0.0
household repairs,Text,0.0
household wife,Text,0.0
households,Text,0.0
houses,Text,0.0
housing,Text,0.0
housing 600,Text,0.0
housing br,Text,0.0
household items,Text,0.0
important step,Text,0.0
important thank,Text,0.0
important things,Text,0.0
important want,Text,0.0
importantly,Text,0.0
importing,Text,0.0
imposed,Text,0.0
impossible,Text,0.0
idea loan,Text,0.0
impossible pay,Text,0.0
impressed,Text,0.0
impressive,Text,0.0
improve br,Text,0.0
improve debt,Text,0.0
improve finances,Text,0.0
improve financial,Text,0.0
improve home,Text,0.0
improve house,Text,0.0
impossible ahead,Text,0.0
implementation,Text,0.0
implemented,Text,0.0
implementing,Text,0.0
import,Text,0.0
import export,Text,0.0
importance,Text,0.0
importance credit,Text,0.0
importance good,Text,0.0
importance having,Text,0.0
important plan,Text,0.0
importance making,Text,0.0
importance paying,Text,0.0
important credit,Text,0.0
important family,Text,0.0
important good,Text,0.0
important loan,Text,0.0
important maintain,Text,0.0
important make,Text,0.0
important pay,Text,0.0
importance maintaining,Text,0.0
improvement primary,Text,0.0
improvement purchase,Text,0.0
improvement quot,Text,0.0
improvement repairs,Text,0.0
improvement thank,Text,0.0
improvement work,Text,0.0
improvements add,Text,0.0
improvements condo,Text,0.0
improvements consolidate,Text,0.0
improve kitchen,Text,0.0
improvements current,Text,0.0
improvements excellent,Text,0.0
improvements good,Text,0.0
improvements house,Text,0.0
improvements include,Text,0.0
improvements including,Text,0.0
improvements increase,Text,0.0
improvements kitchen,Text,0.0
improvements like,Text,0.0
improvements credit,Text,0.0
improve life,Text,0.0
improve monthly,Text,0.0
improve overall,Text,0.0
improve quality,Text,0.0
improve score,Text,0.0
improve situation,Text,0.0
improve value,Text,0.0
improved credit,Text,0.0
improved significantly,Text,0.0
improvement new,Text,0.0
improvement credit,Text,0.0
improvement debt,Text,0.0
improvement good,Text,0.0
improvement home,Text,0.0
improvement house,Text,0.0
improvement loan,Text,0.0
improvement loans,Text,0.0
improvement make,Text,0.0
improvement need,Text,0.0
improvement costs,Text,0.0
ill,Text,0.0
ill able,Text,0.0
ill family,Text,0.0
ill pay,Text,0.0
illinois,Text,0.0
illness,Text,0.0
illness br,Text,0.0
im applying,Text,0.0
im asking,Text,0.0
implement,Text,0.0
im getting,Text,0.0
im going,Text,0.0
im good,Text,0.0
im hard,Text,0.0
im hoping,Text,0.0
im just,Text,0.0
im late,Text,0.0
im looking,Text,0.0
im paying,Text,0.0
im buying,Text,0.0
idea means,Text,0.0
idea paying,Text,0.0
idea people,Text,0.0
ideal,Text,0.0
ideal borrower,Text,0.0
ideally,Text,0.0
ideas,Text,0.0
identifiable,Text,0.0
identified,Text,0.0
il,Text,0.0
identity,Text,0.0
identity theft,Text,0.0
ignorance,Text,0.0
ignore,Text,0.0
ignored,Text,0.0
ihave,Text,0.0
ii,Text,0.0
iii,Text,0.0
ike,Text,0.0
identify,Text,0.0
immediately thank,Text,0.0
immensely,Text,0.0
immensely br,Text,0.0
immigration,Text,0.0
impact,Text,0.0
impact br,Text,0.0
impact credit,Text,0.0
impact monthly,Text,0.0
impacted,Text,0.0
im planing,Text,0.0
impacts,Text,0.0
impala,Text,0.0
impeccable,Text,0.0
impeccable credit,Text,0.0
impeccable payment,Text,0.0
impending,Text,0.0
imperative,Text,0.0
implant,Text,0.0
implants,Text,0.0
impacting,Text,0.0
im planning,Text,0.0
im really,Text,0.0
im responsible,Text,0.0
im sure,Text,0.0
im time,Text,0.0
im tired,Text,0.0
im working,Text,0.0
image,Text,0.0
imagine,Text,0.0
immediately paying,Text,0.0
immediate bills,Text,0.0
immediate family,Text,0.0
immediate future,Text,0.0
immediate need,Text,0.0
immediately,Text,0.0
immediately br,Text,0.0
immediately following,Text,0.0
immediately paid,Text,0.0
immediately pay,Text,0.0
immediate,Text,0.0
hope end,Text,0.0
hope fully,Text,0.0
hope funding,Text,0.0
hope future,Text,0.0
hope gain,Text,0.0
hope goes,Text,0.0
hope good,Text,0.0
hope guys,Text,0.0
house really,Text,0.0
hope help,Text,0.0
hope information,Text,0.0
hope invest,Text,0.0
hope investor,Text,0.0
hope investors,Text,0.0
hope lending,Text,0.0
hope ll,Text,0.0
hope loan,Text,0.0
hope lower,Text,0.0
hope hear,Text,0.0
honorable,Text,0.0
honored,Text,0.0
honoring,Text,0.0
honors,Text,0.0
hood,Text,0.0
hook,Text,0.0
hope answer,Text,0.0
hope answered,Text,0.0
hope answers,Text,0.0
hope debt,Text,0.0
hope assist,Text,0.0
hope better,Text,0.0
hope br,Text,0.0
hope business,Text,0.0
hope consider,Text,0.0
hope consolidate,Text,0.0
hope continue,Text,0.0
hope credit,Text,0.0
hope day,Text,0.0
hope approved,Text,0.0
hopefully debt,Text,0.0
hopefully help,Text,0.0
hopefully lending,Text,0.0
hopefully ll,Text,0.0
hopefully loan,Text,0.0
hopefully lower,Text,0.0
hopefully make,Text,0.0
hopefully pay,Text,0.0
hopefully soon,Text,0.0
hope make,Text,0.0
hopefully start,Text,0.0
hopefully years,Text,0.0
hopeing,Text,0.0
hopes,Text,0.0
hopes able,Text,0.0
hopes getting,Text,0.0
hopes pay,Text,0.0
hoping able,Text,0.0
hoping approved,Text,0.0
hopefully sooner,Text,0.0
hope money,Text,0.0
hope opportunity,Text,0.0
hope paid,Text,0.0
hope paying,Text,0.0
hope reach,Text,0.0
hope receive,Text,0.0
hope reduce,Text,0.0
hope start,Text,0.0
hope thank,Text,0.0
hopefully credit,Text,0.0
hope use,Text,0.0
hope work,Text,0.0
hope works,Text,0.0
hope years,Text,0.0
hoped,Text,0.0
hopeful,Text,0.0
hopefully able,Text,0.0
hopefully better,Text,0.0
hopefully br,Text,0.0
hope understand,Text,0.0
home used,Text,0.0
home using,Text,0.0
home value,Text,0.0
home valued,Text,0.0
home values,Text,0.0
home ve,Text,0.0
home vehicle,Text,0.0
home vehicles,Text,0.0
honor debts,Text,0.0
home wedding,Text,0.0
home wife,Text,0.0
home winter,Text,0.0
home work,Text,0.0
home worked,Text,0.0
home working,Text,0.0
home worth,Text,0.0
home yrs,Text,0.0
homebuyer,Text,0.0
home want,Text,0.0
home sold,Text,0.0
home soon,Text,0.0
home stable,Text,0.0
home start,Text,0.0
home started,Text,0.0
home state,Text,0.0
home stretch,Text,0.0
home summer,Text,0.0
home taking,Text,0.0
home use,Text,0.0
home thank,Text,0.0
home thanks,Text,0.0
home things,Text,0.0
home total,Text,0.0
home town,Text,0.0
home trying,Text,0.0
home unexpected,Text,0.0
home upgrade,Text,0.0
home upgrades,Text,0.0
home taxes,Text,0.0
honest br,Text,0.0
honest guy,Text,0.0
honest hard,Text,0.0
honest hardworking,Text,0.0
honest people,Text,0.0
honest person,Text,0.0
honest reliable,Text,0.0
honest responsible,Text,0.0
honest trustworthy,Text,0.0
homedepot,Text,0.0
honestly br,Text,0.0
honestly say,Text,0.0
honesty,Text,0.0
honey,Text,0.0
honey moon,Text,0.0
honeymoon br,Text,0.0
honeymoon expenses,Text,0.0
honor,Text,0.0
honor commitment,Text,0.0
honestly,Text,0.0
homeland,Text,0.0
homeland security,Text,0.0
homeless,Text,0.0
homeowner,Text,0.0
homeowner 20,Text,0.0
homeowner br,Text,0.0
homeowner stable,Text,0.0
homeowner years,Text,0.0
homeowners,Text,0.0
honest,Text,0.0
homeownership,Text,0.0
homes,Text,0.0
homes area,Text,0.0
homes br,Text,0.0
homestead,Text,0.0
hometown,Text,0.0
honda accord,Text,0.0
honda civic,Text,0.0
honda shadow,Text,0.0
homeowners insurance,Text,0.0
house getting,Text,0.0
house going,Text,0.0
house good,Text,0.0
house got,Text,0.0
house great,Text,0.0
house help,Text,0.0
house hold,Text,0.0
house home,Text,0.0
hoping better,Text,0.0
house improvements,Text,0.0
house including,Text,0.0
house income,Text,0.0
house insurance,Text,0.0
house investment,Text,0.0
house job,Text,0.0
house just,Text,0.0
house kids,Text,0.0
house land,Text,0.0
house house,Text,0.0
house condo,Text,0.0
house consolidate,Text,0.0
house contract,Text,0.0
house couple,Text,0.0
house credit,Text,0.0
house currently,Text,0.0
house dad,Text,0.0
house day,Text,0.0
house debt,Text,0.0
house future,Text,0.0
house downpayment,Text,0.0
house end,Text,0.0
house expenses,Text,0.0
house family,Text,0.0
house feel,Text,0.0
house fixed,Text,0.0
house flooded,Text,0.0
house free,Text,0.0
house fully,Text,0.0
house don,Text,0.0
house need,Text,0.0
house needed,Text,0.0
house new,Text,0.0
house note,Text,0.0
house order,Text,0.0
house outright,Text,0.0
house owned,Text,0.0
house paid,Text,0.0
house paint,Text,0.0
house late,Text,0.0
house paying,Text,0.0
house payments,Text,0.0
house plan,Text,0.0
house process,Text,0.0
house property,Text,0.0
house purchased,Text,0.0
house purchasing,Text,0.0
house putting,Text,0.0
house ready,Text,0.0
house pay,Text,0.0
house lending,Text,0.0
house like,Text,0.0
house little,Text,0.0
house live,Text,0.0
house lived,Text,0.0
house living,Text,0.0
house loan,Text,0.0
house long,Text,0.0
house looking,Text,0.0
house near,Text,0.0
house make,Text,0.0
house making,Text,0.0
house market,Text,0.0
house money,Text,0.0
house monthly,Text,0.0
house months,Text,0.0
house mortgage,Text,0.0
house moved,Text,0.0
house moving,Text,0.0
house lower,Text,0.0
horses,Text,0.0
hospice,Text,0.0
hospital bills,Text,0.0
hospital br,Text,0.0
hospital credit,Text,0.0
hospital doctor,Text,0.0
hospital health,Text,0.0
hospital insurance,Text,0.0
hospital medical,Text,0.0
house closing,Text,0.0
hospital stays,Text,0.0
hospital ve,Text,0.0
hospital years,Text,0.0
hospitality,Text,0.0
hospitalization,Text,0.0
hospitalized,Text,0.0
hospitals,Text,0.0
host,Text,0.0
hostage,Text,0.0
hospital stay,Text,0.0
hoping debt,Text,0.0
hoping finally,Text,0.0
hoping fully,Text,0.0
hoping funding,Text,0.0
hoping help,Text,0.0
hoping improve,Text,0.0
hoping lending,Text,0.0
hoping loan,Text,0.0
hoping lower,Text,0.0
horse trailer,Text,0.0
hoping purchase,Text,0.0
hoping refinance,Text,0.0
hoping save,Text,0.0
hoping secure,Text,0.0
hoping start,Text,0.0
hoping use,Text,0.0
horizon,Text,0.0
horrible,Text,0.0
horse,Text,0.0
hoping make,Text,0.0
house 10,Text,0.0
house 12,Text,0.0
house 15,Text,0.0
house 18,Text,0.0
house 20,Text,0.0
house 2008,Text,0.0
house 30,Text,0.0
house able,Text,0.0
house add,Text,0.0
hosting,Text,0.0
house appraised,Text,0.0
house balance,Text,0.0
house bills,Text,0.0
house bought,Text,0.0
house built,Text,0.0
house buy,Text,0.0
house car,Text,0.0
house cars,Text,0.0
house close,Text,0.0
house amp,Text,0.0
hot,Text,0.0
hot tub,Text,0.0
hot water,Text,0.0
hotel,Text,0.0
hotels,Text,0.0
hour,Text,0.0
hour commute,Text,0.0
hour week,Text,0.0
hour work,Text,0.0
hours work,Text,0.0
hourly wage,Text,0.0
hours,Text,0.0
hours br,Text,0.0
hours cut,Text,0.0
hours day,Text,0.0
hours left,Text,0.0
hours overtime,Text,0.0
hours time,Text,0.0
hours week,Text,0.0
hourly,Text,0.0
debt extremely,Text,0.0
debt fact,Text,0.0
debt failed,Text,0.0
debt fairly,Text,0.0
debt family,Text,0.0
debt far,Text,0.0
debt fast,Text,0.0
debt favorable,Text,0.0
finally getting,Text,0.0
debt feet,Text,0.0
debt figure,Text,0.0
debt final,Text,0.0
debt finally,Text,0.0
debt finance,Text,0.0
debt finances,Text,0.0
debt financial,Text,0.0
debt financially,Text,0.0
debt financing,Text,0.0
debt feel,Text,0.0
debt elimination,Text,0.0
debt emergency,Text,0.0
debt employed,Text,0.0
debt enable,Text,0.0
debt end,Text,0.0
debt ensure,Text,0.0
debt entire,Text,0.0
debt entirely,Text,0.0
debt especially,Text,0.0
debt extra,Text,0.0
debt eventually,Text,0.0
debt ex,Text,0.0
debt excellent,Text,0.0
debt exception,Text,0.0
debt excited,Text,0.0
debt excluding,Text,0.0
debt expect,Text,0.0
debt expenses,Text,0.0
debt expensive,Text,0.0
debt establish,Text,0.0
debt graduate,Text,0.0
debt graduating,Text,0.0
debt great,Text,0.0
debt greatly,Text,0.0
debt grew,Text,0.0
debt half,Text,0.0
debt hanging,Text,0.0
debt happy,Text,0.0
debt hard,Text,0.0
debt finish,Text,0.0
debt helping,Text,0.0
debt high,Text,0.0
debt higher,Text,0.0
debt history,Text,0.0
debt hold,Text,0.0
debt home,Text,0.0
debt hope,Text,0.0
debt hopefully,Text,0.0
debt hopes,Text,0.0
debt haven,Text,0.0
debt finishing,Text,0.0
debt fix,Text,0.0
debt focus,Text,0.0
debt following,Text,0.0
debt forever,Text,0.0
debt forward,Text,0.0
debt freedom,Text,0.0
debt fresh,Text,0.0
debt fully,Text,0.0
debt grad,Text,0.0
debt funded,Text,0.0
debt funding,Text,0.0
debt funds,Text,0.0
debt furniture,Text,0.0
debt future,Text,0.0
debt goal,Text,0.0
debt going,Text,0.0
debt gone,Text,0.0
debt got,Text,0.0
debt fund,Text,0.0
debt consider,Text,0.0
debt consilidation,Text,0.0
debt consistent,Text,0.0
debt consistently,Text,0.0
debt consists,Text,0.0
debt consoidation,Text,0.0
debt consol,Text,0.0
debt consoladation,Text,0.0
debt eliminated,Text,0.0
debt consolidate,Text,0.0
debt consolidated,Text,0.0
debt consolidations,Text,0.0
debt consolodation,Text,0.0
debt continue,Text,0.0
debt control,Text,0.0
debt cost,Text,0.0
debt couple,Text,0.0
debt course,Text,0.0
debt consoldation,Text,0.0
debt cleared,Text,0.0
debt closed,Text,0.0
debt closing,Text,0.0
debt collection,Text,0.0
debt college,Text,0.0
debt combine,Text,0.0
debt combining,Text,0.0
debt come,Text,0.0
debt comes,Text,0.0
debt considation,Text,0.0
debt comfortably,Text,0.0
debt coming,Text,0.0
debt committed,Text,0.0
debt companies,Text,0.0
debt company,Text,0.0
debt complete,Text,0.0
debt completely,Text,0.0
debt concentrate,Text,0.0
debt consalidation,Text,0.0
debt comfortable,Text,0.0
debt different,Text,0.0
debt difficult,Text,0.0
debt discover,Text,0.0
debt divorce,Text,0.0
debt does,Text,0.0
debt doesn,Text,0.0
debt doing,Text,0.0
debt don,Text,0.0
debt dont,Text,0.0
debt cover,Text,0.0
debt early,Text,0.0
debt ease,Text,0.0
debt easier,Text,0.0
debt easily,Text,0.0
debt easy,Text,0.0
debt effectively,Text,0.0
debt efficient,Text,0.0
debt efficiently,Text,0.0
debt effort,Text,0.0
debt earlier,Text,0.0
debt create,Text,0.0
debt created,Text,0.0
debt creditors,Text,0.0
debt current,Text,0.0
debt currently,Text,0.0
debt cut,Text,0.0
debt cutting,Text,0.0
debt cycle,Text,0.0
debt date,Text,0.0
debt didn,Text,0.0
debt debts,Text,0.0
debt decent,Text,0.0
debt decrease,Text,0.0
debt decreasing,Text,0.0
debt defaulted,Text,0.0
debt dental,Text,0.0
debt despite,Text,0.0
debt determined,Text,0.0
debt did,Text,0.0
debt deal,Text,0.0
debt overall,Text,0.0
debt owe,Text,0.0
debt owed,Text,0.0
debt past,Text,0.0
debt payed,Text,0.0
debt payments,Text,0.0
debt peace,Text,0.0
debt perfect,Text,0.0
debt hoping,Text,0.0
debt permanently,Text,0.0
debt place,Text,0.0
debt plan,Text,0.0
debt planning,Text,0.0
debt plus,Text,0.0
debt point,Text,0.0
debt portion,Text,0.0
debt position,Text,0.0
debt possible,Text,0.0
debt period,Text,0.0
debt multiple,Text,0.0
debt necessary,Text,0.0
debt needed,Text,0.0
debt needs,Text,0.0
debt new,Text,0.0
debt nice,Text,0.0
debt non,Text,0.0
debt obligation,Text,0.0
debt obligations,Text,0.0
debt outstanding,Text,0.0
debt obtained,Text,0.0
debt obtaining,Text,0.0
debt occurred,Text,0.0
debt old,Text,0.0
debt open,Text,0.0
debt opportunity,Text,0.0
debt order,Text,0.0
debt original,Text,0.0
debt outside,Text,0.0
debt obtain,Text,0.0
debt quickly,Text,0.0
debt quot,Text,0.0
debt racked,Text,0.0
debt raise,Text,0.0
debt raising,Text,0.0
debt ranging,Text,0.0
debt rates,Text,0.0
debt ratio,Text,0.0
debt ready,Text,0.0
debt prefer,Text,0.0
debt really,Text,0.0
debt reason,Text,0.0
debt reasonable,Text,0.0
debt rebuild,Text,0.0
debt receive,Text,0.0
debt received,Text,0.0
debt recent,Text,0.0
debt recently,Text,0.0
debt reducing,Text,0.0
debt realized,Text,0.0
debt preparation,Text,0.0
debt prepare,Text,0.0
debt pretty,Text,0.0
debt previous,Text,0.0
debt pride,Text,0.0
debt prior,Text,0.0
debt priority,Text,0.0
debt private,Text,0.0
debt problem,Text,0.0
debt quick,Text,0.0
debt proceeds,Text,0.0
debt process,Text,0.0
debt proven,Text,0.0
debt provide,Text,0.0
debt purchasing,Text,0.0
debt purpose,Text,0.0
debt putting,Text,0.0
debt qualify,Text,0.0
debt questions,Text,0.0
debt problems,Text,0.0
debt issue,Text,0.0
debt issues,Text,0.0
debt job,Text,0.0
debt key,Text,0.0
debt know,Text,0.0
debt laid,Text,0.0
debt large,Text,0.0
debt late,Text,0.0
debt moving,Text,0.0
debt leave,Text,0.0
debt leaving,Text,0.0
debt left,Text,0.0
debt lender,Text,0.0
debt lendingclub,Text,0.0
debt let,Text,0.0
debt level,Text,0.0
debt life,Text,0.0
debt lines,Text,0.0
debt law,Text,0.0
debt hospital,Text,0.0
debt household,Text,0.0
debt husband,Text,0.0
debt im,Text,0.0
debt immediately,Text,0.0
debt important,Text,0.0
debt improve,Text,0.0
debt includes,Text,0.0
debt including,Text,0.0
debt isn,Text,0.0
debt increase,Text,0.0
debt increased,Text,0.0
debt incur,Text,0.0
debt installment,Text,0.0
debt instead,Text,0.0
debt intend,Text,0.0
debt invest,Text,0.0
debt investment,Text,0.0
debt irs,Text,0.0
debt income,Text,0.0
debt makes,Text,0.0
debt managable,Text,0.0
debt manage,Text,0.0
debt managed,Text,0.0
debt management,Text,0.0
debt marriage,Text,0.0
debt married,Text,0.0
debt means,Text,0.0
debt medical,Text,0.0
debt lingering,Text,0.0
debt minor,Text,0.0
debt minus,Text,0.0
debt miss,Text,0.0
debt missed,Text,0.0
debt money,Text,0.0
debt month,Text,0.0
debt months,Text,0.0
debt mortgage,Text,0.0
debt moved,Text,0.0
debt minimum,Text,0.0
debt listed,Text,0.0
debt little,Text,0.0
debt live,Text,0.0
debt living,Text,0.0
debt ll,Text,0.0
debt load,Text,0.0
debt loans,Text,0.0
debt long,Text,0.0
debt longer,Text,0.0
debt major,Text,0.0
debt looking,Text,0.0
debt lost,Text,0.0
debt lot,Text,0.0
debt love,Text,0.0
debt lowering,Text,0.0
debt lump,Text,0.0
debt main,Text,0.0
debt mainly,Text,0.0
debt maintain,Text,0.0
debt look,Text,0.0
daughter needs,Text,0.0
daughter pay,Text,0.0
daughter recently,Text,0.0
daughter school,Text,0.0
daughter starting,Text,0.0
daughter thank,Text,0.0
daughter wedding,Text,0.0
daughters,Text,0.0
debt clean,Text,0.0
daughters college,Text,0.0
daughters wedding,Text,0.0
dave,Text,0.0
dave ramsey,Text,0.0
david,Text,0.0
davidson,Text,0.0
davidson motorcycle,Text,0.0
day,Text,0.0
day able,Text,0.0
daughters braces,Text,0.0
date paying,Text,0.0
date payments,Text,0.0
date payoff,Text,0.0
date plan,Text,0.0
date set,Text,0.0
date sight,Text,0.0
date thank,Text,0.0
date thanks,Text,0.0
date work,Text,0.0
daughter just,Text,0.0
dates,Text,0.0
dates br,Text,0.0
dating,Text,0.0
daughter born,Text,0.0
daughter br,Text,0.0
daughter car,Text,0.0
daughter college,Text,0.0
daughter education,Text,0.0
daughter going,Text,0.0
dated,Text,0.0
day pay,Text,0.0
day quot,Text,0.0
day soon,Text,0.0
day thank,Text,0.0
day thanks,Text,0.0
day time,Text,0.0
day ve,Text,0.0
day want,Text,0.0
day week,Text,0.0
day br,Text,0.0
day work,Text,0.0
daycare,Text,0.0
daycare center,Text,0.0
days ago,Text,0.0
days br,Text,0.0
days credit,Text,0.0
days funding,Text,0.0
days late,Text,0.0
days left,Text,0.0
day wife,Text,0.0
day care,Text,0.0
day credit,Text,0.0
day day,Text,0.0
day debt,Text,0.0
day expenses,Text,0.0
day fund,Text,0.0
day help,Text,0.0
day home,Text,0.0
day hope,Text,0.0
day operations,Text,0.0
day job,Text,0.0
day late,Text,0.0
day left,Text,0.0
day life,Text,0.0
day like,Text,0.0
day living,Text,0.0
day loan,Text,0.0
day loans,Text,0.0
day looking,Text,0.0
day investor,Text,0.0
cut paying,Text,0.0
cut payment,Text,0.0
cut payments,Text,0.0
cut rate,Text,0.0
cut rates,Text,0.0
cut spending,Text,0.0
cut thank,Text,0.0
cut want,Text,0.0
date pay,Text,0.0
cute,Text,0.0
cuts,Text,0.0
cutting,Text,0.0
cutting cards,Text,0.0
cutting credit,Text,0.0
cutting edge,Text,0.0
cutting monthly,Text,0.0
cycle br,Text,0.0
cycle credit,Text,0.0
cut year,Text,0.0
customer service,Text,0.0
customer support,Text,0.0
customer years,Text,0.0
customers,Text,0.0
customers br,Text,0.0
customers pay,Text,0.0
customers waiting,Text,0.0
customized,Text,0.0
customs,Text,0.0
cut pay,Text,0.0
cut br,Text,0.0
cut card,Text,0.0
cut debt,Text,0.0
cut expenses,Text,0.0
cut half,Text,0.0
cut high,Text,0.0
cut limits,Text,0.0
cut loan,Text,0.0
cut monthly,Text,0.0
cut backs,Text,0.0
danger,Text,0.0
danger losing,Text,0.0
dangerous,Text,0.0
dark,Text,0.0
darn,Text,0.0
data,Text,0.0
data analyst,Text,0.0
database,Text,0.0
date 10,Text,0.0
cycle paying,Text,0.0
date help,Text,0.0
date instead,Text,0.0
date job,Text,0.0
date just,Text,0.0
date late,Text,0.0
date like,Text,0.0
date loan,Text,0.0
date monthly,Text,0.0
date paid,Text,0.0
date credit,Text,0.0
dads,Text,0.0
daily,Text,0.0
daily basis,Text,0.0
daily br,Text,0.0
daily commute,Text,0.0
daily driver,Text,0.0
daily expenses,Text,0.0
daily living,Text,0.0
daily use,Text,0.0
dance,Text,0.0
dallas,Text,0.0
damage br,Text,0.0
damage car,Text,0.0
damage caused,Text,0.0
damage credit,Text,0.0
damage house,Text,0.0
damaged,Text,0.0
damages,Text,0.0
damaging,Text,0.0
dakota,Text,0.0
debt aggressive,Text,0.0
debt aggressively,Text,0.0
debt ahead,Text,0.0
debt allowing,Text,0.0
debt amassed,Text,0.0
debt american,Text,0.0
debt amounts,Text,0.0
debt appreciate,Text,0.0
days loan,Text,0.0
debt approximately,Text,0.0
debt apr,Text,0.0
debt aquired,Text,0.0
debt asap,Text,0.0
debt aside,Text,0.0
debt assist,Text,0.0
debt associated,Text,0.0
debt attending,Text,0.0
debt auto,Text,0.0
debt approx,Text,0.0
debt 40,Text,0.0
debt 401k,Text,0.0
debt 50,Text,0.0
debt 500,Text,0.0
debt 5000,Text,0.0
debt 800,Text,0.0
debt 900,Text,0.0
debt ability,Text,0.0
debt able,Text,0.0
debt affordable,Text,0.0
debt account,Text,0.0
debt accounts,Text,0.0
debt acquired,Text,0.0
debt actually,Text,0.0
debt add,Text,0.0
debt adding,Text,0.0
debt addition,Text,0.0
debt additional,Text,0.0
debt afford,Text,0.0
debt accelerate,Text,0.0
debt built,Text,0.0
debt burden,Text,0.0
debt business,Text,0.0
debt buy,Text,0.0
debt buying,Text,0.0
debt came,Text,0.0
debt cancel,Text,0.0
debt card,Text,0.0
debt cards,Text,0.0
debt average,Text,0.0
debt carries,Text,0.0
debt carry,Text,0.0
debt carrying,Text,0.0
debt cash,Text,0.0
debt caused,Text,0.0
debt cc,Text,0.0
debt charged,Text,0.0
debt chase,Text,0.0
debt cheaper,Text,0.0
debt care,Text,0.0
debt avoid,Text,0.0
debt away,Text,0.0
debt balance,Text,0.0
debt balances,Text,0.0
debt bank,Text,0.0
debt banks,Text,0.0
debt based,Text,0.0
debt began,Text,0.0
debt begin,Text,0.0
debt building,Text,0.0
debt best,Text,0.0
debt big,Text,0.0
debt bills,Text,0.0
debt bit,Text,0.0
debt borrowed,Text,0.0
debt bought,Text,0.0
debt bring,Text,0.0
debt budget,Text,0.0
debt build,Text,0.0
debt believe,Text,0.0
dealer,Text,0.0
dealers,Text,0.0
dealership,Text,0.0
dealerships,Text,0.0
dealing banks,Text,0.0
dealing credit,Text,0.0
dealings,Text,0.0
deals,Text,0.0
dealt,Text,0.0
debt 36,Text,0.0
dear friend,Text,0.0
dear investor,Text,0.0
dear investors,Text,0.0
dear lender,Text,0.0
dear lenders,Text,0.0
dear lending,Text,0.0
dear potential,Text,0.0
dear sir,Text,0.0
dear sirs,Text,0.0
dean,Text,0.0
days month,Text,0.0
days need,Text,0.0
days past,Text,0.0
days pay,Text,0.0
days thank,Text,0.0
days thanks,Text,0.0
days week,Text,0.0
dba,Text,0.0
dc,Text,0.0
deal thank,Text,0.0
dc metro,Text,0.0
dead,Text,0.0
deadline,Text,0.0
deadlines,Text,0.0
deal br,Text,0.0
deal car,Text,0.0
deal credit,Text,0.0
deal money,Text,0.0
deal pay,Text,0.0
dc area,Text,0.0
debited checking,Text,0.0
debits br,Text,0.0
debt 000,Text,0.0
debt 10,Text,0.0
debt 100,Text,0.0
debt 1000,Text,0.0
debt 11,Text,0.0
debt 12,Text,0.0
debt 14,Text,0.0
death,Text,0.0
debt 19,Text,0.0
debt 20,Text,0.0
debt 2013,Text,0.0
debt 23,Text,0.0
debt 24,Text,0.0
debt 25,Text,0.0
debt 27,Text,0.0
debt 28,Text,0.0
debt 30,Text,0.0
debt 18,Text,0.0
death family,Text,0.0
deaths,Text,0.0
deaths family,Text,0.0
deb,Text,0.0
debit card,Text,0.0
debit cards,Text,0.0
debit consolidation,Text,0.0
debit credit,Text,0.0
debit free,Text,0.0
debited account,Text,0.0
debit lower,Text,0.0
debit paid,Text,0.0
debit pay,Text,0.0
debit payment,Text,0.0
debit ratio,Text,0.0
debit time,Text,0.0
debit want,Text,0.0
debit years,Text,0.0
debited,Text,0.0
debit loan,Text,0.0
degree pay,Text,0.0
degree program,Text,0.0
degree psychology,Text,0.0
degree time,Text,0.0
degree university,Text,0.0
degree ve,Text,0.0
degree work,Text,0.0
degree worked,Text,0.0
debt reduction,Text,0.0
degree years,Text,0.0
degrees,Text,0.0
delaware,Text,0.0
delay,Text,0.0
delayed,Text,0.0
delaying,Text,0.0
delays,Text,0.0
delete,Text,0.0
deleted,Text,0.0
degree working,Text,0.0
degree,Text,0.0
degree accounting,Text,0.0
degree br,Text,0.0
degree business,Text,0.0
degree computer,Text,0.0
degree criminal,Text,0.0
degree currently,Text,0.0
degree december,Text,0.0
degree economics,Text,0.0
degree nursing,Text,0.0
degree employed,Text,0.0
degree engineering,Text,0.0
degree finance,Text,0.0
degree like,Text,0.0
degree loan,Text,0.0
degree looking,Text,0.0
degree make,Text,0.0
degree mechanical,Text,0.0
degree need,Text,0.0
degree education,Text,0.0
delinquent payment,Text,0.0
delinquent payments,Text,0.0
deliquencies,Text,0.0
deliquency,Text,0.0
deliquent,Text,0.0
deliquent payments,Text,0.0
delivered,Text,0.0
delivering,Text,0.0
delivery,Text,0.0
deli,Text,0.0
delta,Text,0.0
demand br,Text,0.0
demand company,Text,0.0
demand industry,Text,0.0
demand pay,Text,0.0
demand services,Text,0.0
demanding,Text,0.0
demands,Text,0.0
demographic,Text,0.0
dell financial,Text,0.0
deligent,Text,0.0
delighted,Text,0.0
delinquencies,Text,0.0
delinquencies br,Text,0.0
delinquencies credit,Text,0.0
delinquencies late,Text,0.0
delinquencies past,Text,0.0
delinquencies years,Text,0.0
delinquency,Text,0.0
delinquent loan,Text,0.0
delinquency credit,Text,0.0
delinquency past,Text,0.0
delinquent,Text,0.0
delinquent account,Text,0.0
delinquent accounts,Text,0.0
delinquent bills,Text,0.0
delinquent br,Text,0.0
delinquent credit,Text,0.0
delinquent late,Text,0.0
delinquency br,Text,0.0
deducted account,Text,0.0
deducted bank,Text,0.0
deducted checking,Text,0.0
deducting,Text,0.0
deduction,Text,0.0
deductions,Text,0.0
deed,Text,0.0
deemed,Text,0.0
definition,Text,0.0
deeper,Text,0.0
deeper debt,Text,0.0
deeply,Text,0.0
deeply appreciate,Text,0.0
deer,Text,0.0
deere,Text,0.0
default br,Text,0.0
default loan,Text,0.0
default loans,Text,0.0
deep,Text,0.0
decrease debt,Text,0.0
decrease monthly,Text,0.0
decrease payments,Text,0.0
decrease rate,Text,0.0
decreased,Text,0.0
decreases,Text,0.0
decreasing,Text,0.0
decreasing credit,Text,0.0
decreasing debt,Text,0.0
deducted,Text,0.0
dedicated,Text,0.0
dedicated hard,Text,0.0
dedicated paying,Text,0.0
dedicated worker,Text,0.0
dedication,Text,0.0
dedt,Text,0.0
dedt br,Text,0.0
dedt consolidation,Text,0.0
deductable,Text,0.0
dedicate,Text,0.0
defense industry,Text,0.0
defer,Text,0.0
deferment,Text,0.0
deferred,Text,0.0
deficit,Text,0.0
definately,Text,0.0
defined,Text,0.0
definetly,Text,0.0
definite,Text,0.0
default payment,Text,0.0
definite pay,Text,0.0
definite payoff,Text,0.0
definitely,Text,0.0
definitely able,Text,0.0
definitely afford,Text,0.0
definitely going,Text,0.0
definitely help,Text,0.0
definitely make,Text,0.0
definitely pay,Text,0.0
definite end,Text,0.0
default payments,Text,0.0
defaulted bills,Text,0.0
defaulted br,Text,0.0
defaulted credit,Text,0.0
defaulted debt,Text,0.0
defaulted debts,Text,0.0
defaulted financial,Text,0.0
defaulted loan,Text,0.0
defaulted loans,Text,0.0
defense contractor,Text,0.0
defaulted payment,Text,0.0
defaulted payments,Text,0.0
defaulted type,Text,0.0
defaulting,Text,0.0
defaulting loan,Text,0.0
defaults,Text,0.0
defaults br,Text,0.0
defaults late,Text,0.0
defense,Text,0.0
defaulted obligation,Text,0.0
derogatory marks,Text,0.0
descent,Text,0.0
described,Text,0.0
described loan,Text,0.0
description br,Text,0.0
description loan,Text,0.0
description quot,Text,0.0
descriptions,Text,0.0
demonstrate,Text,0.0
deserve br,Text,0.0
deserved,Text,0.0
deserved vacation,Text,0.0
deserves,Text,0.0
deserves br,Text,0.0
deserving,Text,0.0
design,Text,0.0
design business,Text,0.0
design company,Text,0.0
deserve,Text,0.0
depreciated,Text,0.0
depreciating,Text,0.0
depreciation,Text,0.0
depressed,Text,0.0
depressing,Text,0.0
depression,Text,0.0
dept br,Text,0.0
dept consolidation,Text,0.0
dept credit,Text,0.0
derogatory credit,Text,0.0
dept loan,Text,0.0
dept pay,Text,0.0
dept payment,Text,0.0
dept store,Text,0.0
depth,Text,0.0
depts,Text,0.0
deputy,Text,0.0
derived,Text,0.0
derogatory,Text,0.0
dept free,Text,0.0
desperate need,Text,0.0
desperately,Text,0.0
desperately need,Text,0.0
desperately needed,Text,0.0
desperately needs,Text,0.0
desperately trying,Text,0.0
desperately want,Text,0.0
despite bad,Text,0.0
despite credit,Text,0.0
design development,Text,0.0
despite economy,Text,0.0
despite excellent,Text,0.0
despite fact,Text,0.0
despite good,Text,0.0
despite having,Text,0.0
despite high,Text,0.0
despite late,Text,0.0
despite paying,Text,0.0
despite recent,Text,0.0
despite current,Text,0.0
design engineer,Text,0.0
design firm,Text,0.0
design projects,Text,0.0
designated,Text,0.0
designation,Text,0.0
designed,Text,0.0
designer,Text,0.0
designing,Text,0.0
designs,Text,0.0
desperate,Text,0.0
desire,Text,0.0
desire consolidate,Text,0.0
desire debt,Text,0.0
desire loan,Text,0.0
desire pay,Text,0.0
desired,Text,0.0
desiring,Text,0.0
desk,Text,0.0
desktop,Text,0.0
desirable,Text,0.0
dental surgery,Text,0.0
dentist,Text,0.0
dents,Text,0.0
dentures,Text,0.0
denver,Text,0.0
department defense,Text,0.0
department education,Text,0.0
department homeland,Text,0.0
department stores,Text,0.0
depot credit,Text,0.0
departments,Text,0.0
depend,Text,0.0
depend credit,Text,0.0
dependability,Text,0.0
dependable,Text,0.0
dependable borrower,Text,0.0
dependable br,Text,0.0
dependable car,Text,0.0
dependable hard,Text,0.0
department years,Text,0.0
demonstrated,Text,0.0
demonstrates,Text,0.0
denied,Text,0.0
denied loan,Text,0.0
dent,Text,0.0
dent balance,Text,0.0
dent balances,Text,0.0
dent br,Text,0.0
dent credit,Text,0.0
dental school,Text,0.0
dent high,Text,0.0
dental bills,Text,0.0
dental health,Text,0.0
dental implants,Text,0.0
dental insurance,Text,0.0
dental loan,Text,0.0
dental medical,Text,0.0
dental procedure,Text,0.0
dental procedures,Text,0.0
dent debt,Text,0.0
deploy,Text,0.0
deployed,Text,0.0
deployed iraq,Text,0.0
deploying,Text,0.0
deployment,Text,0.0
deployment br,Text,0.0
deposit apartment,Text,0.0
deposit br,Text,0.0
deposit broker,Text,0.0
dependable income,Text,0.0
deposit month,Text,0.0
deposit months,Text,0.0
deposit moving,Text,0.0
deposit new,Text,0.0
deposited,Text,0.0
deposits,Text,0.0
depot,Text,0.0
depot br,Text,0.0
depot card,Text,0.0
deposit home,Text,0.0
dependable job,Text,0.0
dependable pay,Text,0.0
dependable person,Text,0.0
dependable reliable,Text,0.0
dependable responsible,Text,0.0
depended,Text,0.0
dependent,Text,0.0
dependents,Text,0.0
dependents br,Text,0.0
depleting savings,Text,0.0
depending overtime,Text,0.0
depending time,Text,0.0
depends,Text,0.0
deplete,Text,0.0
deplete savings,Text,0.0
depleted,Text,0.0
depleted cash,Text,0.0
depleted savings,Text,0.0
depleting,Text,0.0
depending,Text,0.0
debt using,Text,0.0
debt usually,Text,0.0
debt various,Text,0.0
debt vehicle,Text,0.0
debt wanted,Text,0.0
debt wanting,Text,0.0
debt wedding,Text,0.0
debt went,Text,0.0
decrease credit,Text,0.0
debt wish,Text,0.0
debt won,Text,0.0
debt work,Text,0.0
debt worked,Text,0.0
debt working,Text,0.0
debt worry,Text,0.0
debt young,Text,0.0
debt younger,Text,0.0
debt yrs,Text,0.0
debt wife,Text,0.0
debt think,Text,0.0
debt time,Text,0.0
debt timely,Text,0.0
debt tired,Text,0.0
debt today,Text,0.0
debt took,Text,0.0
debt totaling,Text,0.0
debt totals,Text,0.0
debt track,Text,0.0
debt used,Text,0.0
debt try,Text,0.0
debt trying,Text,0.0
debt tunnel,Text,0.0
debt turn,Text,0.0
debt ultimately,Text,0.0
debt unemployed,Text,0.0
debt unfortunate,Text,0.0
debt unfortunately,Text,0.0
debt unsecured,Text,0.0
debt tried,Text,0.0
debts consolidate,Text,0.0
debts consolidated,Text,0.0
debts consolidation,Text,0.0
debts credit,Text,0.0
debts current,Text,0.0
debts currently,Text,0.0
debts debt,Text,0.0
debts debts,Text,0.0
debts defaulted,Text,0.0
debt zero,Text,0.0
debts don,Text,0.0
debts early,Text,0.0
debts easier,Text,0.0
debts easy,Text,0.0
debts enable,Text,0.0
debts excellent,Text,0.0
debts extra,Text,0.0
debts faster,Text,0.0
debts fixed,Text,0.0
debts different,Text,0.0
debtor,Text,0.0
debtors,Text,0.0
debts 36,Text,0.0
debts able,Text,0.0
debts account,Text,0.0
debts accrued,Text,0.0
debts accumulated,Text,0.0
debts acquired,Text,0.0
debts afford,Text,0.0
debts consider,Text,0.0
debts amp,Text,0.0
debts appreciate,Text,0.0
debts average,Text,0.0
debts better,Text,0.0
debts bills,Text,0.0
debts car,Text,0.0
debts cards,Text,0.0
debts combined,Text,0.0
debts completely,Text,0.0
debts allow,Text,0.0
debt result,Text,0.0
debt rid,Text,0.0
debt right,Text,0.0
debt roof,Text,0.0
debt rsquo,Text,0.0
debt save,Text,0.0
debt saving,Text,0.0
debt savings,Text,0.0
debt things,Text,0.0
debt school,Text,0.0
debt second,Text,0.0
debt secure,Text,0.0
debt seeing,Text,0.0
debt seeking,Text,0.0
debt seriously,Text,0.0
debt service,Text,0.0
debt set,Text,0.0
debt settlement,Text,0.0
debt scheduled,Text,0.0
debt refinance,Text,0.0
debt refinancing,Text,0.0
debt related,Text,0.0
debt reliable,Text,0.0
debt relief,Text,0.0
debt remainder,Text,0.0
debt remaining,Text,0.0
debt rent,Text,0.0
debt repaid,Text,0.0
debt rest,Text,0.0
debt repairs,Text,0.0
debt repay,Text,0.0
debt repayment,Text,0.0
debt replace,Text,0.0
debt requested,Text,0.0
debt requesting,Text,0.0
debt resolved,Text,0.0
debt responsible,Text,0.0
debt responsibly,Text,0.0
debt repair,Text,0.0
debt started,Text,0.0
debt stay,Text,0.0
debt steadily,Text,0.0
debt steady,Text,0.0
debt step,Text,0.0
debt stop,Text,0.0
debt stress,Text,0.0
debt strong,Text,0.0
debt structured,Text,0.0
debt short,Text,0.0
debt substantially,Text,0.0
debt taken,Text,0.0
debt taking,Text,0.0
debt tax,Text,0.0
debt taxes,Text,0.0
debt term,Text,0.0
debt terms,Text,0.0
debt thats,Text,0.0
debt thing,Text,0.0
debt student,Text,0.0
debt shorter,Text,0.0
debt significant,Text,0.0
debt significantly,Text,0.0
debt simple,Text,0.0
debt simplify,Text,0.0
debt simply,Text,0.0
debt situation,Text,0.0
debt slowly,Text,0.0
debt small,Text,0.0
debt start,Text,0.0
debt snowball,Text,0.0
debt solid,Text,0.0
debt soon,Text,0.0
debt sooner,Text,0.0
debt specific,Text,0.0
debt spending,Text,0.0
debt spent,Text,0.0
debt spread,Text,0.0
debt stable,Text,0.0
debt smart,Text,0.0
decide help,Text,0.0
decide invest,Text,0.0
decided apply,Text,0.0
decided best,Text,0.0
decided buy,Text,0.0
decided change,Text,0.0
decided charge,Text,0.0
decided consolidate,Text,0.0
debts free,Text,0.0
decided fund,Text,0.0
decided help,Text,0.0
decided increase,Text,0.0
decided instead,Text,0.0
decided invest,Text,0.0
decided loan,Text,0.0
decided look,Text,0.0
decided make,Text,0.0
decided new,Text,0.0
decided debt,Text,0.0
decades,Text,0.0
deceased,Text,0.0
december 2008,Text,0.0
december 2009,Text,0.0
december 2010,Text,0.0
december 2011,Text,0.0
december 2012,Text,0.0
december br,Text,0.0
december loan,Text,0.0
decide fund,Text,0.0
decent credit,Text,0.0
decent income,Text,0.0
decent job,Text,0.0
decent living,Text,0.0
decent money,Text,0.0
decent rate,Text,0.0
decent salary,Text,0.0
decent used,Text,0.0
decide,Text,0.0
december year,Text,0.0
decisions younger,Text,0.0
deck house,Text,0.0
deck new,Text,0.0
deck patio,Text,0.0
deck pool,Text,0.0
deck yard,Text,0.0
decking,Text,0.0
decks,Text,0.0
declare,Text,0.0
decided pay,Text,0.0
declared bankruptcy,Text,0.0
decline,Text,0.0
declined,Text,0.0
declining,Text,0.0
decor,Text,0.0
decorate,Text,0.0
decorating,Text,0.0
decorations,Text,0.0
decrease,Text,0.0
declared,Text,0.0
decided raise,Text,0.0
decided route,Text,0.0
decided start,Text,0.0
decided time,Text,0.0
decided try,Text,0.0
decided use,Text,0.0
decides,Text,0.0
deciding,Text,0.0
decision,Text,0.0
decisions past,Text,0.0
decision invest,Text,0.0
decision loan,Text,0.0
decision making,Text,0.0
decision pay,Text,0.0
decision thank,Text,0.0
decisions,Text,0.0
decisions br,Text,0.0
decisions college,Text,0.0
decisions credit,Text,0.0
decision br,Text,0.0
debts like,Text,0.0
debts listed,Text,0.0
debts live,Text,0.0
debts loan,Text,0.0
debts loans,Text,0.0
debts long,Text,0.0
debts looking,Text,0.0
debts low,Text,0.0
debts lower,Text,0.0
decade br,Text,0.0
debts manage,Text,0.0
debts manageable,Text,0.0
debts medical,Text,0.0
debts missed,Text,0.0
debts money,Text,0.0
debts month,Text,0.0
debts mortgage,Text,0.0
debts need,Text,0.0
debts new,Text,0.0
debts making,Text,0.0
debts funds,Text,0.0
debts goal,Text,0.0
debts going,Text,0.0
debts good,Text,0.0
debts great,Text,0.0
debts having,Text,0.0
debts help,Text,0.0
debts high,Text,0.0
debts higher,Text,0.0
debts late,Text,0.0
debts hope,Text,0.0
debts improve,Text,0.0
debts include,Text,0.0
debts including,Text,0.0
debts incurred,Text,0.0
debts instead,Text,0.0
debts intend,Text,0.0
debts job,Text,0.0
debts just,Text,0.0
debts home,Text,0.0
debts small,Text,0.0
debts smaller,Text,0.0
debts soon,Text,0.0
debts sooner,Text,0.0
debts stable,Text,0.0
debts start,Text,0.0
debts steady,Text,0.0
debts student,Text,0.0
debts taken,Text,0.0
debts owe,Text,0.0
debts timely,Text,0.0
debts total,Text,0.0
debts use,Text,0.0
debts ve,Text,0.0
debts wish,Text,0.0
debts work,Text,0.0
debts year,Text,0.0
debts years,Text,0.0
dec,Text,0.0
debts time,Text,0.0
debts owed,Text,0.0
debts past,Text,0.0
debts pay,Text,0.0
debts paying,Text,0.0
debts payment,Text,0.0
debts payments,Text,0.0
debts personal,Text,0.0
debts plan,Text,0.0
debts priority,Text,0.0
debts single,Text,0.0
debts quickly,Text,0.0
debts rate,Text,0.0
debts rates,Text,0.0
debts reduce,Text,0.0
debts rest,Text,0.0
debts right,Text,0.0
debts save,Text,0.0
debts seriously,Text,0.0
debts simplify,Text,0.0
debts quicker,Text,0.0
contributions br,Text,0.0
contributions greatly,Text,0.0
contributors,Text,0.0
control br,Text,0.0
control credit,Text,0.0
control debt,Text,0.0
control debts,Text,0.0
control financial,Text,0.0
customer lending,Text,0.0
control loan,Text,0.0
control spending,Text,0.0
control start,Text,0.0
control thank,Text,0.0
control want,Text,0.0
controll,Text,0.0
controlled,Text,0.0
controller,Text,0.0
controlling,Text,0.0
control life,Text,0.0
contractor br,Text,0.0
contractor years,Text,0.0
contractors,Text,0.0
contractors br,Text,0.0
contracts,Text,0.0
contracts br,Text,0.0
contractual,Text,0.0
contribute,Text,0.0
contribute br,Text,0.0
contribution loan,Text,0.0
contribute savings,Text,0.0
contributed,Text,0.0
contributed far,Text,0.0
contributed helping,Text,0.0
contributed loan,Text,0.0
contributes,Text,0.0
contributing,Text,0.0
contributing loan,Text,0.0
contribution,Text,0.0
contribute loan,Text,0.0
convience,Text,0.0
convince,Text,0.0
convinced,Text,0.0
cook,Text,0.0
cookies,Text,0.0
cooking,Text,0.0
cool,Text,0.0
cooler,Text,0.0
cooling,Text,0.0
controls,Text,0.0
coop,Text,0.0
cooperation,Text,0.0
cooperative,Text,0.0
coordinator,Text,0.0
copies,Text,0.0
copy,Text,0.0
core,Text,0.0
corner,Text,0.0
corolla,Text,0.0
cooling costs,Text,0.0
convenience br,Text,0.0
convenience making,Text,0.0
convenience monthly,Text,0.0
convenience payment,Text,0.0
convenience store,Text,0.0
convenient,Text,0.0
convenient br,Text,0.0
convenient monthly,Text,0.0
convenient payment,Text,0.0
convey,Text,0.0
conventional,Text,0.0
conventional bank,Text,0.0
conventional financing,Text,0.0
conventional loan,Text,0.0
conversion,Text,0.0
convert credit,Text,0.0
converted,Text,0.0
convertible,Text,0.0
converting,Text,0.0
conveniently,Text,0.0
containers,Text,0.0
contains,Text,0.0
content,Text,0.0
contingencies,Text,0.0
contingency,Text,0.0
continual,Text,0.0
continually,Text,0.0
continue br,Text,0.0
contractor,Text,0.0
continue building,Text,0.0
continue doing,Text,0.0
continue education,Text,0.0
continue expand,Text,0.0
continue fund,Text,0.0
continue future,Text,0.0
continue help,Text,0.0
continue improve,Text,0.0
continue increase,Text,0.0
continue build,Text,0.0
consumer electronics,Text,0.0
consumer loan,Text,0.0
consumer loans,Text,0.0
consumers,Text,0.0
consuming,Text,0.0
consumption,Text,0.0
contact additional,Text,0.0
contact anytime,Text,0.0
contact br,Text,0.0
container,Text,0.0
contact information,Text,0.0
contact questions,Text,0.0
contact support,Text,0.0
contact thank,Text,0.0
contacted,Text,0.0
contacted credit,Text,0.0
contacted lending,Text,0.0
contacting,Text,0.0
contacts,Text,0.0
contact info,Text,0.0
continued support,Text,0.0
continues,Text,0.0
continues grow,Text,0.0
continuing education,Text,0.0
continuing grow,Text,0.0
continuing pay,Text,0.0
continuing work,Text,0.0
continuously,Text,0.0
continuously employed,Text,0.0
continue loan,Text,0.0
contract job,Text,0.0
contract just,Text,0.0
contract work,Text,0.0
contract year,Text,0.0
contract years,Text,0.0
contracted,Text,0.0
contracting,Text,0.0
contracting company,Text,0.0
contraction,Text,0.0
contract br,Text,0.0
continue make,Text,0.0
continue making,Text,0.0
continue money,Text,0.0
continue monthly,Text,0.0
continue pay,Text,0.0
continue paying,Text,0.0
continue raise,Text,0.0
continue save,Text,0.0
continue stay,Text,0.0
continued success,Text,0.0
continue trend,Text,0.0
continue use,Text,0.0
continue work,Text,0.0
continue working,Text,0.0
continue years,Text,0.0
continued education,Text,0.0
continued employment,Text,0.0
continued grow,Text,0.0
continued growth,Text,0.0
continue time,Text,0.0
council,Text,0.0
counsel,Text,0.0
counseling,Text,0.0
counselor,Text,0.0
count,Text,0.0
counted,Text,0.0
counters,Text,0.0
countertop,Text,0.0
corp,Text,0.0
counties,Text,0.0
counting,Text,0.0
counting br,Text,0.0
countless,Text,0.0
countries,Text,0.0
country,Text,0.0
country br,Text,0.0
country job,Text,0.0
country years,Text,0.0
countertops,Text,0.0
costs living,Text,0.0
costs loan,Text,0.0
costs looking,Text,0.0
costs low,Text,0.0
costs moving,Text,0.0
costs needed,Text,0.0
costs new,Text,0.0
costs paid,Text,0.0
costs pay,Text,0.0
couldn work,Text,0.0
costs rent,Text,0.0
costs thank,Text,0.0
costs thanks,Text,0.0
costs time,Text,0.0
costs wedding,Text,0.0
couch,Text,0.0
couldn,Text,0.0
couldn afford,Text,0.0
couldn pay,Text,0.0
costs related,Text,0.0
couple thousand,Text,0.0
couple times,Text,0.0
couple unexpected,Text,0.0
couple weeks,Text,0.0
couple years,Text,0.0
coupled,Text,0.0
couples,Text,0.0
course,Text,0.0
course br,Text,0.0
counts,Text,0.0
course pay,Text,0.0
course year,Text,0.0
course years,Text,0.0
courses,Text,0.0
court,Text,0.0
courts,Text,0.0
cover additional,Text,0.0
cover balance,Text,0.0
cover bills,Text,0.0
course loan,Text,0.0
county,Text,0.0
county government,Text,0.0
county san,Text,0.0
county years,Text,0.0
couple accounts,Text,0.0
couple bills,Text,0.0
couple br,Text,0.0
couple cards,Text,0.0
couple credit,Text,0.0
couple things,Text,0.0
couple dollars,Text,0.0
couple higher,Text,0.0
couple home,Text,0.0
couple large,Text,0.0
couple loans,Text,0.0
couple month,Text,0.0
couple payments,Text,0.0
couple small,Text,0.0
couple smaller,Text,0.0
couple debts,Text,0.0
corresponding,Text,0.0
corvette,Text,0.0
cosigned,Text,0.0
cosigner,Text,0.0
cosmetic,Text,0.0
cosmetic surgery,Text,0.0
cosmetics,Text,0.0
cosolidate,Text,0.0
cosolidate credit,Text,0.0
costs like,Text,0.0
cosolidating,Text,0.0
cosolidation,Text,0.0
cosolidation br,Text,0.0
cost 000,Text,0.0
cost 10,Text,0.0
cost 1000,Text,0.0
cost 500,Text,0.0
cost approximately,Text,0.0
cost br,Text,0.0
cosolidate debt,Text,0.0
corporate,Text,0.0
corporate america,Text,0.0
corporate clients,Text,0.0
corporate finance,Text,0.0
corporate ladder,Text,0.0
corporate world,Text,0.0
corporation,Text,0.0
corporation br,Text,0.0
corporation years,Text,0.0
correctly,Text,0.0
corps,Text,0.0
correct,Text,0.0
correct br,Text,0.0
correct mistakes,Text,0.0
corrected,Text,0.0
correction,Text,0.0
correctional,Text,0.0
correctional officer,Text,0.0
corrections,Text,0.0
corporations,Text,0.0
cost wedding,Text,0.0
costa,Text,0.0
costa rica,Text,0.0
costco,Text,0.0
costed,Text,0.0
costing,Text,0.0
costly,Text,0.0
costly br,Text,0.0
costs associated,Text,0.0
cost business,Text,0.0
costs business,Text,0.0
costs covered,Text,0.0
costs credit,Text,0.0
costs expenses,Text,0.0
costs home,Text,0.0
costs including,Text,0.0
costs insurance,Text,0.0
costs involved,Text,0.0
costs just,Text,0.0
costs br,Text,0.0
cost credit,Text,0.0
cost effective,Text,0.0
cost high,Text,0.0
cost home,Text,0.0
cost house,Text,0.0
cost living,Text,0.0
cost loan,Text,0.0
cost long,Text,0.0
cost low,Text,0.0
cost thank,Text,0.0
cost money,Text,0.0
cost month,Text,0.0
cost moving,Text,0.0
cost new,Text,0.0
cost pay,Text,0.0
cost personal,Text,0.0
cost project,Text,0.0
cost repair,Text,0.0
cost savings,Text,0.0
cost medical,Text,0.0
consolidate open,Text,0.0
consolidate order,Text,0.0
consolidate owe,Text,0.0
consolidate paid,Text,0.0
consolidate paying,Text,0.0
consolidate payoff,Text,0.0
consolidate personal,Text,0.0
consolidate portion,Text,0.0
consumer debts,Text,0.0
consolidate previous,Text,0.0
consolidate reasonable,Text,0.0
consolidate reduce,Text,0.0
consolidate refinance,Text,0.0
consolidate remainder,Text,0.0
consolidate rid,Text,0.0
consolidate save,Text,0.0
consolidate school,Text,0.0
consolidate simplify,Text,0.0
consolidate possible,Text,0.0
consolidate highest,Text,0.0
consolidate home,Text,0.0
consolidate household,Text,0.0
consolidate just,Text,0.0
consolidate large,Text,0.0
consolidate left,Text,0.0
consolidate lines,Text,0.0
consolidate little,Text,0.0
consolidate low,Text,0.0
consolidate old,Text,0.0
consolidate major,Text,0.0
consolidate majority,Text,0.0
consolidate manageable,Text,0.0
consolidate medical,Text,0.0
consolidate minor,Text,0.0
consolidate money,Text,0.0
consolidate multiple,Text,0.0
consolidate number,Text,0.0
consolidate numerous,Text,0.0
consolidate lower,Text,0.0
consolidated single,Text,0.0
consolidating accounts,Text,0.0
consolidating allow,Text,0.0
consolidating balances,Text,0.0
consolidating bills,Text,0.0
consolidating br,Text,0.0
consolidating car,Text,0.0
consolidating cards,Text,0.0
consolidating cc,Text,0.0
consolidate single,Text,0.0
consolidating couple,Text,0.0
consolidating current,Text,0.0
consolidating existing,Text,0.0
consolidating family,Text,0.0
consolidating getting,Text,0.0
consolidating help,Text,0.0
consolidating lending,Text,0.0
consolidating loan,Text,0.0
consolidating loans,Text,0.0
consolidating chase,Text,0.0
consolidate small,Text,0.0
consolidate store,Text,0.0
consolidate student,Text,0.0
consolidate total,Text,0.0
consolidate unexpected,Text,0.0
consolidate unsecured,Text,0.0
consolidate various,Text,0.0
consolidate wedding,Text,0.0
consolidate wife,Text,0.0
consolidated payment,Text,0.0
consolidated bills,Text,0.0
consolidated br,Text,0.0
consolidated cards,Text,0.0
consolidated credit,Text,0.0
consolidated debt,Text,0.0
consolidated debts,Text,0.0
consolidated lower,Text,0.0
consolidated monthly,Text,0.0
consolidated paid,Text,0.0
consolidated able,Text,0.0
consistently paying,Text,0.0
consistently time,Text,0.0
consisting,Text,0.0
consists,Text,0.0
conslidate,Text,0.0
conslidation,Text,0.0
conslidation br,Text,0.0
consoidate,Text,0.0
consolidate help,Text,0.0
consoidation br,Text,0.0
consoildate,Text,0.0
consol,Text,0.0
consoladating,Text,0.0
consolation,Text,0.0
consoldate,Text,0.0
consoldate credit,Text,0.0
consoldation,Text,0.0
consoldation br,Text,0.0
consoidation,Text,0.0
consilidating,Text,0.0
consilidation,Text,0.0
consilidation br,Text,0.0
consist,Text,0.0
consistant,Text,0.0
consistant payments,Text,0.0
consistantly,Text,0.0
consistency,Text,0.0
consistent br,Text,0.0
consistently pay,Text,0.0
consistent income,Text,0.0
consistent monthly,Text,0.0
consistent payment,Text,0.0
consistent payments,Text,0.0
consistent timely,Text,0.0
consistently,Text,0.0
consistently employed,Text,0.0
consistently make,Text,0.0
consistently paid,Text,0.0
consistent employment,Text,0.0
consolidate close,Text,0.0
consolidate consumer,Text,0.0
consolidate couple,Text,0.0
consolidate creditcards,Text,0.0
consolidate credits,Text,0.0
consolidate current,Text,0.0
consolidate date,Text,0.0
consolidate debit,Text,0.0
consolidate dept,Text,0.0
consoldiate,Text,0.0
consolidate ease,Text,0.0
consolidate easy,Text,0.0
consolidate eliminate,Text,0.0
consolidate expenses,Text,0.0
consolidate family,Text,0.0
consolidate final,Text,0.0
consolidate fixed,Text,0.0
consolidate following,Text,0.0
consolidate good,Text,0.0
consolidate different,Text,0.0
consoliate,Text,0.0
consolidat,Text,0.0
consolidate 10,Text,0.0
consolidate 12,Text,0.0
consolidate account,Text,0.0
consolidate accounts,Text,0.0
consolidate amp,Text,0.0
consolidate auto,Text,0.0
consolidate bad,Text,0.0
consolidate chase,Text,0.0
consolidate balances,Text,0.0
consolidate bank,Text,0.0
consolidate better,Text,0.0
consolidate br,Text,0.0
consolidate business,Text,0.0
consolidate car,Text,0.0
consolidate card,Text,0.0
consolidate cards,Text,0.0
consolidate cc,Text,0.0
consolidate balance,Text,0.0
consolidation save,Text,0.0
consolidation saving,Text,0.0
consolidation small,Text,0.0
consolidation specifically,Text,0.0
consolidation start,Text,0.0
consolidation steady,Text,0.0
consolidation thank,Text,0.0
consolidation thanks,Text,0.0
consolidating lower,Text,0.0
consolidation trying,Text,0.0
consolidation used,Text,0.0
consolidation using,Text,0.0
consolidation various,Text,0.0
consolidation ve,Text,0.0
consolidation want,Text,0.0
consolidation way,Text,0.0
consolidation wedding,Text,0.0
consolidation year,Text,0.0
consolidation time,Text,0.0
consolidation payment,Text,0.0
consolidation payoff,Text,0.0
consolidation personal,Text,0.0
consolidation plan,Text,0.0
consolidation plus,Text,0.0
consolidation process,Text,0.0
consolidation purchase,Text,0.0
consolidation purpose,Text,0.0
consolidation purposes,Text,0.0
consolidation rid,Text,0.0
consolidation rate,Text,0.0
consolidation rates,Text,0.0
consolidation recently,Text,0.0
consolidation reduction,Text,0.0
consolidation refinancing,Text,0.0
consolidation remaining,Text,0.0
consolidation request,Text,0.0
consolidation result,Text,0.0
consolidation revolving,Text,0.0
consolidation quot,Text,0.0
construction company,Text,0.0
construction home,Text,0.0
construction industry,Text,0.0
construction loan,Text,0.0
construction new,Text,0.0
construction project,Text,0.0
consult,Text,0.0
consultants,Text,0.0
consultation,Text,0.0
consolidations,Text,0.0
consulting business,Text,0.0
consulting company,Text,0.0
consulting firm,Text,0.0
consulting services,Text,0.0
consulting work,Text,0.0
consumed,Text,0.0
consumer,Text,0.0
consumer credit,Text,0.0
consumer debt,Text,0.0
consulting,Text,0.0
consolidations br,Text,0.0
consolidaton,Text,0.0
consolidtion,Text,0.0
consolitation,Text,0.0
consolitdate,Text,0.0
consolodate bills,Text,0.0
consolodate debt,Text,0.0
consolodating,Text,0.0
consolodation,Text,0.0
construction business,Text,0.0
consolodation lower,Text,0.0
constant,Text,0.0
constantly,Text,0.0
constitute,Text,0.0
constraints,Text,0.0
construct,Text,0.0
constructed,Text,0.0
construction,Text,0.0
construction br,Text,0.0
consolodation br,Text,0.0
consolidation accounts,Text,0.0
consolidation actually,Text,0.0
consolidation allow,Text,0.0
consolidation amp,Text,0.0
consolidation auto,Text,0.0
consolidation balance,Text,0.0
consolidation best,Text,0.0
consolidation better,Text,0.0
consolidation bills,Text,0.0
consolidation paying,Text,0.0
consolidation car,Text,0.0
consolidation cc,Text,0.0
consolidation close,Text,0.0
consolidation combine,Text,0.0
consolidation couple,Text,0.0
consolidation current,Text,0.0
consolidation currently,Text,0.0
consolidation debts,Text,0.0
consolidation easier,Text,0.0
consolidation business,Text,0.0
consolidating lowering,Text,0.0
consolidating medical,Text,0.0
consolidating monthly,Text,0.0
consolidating multiple,Text,0.0
consolidating outstanding,Text,0.0
consolidating pay,Text,0.0
consolidating paying,Text,0.0
consolidating payments,Text,0.0
consolidating personal,Text,0.0
consolidation able,Text,0.0
consolidating remaining,Text,0.0
consolidating revolving,Text,0.0
consolidating save,Text,0.0
consolidating single,Text,0.0
consolidating small,Text,0.0
consolidating smaller,Text,0.0
consolidating student,Text,0.0
consolidating thank,Text,0.0
consolidating unsecured,Text,0.0
consolidating rate,Text,0.0
consolidation load,Text,0.0
consolidation loans,Text,0.0
consolidation looking,Text,0.0
consolidation low,Text,0.0
consolidation lower,Text,0.0
consolidation major,Text,0.0
consolidation make,Text,0.0
consolidation medical,Text,0.0
consolidation missed,Text,0.0
consolidation easy,Text,0.0
consolidation monthly,Text,0.0
consolidation moving,Text,0.0
consolidation multiple,Text,0.0
consolidation need,Text,0.0
consolidation needed,Text,0.0
consolidation new,Text,0.0
consolidation order,Text,0.0
consolidation outstanding,Text,0.0
consolidation paid,Text,0.0
consolidation money,Text,0.0
consolidation eliminate,Text,0.0
consolidation elimination,Text,0.0
consolidation emergency,Text,0.0
consolidation enable,Text,0.0
consolidation excellent,Text,0.0
consolidation existing,Text,0.0
consolidation family,Text,0.0
consolidation fixed,Text,0.0
consolidation free,Text,0.0
consolidation like,Text,0.0
consolidation goal,Text,0.0
consolidation going,Text,0.0
consolidation good,Text,0.0
consolidation great,Text,0.0
consolidation high,Text,0.0
consolidation home,Text,0.0
consolidation im,Text,0.0
consolidation just,Text,0.0
consolidation late,Text,0.0
consolidation funds,Text,0.0
current employment,Text,0.0
current environment,Text,0.0
current expenses,Text,0.0
current fico,Text,0.0
current field,Text,0.0
current financial,Text,0.0
current firm,Text,0.0
current future,Text,0.0
cover business,Text,0.0
current gross,Text,0.0
current high,Text,0.0
current home,Text,0.0
current house,Text,0.0
current housing,Text,0.0
current income,Text,0.0
current investors,Text,0.0
current job,Text,0.0
current jobs,Text,0.0
current good,Text,0.0
current balance,Text,0.0
current balances,Text,0.0
current bank,Text,0.0
current bills,Text,0.0
current br,Text,0.0
current budget,Text,0.0
current business,Text,0.0
current card,Text,0.0
current cards,Text,0.0
current employers,Text,0.0
current cc,Text,0.0
current combined,Text,0.0
current company,Text,0.0
current contract,Text,0.0
current credit,Text,0.0
current creditors,Text,0.0
current debts,Text,0.0
current economic,Text,0.0
current economy,Text,0.0
current cash,Text,0.0
current pay,Text,0.0
current paying,Text,0.0
current payment,Text,0.0
current payoff,Text,0.0
current personal,Text,0.0
current place,Text,0.0
current plan,Text,0.0
current position,Text,0.0
current profession,Text,0.0
current late,Text,0.0
current rates,Text,0.0
current rent,Text,0.0
current residence,Text,0.0
current revolving,Text,0.0
current role,Text,0.0
current salary,Text,0.0
current savings,Text,0.0
current situation,Text,0.0
current state,Text,0.0
current rate,Text,0.0
current lease,Text,0.0
current lender,Text,0.0
current lenders,Text,0.0
current lending,Text,0.0
current lendingclub,Text,0.0
current living,Text,0.0
current loans,Text,0.0
current location,Text,0.0
current market,Text,0.0
current past,Text,0.0
current monthly,Text,0.0
current mortgage,Text,0.0
current net,Text,0.0
current obligations,Text,0.0
current open,Text,0.0
current outstanding,Text,0.0
current owner,Text,0.0
current owners,Text,0.0
current paid,Text,0.0
current minimum,Text,0.0
creditworthiness,Text,0.0
creditworthy,Text,0.0
credt,Text,0.0
credt card,Text,0.0
credt cards,Text,0.0
credti,Text,0.0
creek,Text,0.0
creep,Text,0.0
current average,Text,0.0
creidt,Text,0.0
creidt card,Text,0.0
creidt cards,Text,0.0
creit cards,Text,0.0
crept,Text,0.0
crew,Text,0.0
crib,Text,0.0
crime,Text,0.0
criminal,Text,0.0
creidit,Text,0.0
creditcard debt,Text,0.0
creditcards,Text,0.0
creditcards br,Text,0.0
credited,Text,0.0
creditkarma,Text,0.0
creditor,Text,0.0
creditor br,Text,0.0
creditors,Text,0.0
creditors br,Text,0.0
credits card,Text,0.0
creditors loan,Text,0.0
creditors lower,Text,0.0
creditors month,Text,0.0
creditors paid,Text,0.0
creditors pay,Text,0.0
creditors paying,Text,0.0
creditors thank,Text,0.0
creditors time,Text,0.0
credits br,Text,0.0
creditors higher,Text,0.0
culinary,Text,0.0
culture,Text,0.0
cum,Text,0.0
cum laude,Text,0.0
cumbersome,Text,0.0
cumulative,Text,0.0
curb,Text,0.0
curb appeal,Text,0.0
curent,Text,0.0
criminal justice,Text,0.0
curious,Text,0.0
currency,Text,0.0
currenlty,Text,0.0
current accounts,Text,0.0
current address,Text,0.0
current annual,Text,0.0
current apartment,Text,0.0
current apr,Text,0.0
current auto,Text,0.0
curently,Text,0.0
crisis br,Text,0.0
crisis credit,Text,0.0
criteria,Text,0.0
critical,Text,0.0
cross,Text,0.0
cross country,Text,0.0
crossed,Text,0.0
crossfit,Text,0.0
crowns,Text,0.0
cu,Text,0.0
cruise,Text,0.0
cruiser,Text,0.0
crunch,Text,0.0
crunched,Text,0.0
crunched numbers,Text,0.0
crushing,Text,0.0
crutch,Text,0.0
crystal,Text,0.0
ct,Text,0.0
crucial,Text,0.0
currently payments,Text,0.0
currently personal,Text,0.0
currently plan,Text,0.0
currently process,Text,0.0
currently pursuing,Text,0.0
currently putting,Text,0.0
currently rate,Text,0.0
currently rates,Text,0.0
current status,Text,0.0
currently remodeling,Text,0.0
currently rent,Text,0.0
currently rented,Text,0.0
currently renting,Text,0.0
currently run,Text,0.0
currently save,Text,0.0
currently saving,Text,0.0
currently school,Text,0.0
currently secure,Text,0.0
currently receive,Text,0.0
currently living,Text,0.0
currently loan,Text,0.0
currently loans,Text,0.0
currently looking,Text,0.0
currently major,Text,0.0
currently make,Text,0.0
currently making,Text,0.0
currently manage,Text,0.0
currently manager,Text,0.0
currently paid,Text,0.0
currently military,Text,0.0
currently monthly,Text,0.0
currently mortgage,Text,0.0
currently need,Text,0.0
currently offered,Text,0.0
currently open,Text,0.0
currently operating,Text,0.0
currently outstanding,Text,0.0
currently owe,Text,0.0
currently member,Text,0.0
currently working,Text,0.0
currently works,Text,0.0
currently worth,Text,0.0
currently year,Text,0.0
currently years,Text,0.0
currenty,Text,0.0
curriculum,Text,0.0
curve,Text,0.0
cushion,Text,0.0
currently seeking,Text,0.0
cushion case,Text,0.0
cushion savings,Text,0.0
custody,Text,0.0
custody battle,Text,0.0
custom built,Text,0.0
customer,Text,0.0
customer base,Text,0.0
customer br,Text,0.0
customer late,Text,0.0
cushion br,Text,0.0
currently senior,Text,0.0
currently serving,Text,0.0
currently single,Text,0.0
currently spend,Text,0.0
currently spending,Text,0.0
currently stable,Text,0.0
currently starting,Text,0.0
currently steady,Text,0.0
currently student,Text,0.0
currently work,Text,0.0
currently taking,Text,0.0
currently time,Text,0.0
currently total,Text,0.0
currently trying,Text,0.0
currently use,Text,0.0
currently used,Text,0.0
currently using,Text,0.0
currently waiting,Text,0.0
currently wife,Text,0.0
currently studying,Text,0.0
currently 25,Text,0.0
currently 27,Text,0.0
currently 29,Text,0.0
currently 3000,Text,0.0
currently able,Text,0.0
currently accounts,Text,0.0
currently active,Text,0.0
currently afford,Text,0.0
currently approximately,Text,0.0
currently live,Text,0.0
currently attending,Text,0.0
currently average,Text,0.0
currently balance,Text,0.0
currently balances,Text,0.0
currently bills,Text,0.0
currently br,Text,0.0
currently budget,Text,0.0
currently business,Text,0.0
currently buying,Text,0.0
currently apr,Text,0.0
current thank,Text,0.0
current time,Text,0.0
current total,Text,0.0
current value,Text,0.0
current work,Text,0.0
currently 000,Text,0.0
currently 10,Text,0.0
currently 11,Text,0.0
currently 12,Text,0.0
currently 24,Text,0.0
currently 14,Text,0.0
currently 15,Text,0.0
currently 16,Text,0.0
currently 17,Text,0.0
currently 19,Text,0.0
currently 20,Text,0.0
currently 200,Text,0.0
currently 21,Text,0.0
currently 22,Text,0.0
currently 13,Text,0.0
currently funds,Text,0.0
currently getting,Text,0.0
currently going,Text,0.0
currently good,Text,0.0
currently gs,Text,0.0
currently having,Text,0.0
currently high,Text,0.0
currently higher,Text,0.0
currently hold,Text,0.0
currently car,Text,0.0
currently home,Text,0.0
currently house,Text,0.0
currently income,Text,0.0
currently invested,Text,0.0
currently job,Text,0.0
currently just,Text,0.0
currently lending,Text,0.0
currently like,Text,0.0
currently little,Text,0.0
currently holding,Text,0.0
currently cards,Text,0.0
currently carry,Text,0.0
currently carrying,Text,0.0
currently cash,Text,0.0
currently charging,Text,0.0
currently college,Text,0.0
currently consolidating,Text,0.0
currently credit,Text,0.0
currently debts,Text,0.0
currently financed,Text,0.0
currently doing,Text,0.0
currently don,Text,0.0
currently drive,Text,0.0
currently earn,Text,0.0
currently earning,Text,0.0
currently employed,Text,0.0
currently enrolled,Text,0.0
currently expanding,Text,0.0
currently experiencing,Text,0.0
currently deployed,Text,0.0
credict,Text,0.0
credid,Text,0.0
credid cards,Text,0.0
credir,Text,0.0
credit 20,Text,0.0
credit 700,Text,0.0
credit allow,Text,0.0
credit amp,Text,0.0
creditcard,Text,0.0
credit appreciate,Text,0.0
credit available,Text,0.0
credit background,Text,0.0
credit bad,Text,0.0
credit balances,Text,0.0
credit bank,Text,0.0
credit believe,Text,0.0
credit best,Text,0.0
credit better,Text,0.0
credit anymore,Text,0.0
creadit,Text,0.0
cream,Text,0.0
create,Text,0.0
create better,Text,0.0
create monthly,Text,0.0
create new,Text,0.0
create payment,Text,0.0
create savings,Text,0.0
created,Text,0.0
credible,Text,0.0
created debt,Text,0.0
creates,Text,0.0
creating,Text,0.0
creating new,Text,0.0
creative,Text,0.0
credentials,Text,0.0
credi,Text,0.0
credi cards,Text,0.0
credibility,Text,0.0
created budget,Text,0.0
credit continue,Text,0.0
credit counseling,Text,0.0
credit cover,Text,0.0
credit crd,Text,0.0
credit crisis,Text,0.0
credit crunch,Text,0.0
credit current,Text,0.0
credit currently,Text,0.0
credit cut,Text,0.0
credit bills,Text,0.0
credit debts,Text,0.0
credit defaulted,Text,0.0
credit delinquencies,Text,0.0
credit delinquent,Text,0.0
credit department,Text,0.0
credit dept,Text,0.0
credit did,Text,0.0
credit doing,Text,0.0
credit don,Text,0.0
credit debit,Text,0.0
credit building,Text,0.0
credit bureau,Text,0.0
credit bureaus,Text,0.0
credit business,Text,0.0
credit buy,Text,0.0
credit car,Text,0.0
credit care,Text,0.0
credit career,Text,0.0
credit cars,Text,0.0
credit consolidation,Text,0.0
credit check,Text,0.0
credit checked,Text,0.0
credit choices,Text,0.0
credit clear,Text,0.0
credit close,Text,0.0
credit college,Text,0.0
credit companies,Text,0.0
credit company,Text,0.0
credit consolidate,Text,0.0
credit cart,Text,0.0
cover loss,Text,0.0
cover majority,Text,0.0
cover medical,Text,0.0
cover minimum,Text,0.0
cover month,Text,0.0
cover monthly,Text,0.0
cover mortgage,Text,0.0
cover necessary,Text,0.0
crdit card,Text,0.0
cover operating,Text,0.0
cover outstanding,Text,0.0
cover pay,Text,0.0
cover payment,Text,0.0
cover payments,Text,0.0
cover portion,Text,0.0
cover relocation,Text,0.0
cover remainder,Text,0.0
cover remaining,Text,0.0
cover negative,Text,0.0
cover closing,Text,0.0
cover cost,Text,0.0
cover costs,Text,0.0
cover credit,Text,0.0
cover current,Text,0.0
cover debt,Text,0.0
cover debts,Text,0.0
cover difference,Text,0.0
cover entire,Text,0.0
cover loan,Text,0.0
cover expenses,Text,0.0
cover extra,Text,0.0
cover family,Text,0.0
cover final,Text,0.0
cover gap,Text,0.0
cover home,Text,0.0
cover initial,Text,0.0
cover legal,Text,0.0
cover living,Text,0.0
cover expense,Text,0.0
cpa,Text,0.0
cpa exam,Text,0.0
cpa firm,Text,0.0
cpa license,Text,0.0
cr,Text,0.0
cr cards,Text,0.0
crack,Text,0.0
cracked,Text,0.0
cracks,Text,0.0
cover rest,Text,0.0
crafts,Text,0.0
craigslist,Text,0.0
crash,Text,0.0
crashed,Text,0.0
crazy,Text,0.0
crazy high,Text,0.0
crazy rates,Text,0.0
crd,Text,0.0
crdit,Text,0.0
craft,Text,0.0
cover start,Text,0.0
cover startup,Text,0.0
cover surgery,Text,0.0
cover tax,Text,0.0
cover tuition,Text,0.0
cover unexpected,Text,0.0
cover wedding,Text,0.0
coverage,Text,0.0
coverage insurance,Text,0.0
cozy,Text,0.0
covered employer,Text,0.0
covered health,Text,0.0
covered insurance,Text,0.0
covered medical,Text,0.0
covered patio,Text,0.0
covering,Text,0.0
covers,Text,0.0
covers monthly,Text,0.0
coworkers,Text,0.0
covered,Text,0.0
credit really,Text,0.0
credit reason,Text,0.0
credit recently,Text,0.0
credit record,Text,0.0
credit refinance,Text,0.0
credit refinancing,Text,0.0
credit reflects,Text,0.0
credit reliable,Text,0.0
credit employed,Text,0.0
credit reporting,Text,0.0
credit reports,Text,0.0
credit responsible,Text,0.0
credit review,Text,0.0
credit revolving,Text,0.0
credit risk,Text,0.0
credit save,Text,0.0
credit school,Text,0.0
credit scores,Text,0.0
credit repayment,Text,0.0
credit owe,Text,0.0
credit past,Text,0.0
credit pay,Text,0.0
credit paying,Text,0.0
credit payment,Text,0.0
credit payments,Text,0.0
credit payoff,Text,0.0
credit perfect,Text,0.0
credit personal,Text,0.0
credit ratio,Text,0.0
credit positive,Text,0.0
credit problem,Text,0.0
credit problems,Text,0.0
credit purchase,Text,0.0
credit purchased,Text,0.0
credit quot,Text,0.0
credit rate,Text,0.0
credit rates,Text,0.0
credit ratings,Text,0.0
credit plan,Text,0.0
credit usage,Text,0.0
credit use,Text,0.0
credit used,Text,0.0
credit using,Text,0.0
credit utilization,Text,0.0
credit ve,Text,0.0
credit want,Text,0.0
credit way,Text,0.0
credit went,Text,0.0
credit secure,Text,0.0
credit wisely,Text,0.0
credit work,Text,0.0
credit worked,Text,0.0
credit working,Text,0.0
credit worthiness,Text,0.0
credit worthy,Text,0.0
credit years,Text,0.0
credit younger,Text,0.0
credit zero,Text,0.0
credit wife,Text,0.0
credit seriously,Text,0.0
credit situation,Text,0.0
credit small,Text,0.0
credit solid,Text,0.0
credit spending,Text,0.0
credit stable,Text,0.0
credit start,Text,0.0
credit status,Text,0.0
credit steady,Text,0.0
credit trying,Text,0.0
credit strong,Text,0.0
credit student,Text,0.0
credit taken,Text,0.0
credit team,Text,0.0
credit thank,Text,0.0
credit thanks,Text,0.0
credit time,Text,0.0
credit timely,Text,0.0
credit track,Text,0.0
credit store,Text,0.0
credit help,Text,0.0
credit high,Text,0.0
credit history,Text,0.0
credit home,Text,0.0
credit homeowner,Text,0.0
credit hope,Text,0.0
credit house,Text,0.0
credit im,Text,0.0
credit impeccable,Text,0.0
credit outstanding,Text,0.0
credit improving,Text,0.0
credit income,Text,0.0
credit increase,Text,0.0
credit inquiries,Text,0.0
credit installment,Text,0.0
credit intend,Text,0.0
credit isn,Text,0.0
credit issues,Text,0.0
credit just,Text,0.0
credit improved,Text,0.0
credit establish,Text,0.0
credit established,Text,0.0
credit eventually,Text,0.0
credit excellent,Text,0.0
credit expenses,Text,0.0
credit extended,Text,0.0
credit extremely,Text,0.0
credit faster,Text,0.0
credit feel,Text,0.0
credit having,Text,0.0
credit file,Text,0.0
credit financial,Text,0.0
credit financially,Text,0.0
credit free,Text,0.0
credit future,Text,0.0
credit getting,Text,0.0
credit going,Text,0.0
credit gotten,Text,0.0
credit great,Text,0.0
credit fico,Text,0.0
credit make,Text,0.0
credit makes,Text,0.0
credit making,Text,0.0
credit market,Text,0.0
credit means,Text,0.0
credit medical,Text,0.0
credit miss,Text,0.0
credit missed,Text,0.0
credit mistakes,Text,0.0
credit karma,Text,0.0
credit month,Text,0.0
credit mortgage,Text,0.0
credit need,Text,0.0
credit needed,Text,0.0
credit new,Text,0.0
credit obligation,Text,0.0
credit obligations,Text,0.0
credit open,Text,0.0
credit order,Text,0.0
credit monitoring,Text,0.0
credit kept,Text,0.0
credit know,Text,0.0
credit large,Text,0.0
credit late,Text,0.0
credit laws,Text,0.0
credit lenders,Text,0.0
credit lending,Text,0.0
credit life,Text,0.0
credit like,Text,0.0
credit maintain,Text,0.0
credit limits,Text,0.0
credit line,Text,0.0
credit little,Text,0.0
credit live,Text,0.0
credit loan,Text,0.0
credit loans,Text,0.0
credit long,Text,0.0
credit low,Text,0.0
credit lower,Text,0.0
credit limit,Text,0.0
expense just,Text,0.0
expense loan,Text,0.0
expense moving,Text,0.0
expense need,Text,0.0
expense pay,Text,0.0
expensed,Text,0.0
expenses 000,Text,0.0
expenses 100,Text,0.0
despite recession,Text,0.0
expenses 1200,Text,0.0
expenses 1300,Text,0.0
expenses 150,Text,0.0
expenses 200,Text,0.0
expenses 2000,Text,0.0
expenses 250,Text,0.0
expenses 2500,Text,0.0
expenses 300,Text,0.0
expenses 40,Text,0.0
expenses 1000,Text,0.0
expecting,Text,0.0
expecting baby,Text,0.0
expecting child,Text,0.0
expedite,Text,0.0
expedite payoff,Text,0.0
expedite process,Text,0.0
expedited,Text,0.0
expediting,Text,0.0
expence,Text,0.0
expense debt,Text,0.0
expences br,Text,0.0
expend,Text,0.0
expendable,Text,0.0
expendable income,Text,0.0
expenditure,Text,0.0
expenditures,Text,0.0
expenditures br,Text,0.0
expense br,Text,0.0
expense credit,Text,0.0
expences,Text,0.0
expenses buying,Text,0.0
expenses came,Text,0.0
expenses cell,Text,0.0
expenses children,Text,0.0
expenses close,Text,0.0
expenses college,Text,0.0
expenses come,Text,0.0
expenses coming,Text,0.0
expenses consist,Text,0.0
expenses 400,Text,0.0
expenses couple,Text,0.0
expenses cover,Text,0.0
expenses covered,Text,0.0
expenses credit,Text,0.0
expenses current,Text,0.0
expenses currently,Text,0.0
expenses daughter,Text,0.0
expenses debt,Text,0.0
expenses dental,Text,0.0
expenses consolidating,Text,0.0
expenses 450,Text,0.0
expenses 50,Text,0.0
expenses 500,Text,0.0
expenses 700,Text,0.0
expenses 800,Text,0.0
expenses able,Text,0.0
expenses accrued,Text,0.0
expenses add,Text,0.0
expenses added,Text,0.0
expenses business,Text,0.0
expenses amp,Text,0.0
expenses approx,Text,0.0
expenses approximately,Text,0.0
expenses arise,Text,0.0
expenses auto,Text,0.0
expenses average,Text,0.0
expenses bills,Text,0.0
expenses books,Text,0.0
expenses budget,Text,0.0
expenses allow,Text,0.0
existing auto,Text,0.0
existing balances,Text,0.0
existing bills,Text,0.0
existing business,Text,0.0
existing car,Text,0.0
existing cc,Text,0.0
existing clients,Text,0.0
existing condition,Text,0.0
expected pay,Text,0.0
existing debts,Text,0.0
existing deck,Text,0.0
existing high,Text,0.0
existing higher,Text,0.0
existing home,Text,0.0
existing lendingclub,Text,0.0
existing payments,Text,0.0
existing personal,Text,0.0
existing profitable,Text,0.0
existing customer,Text,0.0
executed,Text,0.0
executive,Text,0.0
executive assistant,Text,0.0
executive level,Text,0.0
executive position,Text,0.0
executives,Text,0.0
exellent,Text,0.0
exemplary,Text,0.0
exercise,Text,0.0
existing accounts,Text,0.0
exhausted,Text,0.0
exhausting,Text,0.0
exisiting,Text,0.0
exisitng,Text,0.0
exist,Text,0.0
existed,Text,0.0
existence,Text,0.0
existent,Text,0.0
existing account,Text,0.0
exhaust,Text,0.0
expanding business,Text,0.0
expanding current,Text,0.0
expanding family,Text,0.0
expansion,Text,0.0
expansion br,Text,0.0
expansion business,Text,0.0
expect,Text,0.0
expect able,Text,0.0
expect loan,Text,0.0
existing rental,Text,0.0
expect paid,Text,0.0
expect pay,Text,0.0
expect receive,Text,0.0
expect repay,Text,0.0
expect use,Text,0.0
expectation,Text,0.0
expectations,Text,0.0
expected,Text,0.0
expected br,Text,0.0
expect make,Text,0.0
existing revolving,Text,0.0
existing roof,Text,0.0
existing unsecured,Text,0.0
exists,Text,0.0
exit,Text,0.0
exiting,Text,0.0
exorbitant,Text,0.0
exorbitant rates,Text,0.0
exotic,Text,0.0
expanding br,Text,0.0
expand br,Text,0.0
expand current,Text,0.0
expand existing,Text,0.0
expand inventory,Text,0.0
expand new,Text,0.0
expand product,Text,0.0
expand small,Text,0.0
expanded,Text,0.0
expanding,Text,0.0
exp,Text,0.0
expenses upcoming,Text,0.0
expenses use,Text,0.0
expenses used,Text,0.0
expenses using,Text,0.0
expenses utilities,Text,0.0
expenses ve,Text,0.0
expenses vehicle,Text,0.0
expenses want,Text,0.0
expenses didn,Text,0.0
expenses wedding,Text,0.0
expenses wife,Text,0.0
expenses work,Text,0.0
expenses worked,Text,0.0
expenses working,Text,0.0
expenses year,Text,0.0
expenses years,Text,0.0
expensive br,Text,0.0
expensive car,Text,0.0
expenses way,Text,0.0
expenses security,Text,0.0
expenses short,Text,0.0
expenses small,Text,0.0
expenses son,Text,0.0
expenses stable,Text,0.0
expenses start,Text,0.0
expenses starting,Text,0.0
expenses steady,Text,0.0
expenses student,Text,0.0
expenses unexpected,Text,0.0
expenses thank,Text,0.0
expenses thanks,Text,0.0
expenses time,Text,0.0
expenses total,Text,0.0
expenses track,Text,0.0
expenses travel,Text,0.0
expenses trip,Text,0.0
expenses trying,Text,0.0
expenses unable,Text,0.0
expenses taken,Text,0.0
experiencing,Text,0.0
experiment,Text,0.0
expert,Text,0.0
expert field,Text,0.0
expertise,Text,0.0
experts,Text,0.0
expiration,Text,0.0
expire,Text,0.0
expire br,Text,0.0
expensive credit,Text,0.0
expires,Text,0.0
expires br,Text,0.0
expiring,Text,0.0
explain,Text,0.0
explained,Text,0.0
explanation,Text,0.0
explore,Text,0.0
explored,Text,0.0
explorer,Text,0.0
expired,Text,0.0
expensive loan,Text,0.0
expensive pay,Text,0.0
expensives,Text,0.0
experian,Text,0.0
experian credit,Text,0.0
experian score,Text,0.0
experience br,Text,0.0
experience business,Text,0.0
experience field,Text,0.0
experiences,Text,0.0
experience industry,Text,0.0
experience lendingclub,Text,0.0
experience loan,Text,0.0
experience managing,Text,0.0
experience profession,Text,0.0
experience running,Text,0.0
experience working,Text,0.0
experienced,Text,0.0
experienced growth,Text,0.0
experience help,Text,0.0
expenses high,Text,0.0
expenses home,Text,0.0
expenses house,Text,0.0
expenses housing,Text,0.0
expenses include,Text,0.0
expenses includes,Text,0.0
expenses including,Text,0.0
expenses income,Text,0.0
expenses school,Text,0.0
expenses insurance,Text,0.0
expenses job,Text,0.0
expenses just,Text,0.0
expenses late,Text,0.0
expenses left,Text,0.0
expenses like,Text,0.0
expenses little,Text,0.0
expenses live,Text,0.0
expenses living,Text,0.0
expenses incur,Text,0.0
expenses don,Text,0.0
expenses easily,Text,0.0
expenses employed,Text,0.0
expenses excellent,Text,0.0
expenses expenses,Text,0.0
expenses fairly,Text,0.0
expenses family,Text,0.0
expenses follows,Text,0.0
expenses forced,Text,0.0
expenses half,Text,0.0
expenses furniture,Text,0.0
expenses gas,Text,0.0
expenses getting,Text,0.0
expenses goal,Text,0.0
expenses going,Text,0.0
expenses good,Text,0.0
expenses graduate,Text,0.0
expenses great,Text,0.0
expenses groceries,Text,0.0
expenses fully,Text,0.0
expenses payments,Text,0.0
expenses personal,Text,0.0
expenses plan,Text,0.0
expenses planning,Text,0.0
expenses plus,Text,0.0
expenses quite,Text,0.0
expenses quot,Text,0.0
expenses rate,Text,0.0
expenses really,Text,0.0
expenses looking,Text,0.0
expenses recently,Text,0.0
expenses regular,Text,0.0
expenses reimbursed,Text,0.0
expenses related,Text,0.0
expenses rent,Text,0.0
expenses responsible,Text,0.0
expenses roughly,Text,0.0
expenses run,Text,0.0
expenses savings,Text,0.0
expenses recent,Text,0.0
expenses low,Text,0.0
expenses lower,Text,0.0
expenses make,Text,0.0
expenses medical,Text,0.0
expenses minimal,Text,0.0
expenses money,Text,0.0
expenses month,Text,0.0
expenses monthly,Text,0.0
expenses months,Text,0.0
expenses payment,Text,0.0
expenses moving,Text,0.0
expenses necessary,Text,0.0
expenses needed,Text,0.0
expenses new,Text,0.0
expenses outside,Text,0.0
expenses paid,Text,0.0
expenses parents,Text,0.0
expenses past,Text,0.0
expenses pay,Text,0.0
expenses mortgage,Text,0.0
equity built,Text,0.0
equity car,Text,0.0
equity credit,Text,0.0
equity home,Text,0.0
equity house,Text,0.0
equity loan,Text,0.0
equity loans,Text,0.0
equivalent,Text,0.0
execute,Text,0.0
era,Text,0.0
eradicate,Text,0.0
eric,Text,0.0
errands,Text,0.0
error,Text,0.0
error br,Text,0.0
errors,Text,0.0
escape,Text,0.0
escrow,Text,0.0
er,Text,0.0
equipment expand,Text,0.0
equipment necessary,Text,0.0
equipment need,Text,0.0
equipment needed,Text,0.0
equipment new,Text,0.0
equipment personal,Text,0.0
equipment purchase,Text,0.0
equipment purchases,Text,0.0
equipment repair,Text,0.0
equities,Text,0.0
equipment start,Text,0.0
equipment supplies,Text,0.0
equipment thank,Text,0.0
equipment training,Text,0.0
equipment upgrades,Text,0.0
equipment use,Text,0.0
equipment used,Text,0.0
equipped,Text,0.0
equiptment,Text,0.0
equipment software,Text,0.0
established business,Text,0.0
established company,Text,0.0
established credit,Text,0.0
established good,Text,0.0
established years,Text,0.0
establishing,Text,0.0
establishing credit,Text,0.0
establishment,Text,0.0
estate,Text,0.0
escrow account,Text,0.0
estate appraiser,Text,0.0
estate br,Text,0.0
estate business,Text,0.0
estate company,Text,0.0
estate development,Text,0.0
estate firm,Text,0.0
estate industry,Text,0.0
estate investing,Text,0.0
estate investment,Text,0.0
estate agent,Text,0.0
escrowed,Text,0.0
especially credit,Text,0.0
especially economy,Text,0.0
especially given,Text,0.0
especially high,Text,0.0
essence,Text,0.0
essential,Text,0.0
essentially,Text,0.0
essentials,Text,0.0
established br,Text,0.0
establish,Text,0.0
establish better,Text,0.0
establish credit,Text,0.0
establish emergency,Text,0.0
establish financial,Text,0.0
establish good,Text,0.0
establish maintain,Text,0.0
establish savings,Text,0.0
established,Text,0.0
est,Text,0.0
entertainment industry,Text,0.0
enthusiast,Text,0.0
enthusiasts,Text,0.0
entire adult,Text,0.0
entire balance,Text,0.0
entire cost,Text,0.0
entire credit,Text,0.0
entire debt,Text,0.0
equipment currently,Text,0.0
entire home,Text,0.0
entire house,Text,0.0
entire life,Text,0.0
entire loan,Text,0.0
entire project,Text,0.0
entire time,Text,0.0
entire wedding,Text,0.0
entire year,Text,0.0
entirely,Text,0.0
entire family,Text,0.0
ensure money,Text,0.0
ensure paid,Text,0.0
ensure pay,Text,0.0
ensure payments,Text,0.0
ensures,Text,0.0
ensuring,Text,0.0
entering,Text,0.0
enterprise,Text,0.0
enters,Text,0.0
entertainment br,Text,0.0
entertaining,Text,0.0
entertainment,Text,0.0
entertainment 100,Text,0.0
entertainment 200,Text,0.0
entertainment 250,Text,0.0
entertainment 300,Text,0.0
entertainment 400,Text,0.0
entertainment 500,Text,0.0
entertainment 600,Text,0.0
entertain,Text,0.0
environmentally friendly,Text,0.0
environments,Text,0.0
eq,Text,0.0
equal loan,Text,0.0
equal monthly,Text,0.0
equal paying,Text,0.0
equaling,Text,0.0
equally,Text,0.0
equals,Text,0.0
entirely br,Text,0.0
equates,Text,0.0
equation,Text,0.0
equifax,Text,0.0
equifax credit,Text,0.0
equifax score,Text,0.0
equip,Text,0.0
equipment,Text,0.0
equipment br,Text,0.0
equipment business,Text,0.0
equate,Text,0.0
entirely debt,Text,0.0
entirety,Text,0.0
entities,Text,0.0
entitled,Text,0.0
entity,Text,0.0
entrance,Text,0.0
entrepreneur,Text,0.0
entrepreneurial,Text,0.0
entrepreneurs,Text,0.0
environmentally,Text,0.0
entries,Text,0.0
entry,Text,0.0
entry level,Text,0.0
envelope,Text,0.0
enviroment,Text,0.0
environment,Text,0.0
environment br,Text,0.0
environmental,Text,0.0
environmental consulting,Text,0.0
entrepreneurship,Text,0.0
excellent late,Text,0.0
excellent loan,Text,0.0
excellent opportunity,Text,0.0
excellent past,Text,0.0
excellent pay,Text,0.0
excellent payer,Text,0.0
excellent paying,Text,0.0
excellent payment,Text,0.0
estate investments,Text,0.0
excellent rate,Text,0.0
excellent repayment,Text,0.0
excellent risk,Text,0.0
excellent stable,Text,0.0
excellent standing,Text,0.0
excellent time,Text,0.0
excellent track,Text,0.0
excellent ve,Text,0.0
excellent way,Text,0.0
excellent quot,Text,0.0
excelent,Text,0.0
excelent credit,Text,0.0
excellant,Text,0.0
excellant credit,Text,0.0
excellence,Text,0.0
excellent borrower,Text,0.0
excellent borrowing,Text,0.0
excellent br,Text,0.0
excellent candidate,Text,0.0
excellent job,Text,0.0
excellent company,Text,0.0
excellent condition,Text,0.0
excellent debt,Text,0.0
excellent employment,Text,0.0
excellent fico,Text,0.0
excellent good,Text,0.0
excellent history,Text,0.0
excellent income,Text,0.0
excellent investment,Text,0.0
excellent career,Text,0.0
excited lending,Text,0.0
excited loan,Text,0.0
excited new,Text,0.0
excited opportunity,Text,0.0
excited pay,Text,0.0
excited prospect,Text,0.0
excited start,Text,0.0
excited started,Text,0.0
exciting,Text,0.0
exception,Text,0.0
exciting time,Text,0.0
excluded,Text,0.0
excluding,Text,0.0
excluding credit,Text,0.0
excluding mortgage,Text,0.0
exclusive,Text,0.0
exclusively,Text,0.0
excuse,Text,0.0
excuses,Text,0.0
exciting br,Text,0.0
exception br,Text,0.0
exception credit,Text,0.0
exception home,Text,0.0
exception mortgage,Text,0.0
exceptional,Text,0.0
exceptional credit,Text,0.0
exceptionally,Text,0.0
exceptions,Text,0.0
excess cash,Text,0.0
excited getting,Text,0.0
excessive credit,Text,0.0
excessive debt,Text,0.0
excessively,Text,0.0
exchange,Text,0.0
excited,Text,0.0
excited able,Text,0.0
excited br,Text,0.0
excited consolidate,Text,0.0
excited debt,Text,0.0
excessive,Text,0.0
evaluation,Text,0.0
evaluations,Text,0.0
eve,Text,0.0
evening,Text,0.0
evening br,Text,0.0
evenings,Text,0.0
event,Text,0.0
event br,Text,0.0
event unforeseen,Text,0.0
excel spreadsheet,Text,0.0
events br,Text,0.0
eventually,Text,0.0
eventually able,Text,0.0
eventually buy,Text,0.0
eventually credit,Text,0.0
eventually debt,Text,0.0
eventually eliminate,Text,0.0
eventually pay,Text,0.0
eventually purchase,Text,0.0
eventhough,Text,0.0
estate investor,Text,0.0
estate license,Text,0.0
estate market,Text,0.0
estate taxes,Text,0.0
esteem,Text,0.0
estimate,Text,0.0
estimated,Text,0.0
estimated cost,Text,0.0
estimated monthly,Text,0.0
evaluate,Text,0.0
estimated tax,Text,0.0
estimates,Text,0.0
estimating,Text,0.0
ethic,Text,0.0
ethical,Text,0.0
ethics,Text,0.0
ethiopia,Text,0.0
ets,Text,0.0
europe,Text,0.0
estimated payment,Text,0.0
exactly,Text,0.0
exactly looking,Text,0.0
exactly need,Text,0.0
exactly pay,Text,0.0
exam,Text,0.0
examiner,Text,0.0
example,Text,0.0
examples,Text,0.0
exams,Text,0.0
eventually save,Text,0.0
excavator,Text,0.0
exceed,Text,0.0
exceed minimum,Text,0.0
exceed monthly,Text,0.0
exceeded,Text,0.0
exceeding,Text,0.0
exceeds expenses,Text,0.0
exceeds monthly,Text,0.0
excel,Text,0.0
excavation,Text,0.0
eventually want,Text,0.0
everone,Text,0.0
everthing,Text,0.0
everybody,Text,0.0
everybody invested,Text,0.0
everyday,Text,0.0
everyday expenses,Text,0.0
everyday life,Text,0.0
everymonth,Text,0.0
ex wife,Text,0.0
everytime,Text,0.0
everytime br,Text,0.0
evidence,Text,0.0
evidenced,Text,0.0
evidenced credit,Text,0.0
evident,Text,0.0
evil,Text,0.0
ex,Text,0.0
ex husband,Text,0.0
everyones,Text,0.0
featured,Text,0.0
features,Text,0.0
feb,Text,0.0
feb 2011,Text,0.0
feb 2012,Text,0.0
february 2009,Text,0.0
february 2010,Text,0.0
february 2011,Text,0.0
exploring,Text,0.0
february br,Text,0.0
fed,Text,0.0
federal agency,Text,0.0
federal credit,Text,0.0
federal employee,Text,0.0
federal gov,Text,0.0
federal government,Text,0.0
federal govt,Text,0.0
federal job,Text,0.0
february 2012,Text,0.0
father ill,Text,0.0
father law,Text,0.0
father medical,Text,0.0
father passed,Text,0.0
father recently,Text,0.0
fathers,Text,0.0
faucets,Text,0.0
fault,Text,0.0
favor,Text,0.0
feature,Text,0.0
favorite,Text,0.0
fax,Text,0.0
faxed,Text,0.0
faxing,Text,0.0
fda,Text,0.0
fdic,Text,0.0
fear,Text,0.0
fear losing,Text,0.0
feasible,Text,0.0
favorable terms,Text,0.0
feel fortunate,Text,0.0
feel getting,Text,0.0
feel good,Text,0.0
feel great,Text,0.0
feel help,Text,0.0
feel important,Text,0.0
feel job,Text,0.0
feel like,Text,0.0
feel little,Text,0.0
federal loan,Text,0.0
feel low,Text,0.0
feel make,Text,0.0
feel need,Text,0.0
feel pay,Text,0.0
feel paying,Text,0.0
feel payment,Text,0.0
feel reliable,Text,0.0
feel responsible,Text,0.0
feel safe,Text,0.0
feel loan,Text,0.0
federal state,Text,0.0
federal student,Text,0.0
federal tax,Text,0.0
federal taxes,Text,0.0
federally,Text,0.0
fedex,Text,0.0
fee br,Text,0.0
fee loan,Text,0.0
fee need,Text,0.0
feel excellent,Text,0.0
feedback,Text,0.0
feeding,Text,0.0
feel able,Text,0.0
feel best,Text,0.0
feel better,Text,0.0
feel comfortable,Text,0.0
feel confident,Text,0.0
feel debt,Text,0.0
feel easier,Text,0.0
feed,Text,0.0
fast thank,Text,0.0
fast thanks,Text,0.0
fast track,Text,0.0
faster 36,Text,0.0
faster able,Text,0.0
faster allowing,Text,0.0
faster better,Text,0.0
faster cheaper,Text,0.0
father funeral,Text,0.0
faster credit,Text,0.0
faster current,Text,0.0
faster currently,Text,0.0
faster debt,Text,0.0
faster easier,Text,0.0
faster efficiently,Text,0.0
faster extra,Text,0.0
faster goal,Text,0.0
faster good,Text,0.0
faster consolidating,Text,0.0
fargo br,Text,0.0
fargo card,Text,0.0
fargo credit,Text,0.0
fargo visa,Text,0.0
farm,Text,0.0
farm br,Text,0.0
farmer,Text,0.0
farming,Text,0.0
farms,Text,0.0
fast possible,Text,0.0
fashion br,Text,0.0
fast,Text,0.0
fast br,Text,0.0
fast easy,Text,0.0
fast forward,Text,0.0
fast growing,Text,0.0
fast like,Text,0.0
fast loan,Text,0.0
fast pace,Text,0.0
farther,Text,0.0
faster save,Text,0.0
faster saving,Text,0.0
faster stable,Text,0.0
faster start,Text,0.0
faster thank,Text,0.0
faster thanks,Text,0.0
faster time,Text,0.0
faster used,Text,0.0
faster ve,Text,0.0
faster great,Text,0.0
faster way,Text,0.0
faster work,Text,0.0
faster years,Text,0.0
fastest,Text,0.0
fastest growing,Text,0.0
fastest way,Text,0.0
fat,Text,0.0
father,Text,0.0
father br,Text,0.0
faster want,Text,0.0
faster having,Text,0.0
faster help,Text,0.0
faster job,Text,0.0
faster just,Text,0.0
faster late,Text,0.0
faster lending,Text,0.0
faster like,Text,0.0
faster loan,Text,0.0
faster lower,Text,0.0
faster rate,Text,0.0
faster missed,Text,0.0
faster money,Text,0.0
faster need,Text,0.0
faster pace,Text,0.0
faster pay,Text,0.0
faster paying,Text,0.0
faster payment,Text,0.0
faster payoff,Text,0.0
faster plan,Text,0.0
faster make,Text,0.0
field years,Text,0.0
fields,Text,0.0
fifth,Text,0.0
fifth year,Text,0.0
fight,Text,0.0
fighting,Text,0.0
figure,Text,0.0
figure income,Text,0.0
feel secure,Text,0.0
figured,Text,0.0
figured try,Text,0.0
figures,Text,0.0
figuring,Text,0.0
file,Text,0.0
file bankruptcy,Text,0.0
filed,Text,0.0
filed bankruptcy,Text,0.0
filing,Text,0.0
figure salary,Text,0.0
field 10,Text,0.0
field 13,Text,0.0
field 16,Text,0.0
field 20,Text,0.0
field 25,Text,0.0
field 30,Text,0.0
field company,Text,0.0
field current,Text,0.0
field education,Text,0.0
field working,Text,0.0
field high,Text,0.0
field job,Text,0.0
field like,Text,0.0
field loan,Text,0.0
field make,Text,0.0
field past,Text,0.0
field secure,Text,0.0
field stable,Text,0.0
field work,Text,0.0
field employment,Text,0.0
final phase,Text,0.0
final piece,Text,0.0
final semester,Text,0.0
final stages,Text,0.0
final step,Text,0.0
final wedding,Text,0.0
final year,Text,0.0
finalize,Text,0.0
finalized,Text,0.0
filing bankruptcy,Text,0.0
finally able,Text,0.0
finally ahead,Text,0.0
finally br,Text,0.0
finally close,Text,0.0
finally consolidate,Text,0.0
finally debt,Text,0.0
finally decided,Text,0.0
finally end,Text,0.0
finally free,Text,0.0
finalizing,Text,0.0
filled,Text,0.0
filling,Text,0.0
fillings,Text,0.0
film,Text,0.0
films,Text,0.0
filter,Text,0.0
filtration,Text,0.0
fin,Text,0.0
finace,Text,0.0
final payments,Text,0.0
finacial,Text,0.0
finacially,Text,0.0
final consolidation,Text,0.0
final cost,Text,0.0
final credit,Text,0.0
final debt,Text,0.0
final expenses,Text,0.0
final loan,Text,0.0
final payment,Text,0.0
finaces,Text,0.0
fees paid,Text,0.0
fees pay,Text,0.0
fees paying,Text,0.0
fees plan,Text,0.0
fees thank,Text,0.0
fees used,Text,0.0
feet,Text,0.0
feet br,Text,0.0
feet financially,Text,0.0
fidelity,Text,0.0
feet thank,Text,0.0
feild,Text,0.0
fell,Text,0.0
fell credit,Text,0.0
fell hard,Text,0.0
fell love,Text,0.0
fell swoop,Text,0.0
fellow,Text,0.0
fellow investors,Text,0.0
feet need,Text,0.0
feel stable,Text,0.0
feel strongly,Text,0.0
feel time,Text,0.0
feeling br,Text,0.0
feeling like,Text,0.0
feels,Text,0.0
feels good,Text,0.0
feels great,Text,0.0
feels like,Text,0.0
fees new,Text,0.0
fees books,Text,0.0
fees br,Text,0.0
fees closing,Text,0.0
fees credit,Text,0.0
fees like,Text,0.0
fees loan,Text,0.0
fees make,Text,0.0
fees month,Text,0.0
fees need,Text,0.0
fees associated,Text,0.0
fiance getting,Text,0.0
fiance helping,Text,0.0
fiance like,Text,0.0
fiance plan,Text,0.0
fiance planning,Text,0.0
fiance wedding,Text,0.0
fiance years,Text,0.0
fiancee,Text,0.0
fiancee getting,Text,0.0
fellowship,Text,0.0
fiances,Text,0.0
fiancã,Text,0.0
fiber,Text,0.0
fiberglass,Text,0.0
fica,Text,0.0
fica score,Text,0.0
fico br,Text,0.0
fico credit,Text,0.0
fico scores,Text,0.0
fiancee paying,Text,0.0
felt,Text,0.0
felt like,Text,0.0
fema,Text,0.0
female,Text,0.0
fence backyard,Text,0.0
fence br,Text,0.0
fence yard,Text,0.0
fenced,Text,0.0
fenced yard,Text,0.0
fiance br,Text,0.0
fender,Text,0.0
fertility,Text,0.0
fertilization,Text,0.0
fha,Text,0.0
fha loan,Text,0.0
fi,Text,0.0
fia,Text,0.0
fianc,Text,0.0
fianc eacute,Text,0.0
fencing,Text,0.0
fabric,Text,0.0
fabrication,Text,0.0
fabulous,Text,0.0
face,Text,0.0
face br,Text,0.0
face lift,Text,0.0
facebook,Text,0.0
faced,Text,0.0
fargo bank,Text,0.0
facelift,Text,0.0
facial,Text,0.0
facilitate,Text,0.0
facilitate goal,Text,0.0
facilities,Text,0.0
facility,Text,0.0
facility br,Text,0.0
facing,Text,0.0
fact able,Text,0.0
faceless,Text,0.0
extremely good,Text,0.0
extremely grateful,Text,0.0
extremely hard,Text,0.0
extremely helpful,Text,0.0
extremely high,Text,0.0
extremely important,Text,0.0
extremely low,Text,0.0
extremely motivated,Text,0.0
extremely responsible,Text,0.0
faa,Text,0.0
extremely secure,Text,0.0
extremely stable,Text,0.0
extremely steady,Text,0.0
extrememly,Text,0.0
extremly,Text,0.0
eye,Text,0.0
eyes,Text,0.0
f150,Text,0.0
f250,Text,0.0
extremely safe,Text,0.0
fail br,Text,0.0
failed,Text,0.0
failed business,Text,0.0
failed make,Text,0.0
failed pay,Text,0.0
failing,Text,0.0
fails,Text,0.0
failure,Text,0.0
fair credit,Text,0.0
fact br,Text,0.0
fairly good,Text,0.0
fairly high,Text,0.0
fairly large,Text,0.0
fairly low,Text,0.0
fairly new,Text,0.0
fairly quickly,Text,0.0
faith,Text,0.0
faith br,Text,0.0
faithful,Text,0.0
fair good,Text,0.0
fact company,Text,0.0
fact credit,Text,0.0
fact late,Text,0.0
fact live,Text,0.0
fact make,Text,0.0
fact missed,Text,0.0
fact pay,Text,0.0
fact paying,Text,0.0
fact plan,Text,0.0
fail,Text,0.0
factor,Text,0.0
factored,Text,0.0
factoring,Text,0.0
factors,Text,0.0
factory,Text,0.0
facts,Text,0.0
facts br,Text,0.0
faculty,Text,0.0
fafsa,Text,0.0
fact ve,Text,0.0
extended family,Text,0.0
extended period,Text,0.0
extended warranty,Text,0.0
extending,Text,0.0
extends,Text,0.0
extension,Text,0.0
extensive credit,Text,0.0
extensive experience,Text,0.0
extremely financially,Text,0.0
extent,Text,0.0
exterior,Text,0.0
exterior br,Text,0.0
exterior home,Text,0.0
exterior interior,Text,0.0
exterior paint,Text,0.0
exterior siding,Text,0.0
extinguish,Text,0.0
extra 000,Text,0.0
extensively,Text,0.0
exponentially,Text,0.0
export,Text,0.0
export business,Text,0.0
exposed,Text,0.0
exposure,Text,0.0
express account,Text,0.0
express appreciation,Text,0.0
express balance,Text,0.0
express bank,Text,0.0
extended credit,Text,0.0
express br,Text,0.0
express card,Text,0.0
express chase,Text,0.0
express discover,Text,0.0
express gratitude,Text,0.0
expressed,Text,0.0
exsisting,Text,0.0
exsiting,Text,0.0
extended,Text,0.0
express blue,Text,0.0
extra mortgage,Text,0.0
extra pay,Text,0.0
extra paying,Text,0.0
extra payment,Text,0.0
extra payments,Text,0.0
extra principal,Text,0.0
extra push,Text,0.0
extra room,Text,0.0
extra savings,Text,0.0
extra 100,Text,0.0
extra things,Text,0.0
extra time,Text,0.0
extra wedding,Text,0.0
extraction,Text,0.0
extras,Text,0.0
extravagant,Text,0.0
extreme,Text,0.0
extremely difficult,Text,0.0
extremely excited,Text,0.0
extra spending,Text,0.0
extra 200,Text,0.0
extra br,Text,0.0
extra card,Text,0.0
extra cards,Text,0.0
extra cash,Text,0.0
extra credit,Text,0.0
extra cushion,Text,0.0
extra debt,Text,0.0
extra dollars,Text,0.0
extra monthly,Text,0.0
extra expenses,Text,0.0
extra fees,Text,0.0
extra funding,Text,0.0
extra funds,Text,0.0
extra help,Text,0.0
extra hours,Text,0.0
extra income,Text,0.0
extra loan,Text,0.0
extra month,Text,0.0
extra expense,Text,0.0
family vacation,Text,0.0
family want,Text,0.0
family wife,Text,0.0
family work,Text,0.0
family working,Text,0.0
family year,Text,0.0
family years,Text,0.0
famous,Text,0.0
faithful paying,Text,0.0
fan base,Text,0.0
fancy,Text,0.0
fans,Text,0.0
fantastic,Text,0.0
fantastic br,Text,0.0
fantastic credit,Text,0.0
faq,Text,0.0
far able,Text,0.0
far appreciate,Text,0.0
fan,Text,0.0
family plan,Text,0.0
family recently,Text,0.0
family rent,Text,0.0
family responsible,Text,0.0
family reunion,Text,0.0
family right,Text,0.0
family room,Text,0.0
family run,Text,0.0
family save,Text,0.0
family use,Text,0.0
family soon,Text,0.0
family stable,Text,0.0
family start,Text,0.0
family summer,Text,0.0
family thank,Text,0.0
family thanks,Text,0.0
family time,Text,0.0
family trip,Text,0.0
family trying,Text,0.0
family situation,Text,0.0
far let,Text,0.0
far like,Text,0.0
far loan,Text,0.0
far long,Text,0.0
far looking,Text,0.0
far making,Text,0.0
far monthly,Text,0.0
far need,Text,0.0
far pay,Text,0.0
far away,Text,0.0
far questions,Text,0.0
far really,Text,0.0
far thank,Text,0.0
far thanks,Text,0.0
far truly,Text,0.0
far ve,Text,0.0
far year,Text,0.0
fare,Text,0.0
fargo,Text,0.0
far paying,Text,0.0
far better,Text,0.0
far br,Text,0.0
far credit,Text,0.0
far don,Text,0.0
far employment,Text,0.0
far excited,Text,0.0
far feel,Text,0.0
far funded,Text,0.0
far future,Text,0.0
far know,Text,0.0
far great,Text,0.0
far greatly,Text,0.0
far help,Text,0.0
far helping,Text,0.0
far hope,Text,0.0
far invested,Text,0.0
far investors,Text,0.0
far job,Text,0.0
far just,Text,0.0
far getting,Text,0.0
family better,Text,0.0
family br,Text,0.0
family budget,Text,0.0
family building,Text,0.0
family business,Text,0.0
family car,Text,0.0
family christmas,Text,0.0
family credit,Text,0.0
family debt,Text,0.0
family paying,Text,0.0
family emergencies,Text,0.0
family enjoy,Text,0.0
family excited,Text,0.0
family expenses,Text,0.0
family farm,Text,0.0
family feel,Text,0.0
family finances,Text,0.0
family financial,Text,0.0
family financially,Text,0.0
family doing,Text,0.0
faithfully,Text,0.0
faithfully paid,Text,0.0
faithfully pay,Text,0.0
fall 2010,Text,0.0
fall br,Text,0.0
fall like,Text,0.0
fall semester,Text,0.0
fall winter,Text,0.0
fallen,Text,0.0
family best,Text,0.0
falling,Text,0.0
falling apart,Text,0.0
falls,Text,0.0
familiar,Text,0.0
families,Text,0.0
families br,Text,0.0
families future,Text,0.0
family able,Text,0.0
family appreciate,Text,0.0
fallen hard,Text,0.0
family law,Text,0.0
family live,Text,0.0
family loan,Text,0.0
family looking,Text,0.0
family make,Text,0.0
family man,Text,0.0
family medical,Text,0.0
family member,Text,0.0
family members,Text,0.0
family friend,Text,0.0
family monthly,Text,0.0
family moved,Text,0.0
family need,Text,0.0
family needed,Text,0.0
family needs,Text,0.0
family new,Text,0.0
family owned,Text,0.0
family owns,Text,0.0
family pay,Text,0.0
family money,Text,0.0
family friends,Text,0.0
family future,Text,0.0
family going,Text,0.0
family good,Text,0.0
family great,Text,0.0
family greatly,Text,0.0
family growing,Text,0.0
family hard,Text,0.0
family having,Text,0.0
family just,Text,0.0
family help,Text,0.0
family helping,Text,0.0
family home,Text,0.0
family house,Text,0.0
family illness,Text,0.0
family income,Text,0.0
family incurred,Text,0.0
family issues,Text,0.0
family job,Text,0.0
family health,Text,0.0
don expect,Text,0.0
don feel,Text,0.0
don foresee,Text,0.0
don hesitate,Text,0.0
don hold,Text,0.0
don home,Text,0.0
don intend,Text,0.0
don know,Text,0.0
ensure loan,Text,0.0
don live,Text,0.0
don loan,Text,0.0
don lot,Text,0.0
don major,Text,0.0
don make,Text,0.0
don mind,Text,0.0
don miss,Text,0.0
don money,Text,0.0
don mortgage,Text,0.0
don late,Text,0.0
dollars paying,Text,0.0
dollars savings,Text,0.0
dollars used,Text,0.0
dollars worth,Text,0.0
dollars year,Text,0.0
dollars years,Text,0.0
domain,Text,0.0
don allow,Text,0.0
don anticipate,Text,0.0
don equity,Text,0.0
don br,Text,0.0
don car,Text,0.0
don carry,Text,0.0
don cash,Text,0.0
don credit,Text,0.0
don currently,Text,0.0
don debt,Text,0.0
don drink,Text,0.0
don eat,Text,0.0
don believe,Text,0.0
dont like,Text,0.0
dont make,Text,0.0
dont money,Text,0.0
dont need,Text,0.0
dont pay,Text,0.0
dont plan,Text,0.0
dont use,Text,0.0
dont worry,Text,0.0
donâ,Text,0.0
don need,Text,0.0
door br,Text,0.0
doors,Text,0.0
doors br,Text,0.0
doors windows,Text,0.0
dot,Text,0.0
double,Text,0.0
double digit,Text,0.0
double major,Text,0.0
double minimum,Text,0.0
door,Text,0.0
don pay,Text,0.0
don payment,Text,0.0
don plan,Text,0.0
don problem,Text,0.0
don qualify,Text,0.0
don really,Text,0.0
don rent,Text,0.0
don rsquo,Text,0.0
don spend,Text,0.0
dont know,Text,0.0
don use,Text,0.0
don want,Text,0.0
don way,Text,0.0
don work,Text,0.0
don worry,Text,0.0
donate,Text,0.0
donated,Text,0.0
donations,Text,0.0
dont hesitate,Text,0.0
don think,Text,0.0
dogs,Text,0.0
doing 10,Text,0.0
doing able,Text,0.0
doing allow,Text,0.0
doing away,Text,0.0
doing best,Text,0.0
doing better,Text,0.0
doing br,Text,0.0
dollars pay,Text,0.0
doing debt,Text,0.0
doing extremely,Text,0.0
doing fine,Text,0.0
doing good,Text,0.0
doing great,Text,0.0
doing help,Text,0.0
doing job,Text,0.0
doing just,Text,0.0
doing kitchen,Text,0.0
doing business,Text,0.0
does make,Text,0.0
does offer,Text,0.0
does pay,Text,0.0
does provide,Text,0.0
does qualify,Text,0.0
does reflect,Text,0.0
does work,Text,0.0
doesn,Text,0.0
doesn allow,Text,0.0
dog,Text,0.0
doesn happen,Text,0.0
doesn help,Text,0.0
doesn like,Text,0.0
doesn look,Text,0.0
doesn make,Text,0.0
doesn pay,Text,0.0
doesn qualify,Text,0.0
doesn work,Text,0.0
doesnt,Text,0.0
doesn cover,Text,0.0
doing work,Text,0.0
doing years,Text,0.0
dollar loan,Text,0.0
dollar month,Text,0.0
dollar payment,Text,0.0
dollars allow,Text,0.0
dollars br,Text,0.0
dollars car,Text,0.0
dollars credit,Text,0.0
doing labor,Text,0.0
dollars debt,Text,0.0
dollars feel,Text,0.0
dollars high,Text,0.0
dollars hour,Text,0.0
dollars loan,Text,0.0
dollars lower,Text,0.0
dollars monthly,Text,0.0
dollars need,Text,0.0
dollars paid,Text,0.0
dollars currently,Text,0.0
doing like,Text,0.0
doing little,Text,0.0
doing lower,Text,0.0
doing monthly,Text,0.0
doing need,Text,0.0
doing past,Text,0.0
doing pay,Text,0.0
doing really,Text,0.0
doing reduce,Text,0.0
doing want,Text,0.0
doing repairs,Text,0.0
doing research,Text,0.0
doing right,Text,0.0
doing save,Text,0.0
doing small,Text,0.0
doing thank,Text,0.0
doing time,Text,0.0
doing upgrades,Text,0.0
doing ve,Text,0.0
doing remodeling,Text,0.0
drug,Text,0.0
drugs,Text,0.0
drunk,Text,0.0
drunk driver,Text,0.0
dry,Text,0.0
dry cleaning,Text,0.0
dryer br,Text,0.0
drywall,Text,0.0
double monthly,Text,0.0
dti,Text,0.0
dti ratio,Text,0.0
dual,Text,0.0
dual income,Text,0.0
ducati,Text,0.0
duct,Text,0.0
duct work,Text,0.0
dues,Text,0.0
dues br,Text,0.0
dsl,Text,0.0
driven,Text,0.0
driver,Text,0.0
driver br,Text,0.0
drivers,Text,0.0
drives,Text,0.0
driveway,Text,0.0
driveway br,Text,0.0
driveway repair,Text,0.0
driving,Text,0.0
drowning debt,Text,0.0
drop credit,Text,0.0
drop monthly,Text,0.0
dropped,Text,0.0
dropping,Text,0.0
drops,Text,0.0
drought,Text,0.0
drove,Text,0.0
drown,Text,0.0
drowning,Text,0.0
drop,Text,0.0
eacute getting,Text,0.0
eager,Text,0.0
eager pay,Text,0.0
eagerly,Text,0.0
earlier,Text,0.0
earlier br,Text,0.0
earlier date,Text,0.0
earlier expected,Text,0.0
earlier pay,Text,0.0
dug,Text,0.0
earlier planned,Text,0.0
earlier year,Text,0.0
earlier years,Text,0.0
earliest,Text,0.0
early 2012,Text,0.0
early age,Text,0.0
early br,Text,0.0
early budget,Text,0.0
early credit,Text,0.0
earlier payoff,Text,0.0
dug hole,Text,0.0
dumb,Text,0.0
dump,Text,0.0
duplex,Text,0.0
duration loan,Text,0.0
dust,Text,0.0
duties,Text,0.0
duty,Text,0.0
duty air,Text,0.0
eacute,Text,0.0
duty military,Text,0.0
duty navy,Text,0.0
duty service,Text,0.0
dvd,Text,0.0
dvd kiosk,Text,0.0
dvd rental,Text,0.0
dvds,Text,0.0
dying,Text,0.0
dynamics,Text,0.0
duty army,Text,0.0
downtown,Text,0.0
downturn,Text,0.0
downturn br,Text,0.0
downturn economy,Text,0.0
downturn housing,Text,0.0
dozen,Text,0.0
dr,Text,0.0
dr bills,Text,0.0
draft,Text,0.0
drive work,Text,0.0
drafted account,Text,0.0
drag,Text,0.0
dragging,Text,0.0
drain,Text,0.0
drainage,Text,0.0
drained,Text,0.0
drained savings,Text,0.0
draining,Text,0.0
drama,Text,0.0
drafted,Text,0.0
double payment,Text,0.0
double payments,Text,0.0
double rate,Text,0.0
double triple,Text,0.0
doubling,Text,0.0
doubt,Text,0.0
doubts,Text,0.0
dow,Text,0.0
downfall,Text,0.0
downtime,Text,0.0
downpayment br,Text,0.0
downpayment home,Text,0.0
downpayment house,Text,0.0
downs,Text,0.0
downsize,Text,0.0
downsized,Text,0.0
downsizing,Text,0.0
downsizing br,Text,0.0
downstairs,Text,0.0
downpayment,Text,0.0
dreamed,Text,0.0
dreams,Text,0.0
dreams br,Text,0.0
dreams come,Text,0.0
dreams reality,Text,0.0
dreams thank,Text,0.0
dresser,Text,0.0
dresses,Text,0.0
drew,Text,0.0
dramatically,Text,0.0
drink,Text,0.0
drinking,Text,0.0
drinking water,Text,0.0
drinks,Text,0.0
drive,Text,0.0
drive car,Text,0.0
drive truck,Text,0.0
drive vehicle,Text,0.0
drive way,Text,0.0
drilling,Text,0.0
dramatically br,Text,0.0
dramatically increased,Text,0.0
drastic,Text,0.0
drastically,Text,0.0
drastically reduce,Text,0.0
draw,Text,0.0
drawing,Text,0.0
drawn,Text,0.0
dreaded,Text,0.0
dream wedding,Text,0.0
dream car,Text,0.0
dream debt,Text,0.0
dream home,Text,0.0
dream house,Text,0.0
dream job,Text,0.0
dream owning,Text,0.0
dream pay,Text,0.0
dream reality,Text,0.0
dream vacation,Text,0.0
dream br,Text,0.0
different br,Text,0.0
different car,Text,0.0
different card,Text,0.0
different cards,Text,0.0
different companies,Text,0.0
different company,Text,0.0
different creditors,Text,0.0
different dates,Text,0.0
does include,Text,0.0
different debts,Text,0.0
different job,Text,0.0
different lenders,Text,0.0
different loans,Text,0.0
different ones,Text,0.0
different payment,Text,0.0
different payments,Text,0.0
different places,Text,0.0
different rates,Text,0.0
different days,Text,0.0
didn think,Text,0.0
didn work,Text,0.0
didnt,Text,0.0
didnt know,Text,0.0
didnâ,Text,0.0
die,Text,0.0
died,Text,0.0
diego ca,Text,0.0
diesel,Text,0.0
different bills,Text,0.0
difference br,Text,0.0
difference life,Text,0.0
difference loan,Text,0.0
difference pay,Text,0.0
difference paying,Text,0.0
different accounts,Text,0.0
different amounts,Text,0.0
different apr,Text,0.0
different banks,Text,0.0
difference,Text,0.0
difficulties,Text,0.0
difficulty br,Text,0.0
difficulty paying,Text,0.0
digging,Text,0.0
digit,Text,0.0
digital,Text,0.0
dignity,Text,0.0
dilapidated,Text,0.0
diligence,Text,0.0
different state,Text,0.0
diligent paying,Text,0.0
diligently,Text,0.0
diligently pay,Text,0.0
diligently paying,Text,0.0
dime,Text,0.0
diner,Text,0.0
ding,Text,0.0
ding credit,Text,0.0
dings,Text,0.0
diligent,Text,0.0
different states,Text,0.0
different times,Text,0.0
different types,Text,0.0
different vehicle,Text,0.0
difficult,Text,0.0
difficult ahead,Text,0.0
difficult br,Text,0.0
difficult come,Text,0.0
difficult credit,Text,0.0
difficult work,Text,0.0
difficult economy,Text,0.0
difficult financial,Text,0.0
difficult loan,Text,0.0
difficult make,Text,0.0
difficult manage,Text,0.0
difficult pay,Text,0.0
difficult situation,Text,0.0
difficult time,Text,0.0
difficult times,Text,0.0
difficult economic,Text,0.0
determined rid,Text,0.0
detroit,Text,0.0
developed,Text,0.0
developed debt,Text,0.0
developers,Text,0.0
developing,Text,0.0
development,Text,0.0
development br,Text,0.0
didn rsquo,Text,0.0
development company,Text,0.0
development team,Text,0.0
developmental,Text,0.0
device,Text,0.0
device company,Text,0.0
devices,Text,0.0
devote,Text,0.0
devoted,Text,0.0
diabetes,Text,0.0
development business,Text,0.0
destination,Text,0.0
destination wedding,Text,0.0
destroy,Text,0.0
destroy credit,Text,0.0
destroyed,Text,0.0
destroyed credit,Text,0.0
det,Text,0.0
detailed,Text,0.0
detailed budget,Text,0.0
determined pay,Text,0.0
detailing,Text,0.0
details,Text,0.0
details br,Text,0.0
details loan,Text,0.0
determination,Text,0.0
determine,Text,0.0
determined,Text,0.0
determined credit,Text,0.0
determined debt,Text,0.0
detailed monthly,Text,0.0
did math,Text,0.0
did mention,Text,0.0
did money,Text,0.0
did pay,Text,0.0
did qualify,Text,0.0
did realize,Text,0.0
did receive,Text,0.0
did research,Text,0.0
did time,Text,0.0
diabetic,Text,0.0
did want,Text,0.0
did work,Text,0.0
didn cover,Text,0.0
didn make,Text,0.0
didn need,Text,0.0
didn pay,Text,0.0
didn qualify,Text,0.0
didn realize,Text,0.0
didn really,Text,0.0
did use,Text,0.0
diagnosed,Text,0.0
diagnosed cancer,Text,0.0
diagnostic,Text,0.0
diagnostics,Text,0.0
diamond,Text,0.0
diamond engagement,Text,0.0
diamond ring,Text,0.0
diapers,Text,0.0
did br,Text,0.0
did make,Text,0.0
did cash,Text,0.0
did come,Text,0.0
did cover,Text,0.0
did credit,Text,0.0
did expect,Text,0.0
did home,Text,0.0
did include,Text,0.0
did incur,Text,0.0
did know,Text,0.0
did budget,Text,0.0
distressed properties,Text,0.0
distribute,Text,0.0
distributed,Text,0.0
distributing,Text,0.0
distribution,Text,0.0
distributor,Text,0.0
distributors,Text,0.0
distributorship,Text,0.0
dining,Text,0.0
district br,Text,0.0
districts,Text,0.0
ditch,Text,0.0
dive,Text,0.0
diverse,Text,0.0
diversified,Text,0.0
diversify,Text,0.0
diversify credit,Text,0.0
divert,Text,0.0
district,Text,0.0
dispatcher,Text,0.0
dispersed,Text,0.0
display,Text,0.0
displays,Text,0.0
disposable,Text,0.0
disposable income,Text,0.0
dispose,Text,0.0
dispute,Text,0.0
disputed,Text,0.0
distressed,Text,0.0
disregard,Text,0.0
disrepair,Text,0.0
dissapointed,Text,0.0
dissertation,Text,0.0
dissolved,Text,0.0
distance,Text,0.0
distant,Text,0.0
distant future,Text,0.0
distress,Text,0.0
disputing,Text,0.0
doctoral,Text,0.0
doctoral degree,Text,0.0
doctorate,Text,0.0
doctorate degree,Text,0.0
doctors office,Text,0.0
document,Text,0.0
documentation,Text,0.0
documented,Text,0.0
documents,Text,0.0
divided,Text,0.0
dodge,Text,0.0
dodge dakota,Text,0.0
dodge ram,Text,0.0
does,Text,0.0
does allow,Text,0.0
does cover,Text,0.0
does credit,Text,0.0
does good,Text,0.0
does help,Text,0.0
dod,Text,0.0
dividend,Text,0.0
division,Text,0.0
division company,Text,0.0
divorce,Text,0.0
divorce br,Text,0.0
divorce credit,Text,0.0
divorce loan,Text,0.0
divorce need,Text,0.0
divorce settlement,Text,0.0
doctor visits,Text,0.0
divorced,Text,0.0
divorced years,Text,0.0
diy,Text,0.0
dj,Text,0.0
dmv,Text,0.0
doable,Text,0.0
doc,Text,0.0
doctor,Text,0.0
doctor bills,Text,0.0
divorce years,Text,0.0
directly pay,Text,0.0
directly paying,Text,0.0
director,Text,0.0
director operations,Text,0.0
director sales,Text,0.0
directors,Text,0.0
dirt,Text,0.0
disabilities,Text,0.0
disability insurance,Text,0.0
disorder,Text,0.0
disabled,Text,0.0
disabled veteran,Text,0.0
disappoint,Text,0.0
disappoint br,Text,0.0
disappointed,Text,0.0
disappointed br,Text,0.0
disappointed thank,Text,0.0
disappointing,Text,0.0
disaster,Text,0.0
disability payments,Text,0.0
dining room,Text,0.0
dinner,Text,0.0
dinners,Text,0.0
dip,Text,0.0
dip savings,Text,0.0
diploma,Text,0.0
dipping,Text,0.0
dire,Text,0.0
dire need,Text,0.0
directly credit,Text,0.0
direct deposited,Text,0.0
direct merchants,Text,0.0
directed,Text,0.0
direction,Text,0.0
direction br,Text,0.0
directions,Text,0.0
directly,Text,0.0
directly bank,Text,0.0
directly checking,Text,0.0
direct debit,Text,0.0
discover cc,Text,0.0
discover credit,Text,0.0
discover loan,Text,0.0
discover personal,Text,0.0
discover visa,Text,0.0
discovercard,Text,0.0
discovered lending,Text,0.0
discovery,Text,0.0
discretionary,Text,0.0
disbursed,Text,0.0
discretionary spending,Text,0.0
discuss,Text,0.0
discussed,Text,0.0
discussions,Text,0.0
disease,Text,0.0
dish,Text,0.0
dishwasher,Text,0.0
disney world,Text,0.0
disneyland,Text,0.0
discretionary income,Text,0.0
disc,Text,0.0
discharged,Text,0.0
discipline,Text,0.0
disciplined,Text,0.0
disclose,Text,0.0
disclosed,Text,0.0
disclosure,Text,0.0
discontinue,Text,0.0
discontinue use,Text,0.0
discover cards,Text,0.0
discounted,Text,0.0
discounts,Text,0.0
discouraging,Text,0.0
discover 000,Text,0.0
discover balance,Text,0.0
discover bank,Text,0.0
discover br,Text,0.0
discover capital,Text,0.0
discover card,Text,0.0
discount,Text,0.0
employer 12,Text,0.0
employer 13,Text,0.0
employer 14,Text,0.0
employer 15,Text,0.0
employer 16,Text,0.0
employer 17,Text,0.0
employer 18,Text,0.0
employer 19,Text,0.0
early goal,Text,0.0
employer 22,Text,0.0
employer 23,Text,0.0
employer 25,Text,0.0
employer br,Text,0.0
employer close,Text,0.0
employer good,Text,0.0
employer job,Text,0.0
employer just,Text,0.0
employer moving,Text,0.0
employer 20,Text,0.0
employee company,Text,0.0
employee current,Text,0.0
employee federal,Text,0.0
employee great,Text,0.0
employee gs,Text,0.0
employee job,Text,0.0
employee large,Text,0.0
employee past,Text,0.0
employee stable,Text,0.0
employer 11,Text,0.0
employee time,Text,0.0
employee work,Text,0.0
employee years,Text,0.0
employeed company,Text,0.0
employees,Text,0.0
employees br,Text,0.0
employees time,Text,0.0
employement,Text,0.0
employer 10,Text,0.0
employee stock,Text,0.0
employment excellent,Text,0.0
employment extremely,Text,0.0
employment financial,Text,0.0
employment good,Text,0.0
employment great,Text,0.0
employment health,Text,0.0
employment history,Text,0.0
employment income,Text,0.0
employment information,Text,0.0
employer nearly,Text,0.0
employment large,Text,0.0
employment looking,Text,0.0
employment monthly,Text,0.0
employment opportunities,Text,0.0
employment past,Text,0.0
employment pay,Text,0.0
employment position,Text,0.0
employment record,Text,0.0
employment secure,Text,0.0
employment job,Text,0.0
employer paid,Text,0.0
employer past,Text,0.0
employer pays,Text,0.0
employer position,Text,0.0
employer seven,Text,0.0
employer stable,Text,0.0
employer time,Text,0.0
employer year,Text,0.0
employer years,Text,0.0
employment employer,Text,0.0
employers,Text,0.0
employment 10,Text,0.0
employment 12,Text,0.0
employment 13,Text,0.0
employment 20,Text,0.0
employment br,Text,0.0
employment company,Text,0.0
employment credit,Text,0.0
employment current,Text,0.0
employer yrs,Text,0.0
employed 12,Text,0.0
employed 13,Text,0.0
employed 14,Text,0.0
employed 15,Text,0.0
employed 16,Text,0.0
employed 17,Text,0.0
employed 20,Text,0.0
employed 25,Text,0.0
employee br,Text,0.0
employed agency,Text,0.0
employed bank,Text,0.0
employed br,Text,0.0
employed business,Text,0.0
employed college,Text,0.0
employed company,Text,0.0
employed continuously,Text,0.0
employed current,Text,0.0
employed department,Text,0.0
employed 30,Text,0.0
emergency medical,Text,0.0
emergency money,Text,0.0
emergency need,Text,0.0
emergency needs,Text,0.0
emergency pay,Text,0.0
emergency purposes,Text,0.0
emergency quot,Text,0.0
emergency repairs,Text,0.0
emergency room,Text,0.0
employed 11,Text,0.0
emergency situation,Text,0.0
emergency situations,Text,0.0
emergency use,Text,0.0
emerging,Text,0.0
emotional,Text,0.0
emotionally,Text,0.0
emphasis,Text,0.0
employ,Text,0.0
employed 10,Text,0.0
emergency savings,Text,0.0
employed organization,Text,0.0
employed paid,Text,0.0
employed past,Text,0.0
employed place,Text,0.0
employed plan,Text,0.0
employed present,Text,0.0
employed professional,Text,0.0
employed school,Text,0.0
employed secure,Text,0.0
employed employer,Text,0.0
employed state,Text,0.0
employed teacher,Text,0.0
employed time,Text,0.0
employed web,Text,0.0
employed work,Text,0.0
employed year,Text,0.0
employed years,Text,0.0
employed yrs,Text,0.0
employee,Text,0.0
employed stable,Text,0.0
employed excellent,Text,0.0
employed federal,Text,0.0
employed field,Text,0.0
employed financial,Text,0.0
employed firm,Text,0.0
employed fortune,Text,0.0
employed fulltime,Text,0.0
employed good,Text,0.0
employed government,Text,0.0
employed nearly,Text,0.0
employed high,Text,0.0
employed hospital,Text,0.0
employed industry,Text,0.0
employed job,Text,0.0
employed large,Text,0.0
employed largest,Text,0.0
employed local,Text,0.0
employed major,Text,0.0
employed military,Text,0.0
employed healthcare,Text,0.0
enforcement officer,Text,0.0
engaged,Text,0.0
engaged like,Text,0.0
engagement wedding,Text,0.0
engaging,Text,0.0
engagment,Text,0.0
engagment ring,Text,0.0
engine,Text,0.0
employment situation,Text,0.0
engine car,Text,0.0
engineer,Text,0.0
engineer br,Text,0.0
engineer company,Text,0.0
engineer stable,Text,0.0
engineer working,Text,0.0
engineer years,Text,0.0
engineering,Text,0.0
engineering company,Text,0.0
engine br,Text,0.0
ended taking,Text,0.0
ended using,Text,0.0
ending,Text,0.0
ending credit,Text,0.0
ending cycle,Text,0.0
ending date,Text,0.0
endless,Text,0.0
ends br,Text,0.0
endure,Text,0.0
enforcement,Text,0.0
energy,Text,0.0
energy bills,Text,0.0
energy br,Text,0.0
energy company,Text,0.0
energy costs,Text,0.0
energy efficiency,Text,0.0
energy efficient,Text,0.0
energy saving,Text,0.0
energy sector,Text,0.0
enduring,Text,0.0
enjoying life,Text,0.0
enjoyment,Text,0.0
enjoys,Text,0.0
enlisted,Text,0.0
enlistment,Text,0.0
enormous,Text,0.0
enroll,Text,0.0
enrolled,Text,0.0
enrolled college,Text,0.0
engineering degree,Text,0.0
enrolling,Text,0.0
enrollment,Text,0.0
ensure,Text,0.0
ensure able,Text,0.0
ensure bills,Text,0.0
ensure credit,Text,0.0
ensure debt,Text,0.0
ensure financial,Text,0.0
ensure good,Text,0.0
enrolled time,Text,0.0
engineering field,Text,0.0
engineering firm,Text,0.0
engineers,Text,0.0
engines,Text,0.0
england,Text,0.0
english,Text,0.0
enhance,Text,0.0
enhance credit,Text,0.0
enhanced,Text,0.0
enjoying,Text,0.0
enjoy br,Text,0.0
enjoy doing,Text,0.0
enjoy job,Text,0.0
enjoy life,Text,0.0
enjoy time,Text,0.0
enjoy work,Text,0.0
enjoy working,Text,0.0
enjoyable,Text,0.0
enjoyed,Text,0.0
enjoy,Text,0.0
enable debt,Text,0.0
enable finally,Text,0.0
enable lower,Text,0.0
enable make,Text,0.0
enable purchase,Text,0.0
enable reach,Text,0.0
enable save,Text,0.0
enables,Text,0.0
enables pay,Text,0.0
ended having,Text,0.0
enabling pay,Text,0.0
enacted,Text,0.0
enclosed,Text,0.0
encountered,Text,0.0
encourage,Text,0.0
encouraged,Text,0.0
encouraging,Text,0.0
end 2008,Text,0.0
end 2010,Text,0.0
enabling,Text,0.0
employment solid,Text,0.0
employment stable,Text,0.0
employment state,Text,0.0
employment status,Text,0.0
employment steady,Text,0.0
employment thank,Text,0.0
employment time,Text,0.0
employment ve,Text,0.0
employment verification,Text,0.0
enable credit,Text,0.0
employment worked,Text,0.0
employment year,Text,0.0
employment years,Text,0.0
emplyed,Text,0.0
emplyment,Text,0.0
emt,Text,0.0
en,Text,0.0
enable better,Text,0.0
enable consolidate,Text,0.0
employment work,Text,0.0
end payments,Text,0.0
end result,Text,0.0
end saving,Text,0.0
end september,Text,0.0
end site,Text,0.0
end summer,Text,0.0
end term,Text,0.0
end time,Text,0.0
end using,Text,0.0
end 2011,Text,0.0
end year,Text,0.0
end years,Text,0.0
endeavor,Text,0.0
endeavor br,Text,0.0
endeavors,Text,0.0
endeavors br,Text,0.0
ended,Text,0.0
ended costing,Text,0.0
ended credit,Text,0.0
end week,Text,0.0
end 2012,Text,0.0
end 2013,Text,0.0
end august,Text,0.0
end bonus,Text,0.0
end br,Text,0.0
end business,Text,0.0
end day,Text,0.0
end december,Text,0.0
end february,Text,0.0
end paying,Text,0.0
end high,Text,0.0
end january,Text,0.0
end july,Text,0.0
end june,Text,0.0
end lease,Text,0.0
end loan,Text,0.0
end march,Text,0.0
end month,Text,0.0
end november,Text,0.0
end goal,Text,0.0
east,Text,0.0
east coast,Text,0.0
eastern,Text,0.0
easy affordable,Text,0.0
easy br,Text,0.0
easy loan,Text,0.0
easy low,Text,0.0
easy make,Text,0.0
emergency loan,Text,0.0
easy manageable,Text,0.0
easy money,Text,0.0
easy monthly,Text,0.0
easy pay,Text,0.0
easy payments,Text,0.0
easy process,Text,0.0
easy repay,Text,0.0
easy track,Text,0.0
easy use,Text,0.0
easy manage,Text,0.0
easier way,Text,0.0
easiest,Text,0.0
easiest way,Text,0.0
easily afford,Text,0.0
easily affordable,Text,0.0
easily allow,Text,0.0
easily br,Text,0.0
easily budget,Text,0.0
easily cover,Text,0.0
easily repay,Text,0.0
easily fits,Text,0.0
easily handle,Text,0.0
easily manage,Text,0.0
easily manageable,Text,0.0
easily managed,Text,0.0
easily meet,Text,0.0
easily monthly,Text,0.0
easily paid,Text,0.0
easily pay,Text,0.0
easily fit,Text,0.0
economic situation,Text,0.0
economic times,Text,0.0
economical,Text,0.0
economically,Text,0.0
economics,Text,0.0
economy bad,Text,0.0
economy br,Text,0.0
economy business,Text,0.0
economy credit,Text,0.0
easy way,Text,0.0
economy loan,Text,0.0
economy people,Text,0.0
economy thank,Text,0.0
economy thanks,Text,0.0
economy took,Text,0.0
economy want,Text,0.0
economy way,Text,0.0
economy went,Text,0.0
ect,Text,0.0
economy job,Text,0.0
easyer,Text,0.0
eat,Text,0.0
eaten,Text,0.0
eating,Text,0.0
eats,Text,0.0
ebay,Text,0.0
ebay amazon,Text,0.0
ebay br,Text,0.0
ebay business,Text,0.0
economic recession,Text,0.0
eco,Text,0.0
eco friendly,Text,0.0
ecommerce,Text,0.0
economic climate,Text,0.0
economic conditions,Text,0.0
economic crisis,Text,0.0
economic downturn,Text,0.0
economic environment,Text,0.0
economic hardship,Text,0.0
ebay store,Text,0.0
early thank,Text,0.0
early thanks,Text,0.0
early time,Text,0.0
early using,Text,0.0
early ve,Text,0.0
early withdrawal,Text,0.0
early year,Text,0.0
earmarked,Text,0.0
easier track,Text,0.0
earn 000,Text,0.0
earn additional,Text,0.0
earn br,Text,0.0
earn extra,Text,0.0
earn good,Text,0.0
earn great,Text,0.0
earn higher,Text,0.0
earn money,Text,0.0
earned,Text,0.0
earn,Text,0.0
early job,Text,0.0
early july,Text,0.0
early just,Text,0.0
early late,Text,0.0
early life,Text,0.0
early like,Text,0.0
early loan,Text,0.0
early making,Text,0.0
early month,Text,0.0
early stable,Text,0.0
early pay,Text,0.0
early paying,Text,0.0
early payment,Text,0.0
early payments,Text,0.0
early payoff,Text,0.0
early plan,Text,0.0
early possible,Text,0.0
early retirement,Text,0.0
early save,Text,0.0
early monthly,Text,0.0
easier debt,Text,0.0
easier family,Text,0.0
easier faster,Text,0.0
easier handle,Text,0.0
easier help,Text,0.0
easier just,Text,0.0
easier loan,Text,0.0
easier lower,Text,0.0
easier maintain,Text,0.0
earned income,Text,0.0
easier making,Text,0.0
easier manage,Text,0.0
easier monthly,Text,0.0
easier paying,Text,0.0
easier payment,Text,0.0
easier payments,Text,0.0
easier payoff,Text,0.0
easier save,Text,0.0
easier thank,Text,0.0
easier make,Text,0.0
earned money,Text,0.0
earner household,Text,0.0
earning,Text,0.0
earning potential,Text,0.0
earnings,Text,0.0
earnings br,Text,0.0
earns,Text,0.0
earth,Text,0.0
ease br,Text,0.0
easier consolidate,Text,0.0
ease concerns,Text,0.0
ease financial,Text,0.0
ease mind,Text,0.0
ease monthly,Text,0.0
ease paying,Text,0.0
ease payment,Text,0.0
ease use,Text,0.0
easier allow,Text,0.0
easier budget,Text,0.0
ease burden,Text,0.0
elementary school,Text,0.0
elementary teacher,Text,0.0
elements,Text,0.0
eligible,Text,0.0
eliminate bills,Text,0.0
eliminate cards,Text,0.0
eliminate cc,Text,0.0
eliminate consumer,Text,0.0
ect br,Text,0.0
eliminate current,Text,0.0
eliminate debts,Text,0.0
eliminate high,Text,0.0
eliminate higher,Text,0.0
eliminate large,Text,0.0
eliminate monthly,Text,0.0
eliminate multiple,Text,0.0
eliminate outstanding,Text,0.0
eliminate paying,Text,0.0
eliminate credit,Text,0.0
electric utility,Text,0.0
electric water,Text,0.0
electrical,Text,0.0
electrical engineer,Text,0.0
electrical engineering,Text,0.0
electrical panel,Text,0.0
electrical plumbing,Text,0.0
electrical repairs,Text,0.0
electrical work,Text,0.0
elementary,Text,0.0
electricity,Text,0.0
electricity br,Text,0.0
electricity gas,Text,0.0
electronic,Text,0.0
electronic medical,Text,0.0
electronic payment,Text,0.0
electronically,Text,0.0
electronics,Text,0.0
element,Text,0.0
electrician,Text,0.0
email questions,Text,0.0
email thank,Text,0.0
email verified,Text,0.0
emailed,Text,0.0
emails,Text,0.0
embarking,Text,0.0
embarrassing,Text,0.0
emergencies loan,Text,0.0
emergencies thank,Text,0.0
eliminate payment,Text,0.0
emergency car,Text,0.0
emergency cash,Text,0.0
emergency credit,Text,0.0
emergency dental,Text,0.0
emergency expenses,Text,0.0
emergency family,Text,0.0
emergency fund,Text,0.0
emergency funds,Text,0.0
emergency home,Text,0.0
emergency br,Text,0.0
eliminate payments,Text,0.0
eliminate remaining,Text,0.0
eliminate unsecured,Text,0.0
eliminate years,Text,0.0
eliminated,Text,0.0
eliminated br,Text,0.0
eliminates,Text,0.0
eliminating credit,Text,0.0
eliminating high,Text,0.0
email loan,Text,0.0
elimination br,Text,0.0
elimination high,Text,0.0
elimination plan,Text,0.0
elminate,Text,0.0
email,Text,0.0
email address,Text,0.0
email bank,Text,0.0
email br,Text,0.0
email lending,Text,0.0
elimination,Text,0.0
education teacher,Text,0.0
education thank,Text,0.0
education years,Text,0.0
educational,Text,0.0
educational expenses,Text,0.0
educational purposes,Text,0.0
educations,Text,0.0
educator,Text,0.0
effect credit,Text,0.0
electric phone,Text,0.0
effected,Text,0.0
effective rate,Text,0.0
effective way,Text,0.0
effectively,Text,0.0
effectively br,Text,0.0
effectively efficiently,Text,0.0
effects,Text,0.0
efficient,Text,0.0
efficient appliances,Text,0.0
effect debt,Text,0.0
ed,Text,0.0
edge,Text,0.0
edit,Text,0.0
editing,Text,0.0
edition,Text,0.0
editor,Text,0.0
educate,Text,0.0
educated,Text,0.0
educated professional,Text,0.0
education pay,Text,0.0
education br,Text,0.0
education credit,Text,0.0
education currently,Text,0.0
education expenses,Text,0.0
education experience,Text,0.0
education field,Text,0.0
education like,Text,0.0
education loan,Text,0.0
education needed,Text,0.0
educating,Text,0.0
el,Text,0.0
elaborate,Text,0.0
elderly,Text,0.0
elderly mother,Text,0.0
elderly parents,Text,0.0
eldest,Text,0.0
elec,Text,0.0
elect,Text,0.0
elected,Text,0.0
efficient br,Text,0.0
elective medical,Text,0.0
elective surgery,Text,0.0
electric,Text,0.0
electric 100,Text,0.0
electric 200,Text,0.0
electric 60,Text,0.0
electric br,Text,0.0
electric cable,Text,0.0
electric gas,Text,0.0
elective,Text,0.0
efficient car,Text,0.0
efficient home,Text,0.0
efficient manner,Text,0.0
efficient vehicle,Text,0.0
efficient way,Text,0.0
efficient windows,Text,0.0
efficiently,Text,0.0
efficiently br,Text,0.0
efficiently pay,Text,0.0
eighteen years,Text,0.0
effort consolidate,Text,0.0
effort debt,Text,0.0
effort pay,Text,0.0
efforts,Text,0.0
efforts br,Text,0.0
efforts pay,Text,0.0
eft,Text,0.0
egg br,Text,0.0
eighteen,Text,0.0
efficiently possible,Text,0.0
